model,cohort,ID,y_true,y_prob
MLP,train,DEMO001,0,4.649868648449117e-06
MLP,train,DEMO002,1,0.9999377814191593
MLP,train,DEMO003,1,0.9766288488106692
MLP,train,DEMO004,0,7.411317874203097e-06
MLP,train,DEMO005,0,0.00039553922077817215
MLP,train,DEMO006,1,0.987052886725283
MLP,train,DEMO007,1,0.9682963560526477
MLP,train,DEMO008,1,0.9928157062837579
MLP,train,DEMO009,1,0.9998259499437498
MLP,train,DEMO010,0,3.660714410427677e-10
MLP,train,DEMO011,0,6.087239270051505e-05
MLP,train,DEMO012,1,0.9478262083913056
MLP,train,DEMO013,1,0.988693504754142
MLP,train,DEMO014,0,2.2400538974859825e-06
MLP,train,DEMO015,0,0.002968484445096943
MLP,train,DEMO016,1,0.9910607293149821
MLP,train,DEMO017,0,0.004720538727026904
MLP,train,DEMO018,0,0.0005239972628483264
MLP,train,DEMO019,0,3.0508178339929354e-07
MLP,train,DEMO020,0,3.4571193947037403e-09
MLP,train,DEMO021,0,0.005116853676124701
MLP,train,DEMO022,1,0.9900558438858644
MLP,train,DEMO023,0,0.0040704820211365815
MLP,train,DEMO024,0,0.0018272500065011283
MLP,train,DEMO025,1,0.9699342536051396
MLP,train,DEMO026,0,1.5736157329805926e-06
MLP,train,DEMO027,0,0.025734918145007935
MLP,train,DEMO028,0,0.013370945424150899
MLP,train,DEMO029,1,0.9895039655625428
MLP,train,DEMO030,0,5.829562204396196e-05
MLP,train,DEMO031,1,0.9945275926993101
MLP,train,DEMO032,0,0.01430312171967565
MLP,train,DEMO033,0,0.0005848706573423907
MLP,train,DEMO034,0,5.737292399196171e-05
MLP,train,DEMO035,0,0.009363772905694992
MLP,train,DEMO036,0,4.855191255740235e-07
MLP,train,DEMO037,0,0.03131742270112334
MLP,train,DEMO038,1,0.9872369281294221
MLP,train,DEMO039,0,0.0019134158903069173
MLP,train,DEMO040,1,0.9993288434360398
MLP,train,DEMO041,0,0.0009431194562496347
MLP,train,DEMO042,0,2.0809591171662403e-07
MLP,train,DEMO043,0,4.057746805521478e-05
MLP,train,DEMO044,1,0.9996444262447158
MLP,train,DEMO045,0,0.020369356304870016
MLP,train,DEMO046,0,0.0003084093810875017
MLP,train,DEMO047,0,0.011094482150890053
MLP,train,DEMO048,0,7.053939245454865e-07
MLP,train,DEMO049,1,0.9995407822665632
MLP,train,DEMO050,1,0.9900731771502617
MLP,train,DEMO051,0,2.4084843577999117e-07
MLP,train,DEMO052,0,0.002701526533344354
MLP,train,DEMO053,0,0.012271130452688487
MLP,train,DEMO054,1,0.9784156716770109
MLP,train,DEMO055,0,5.888735018211075e-06
MLP,train,DEMO056,0,0.0003097484224769823
MLP,train,DEMO057,0,0.002767856965623668
MLP,train,DEMO058,0,4.7424053491198354e-05
MLP,train,DEMO059,0,0.003821264150823393
MLP,train,DEMO060,0,0.03441676193629612
MLP,train,DEMO061,0,0.003553964526139925
MLP,train,DEMO062,0,0.00028360961876816766
MLP,train,DEMO063,0,0.0006011070918802951
MLP,train,DEMO064,1,0.9996370038594283
MLP,train,DEMO065,0,0.00833567523625118
MLP,train,DEMO066,1,0.999995936545728
MLP,train,DEMO067,0,0.005636524782391337
MLP,train,DEMO068,0,0.002936454050703907
MLP,train,DEMO069,0,0.00518144291281714
MLP,train,DEMO070,0,0.012662099792317718
MLP,train,DEMO071,1,0.9887947362333507
MLP,train,DEMO072,0,0.0009540329473634424
MLP,val,DEMO073,0,2.9049606981275937e-05
MLP,val,DEMO074,0,0.0007070647590564406
MLP,val,DEMO075,1,0.10412823070769389
MLP,val,DEMO076,0,0.42605990276499034
MLP,val,DEMO077,0,0.9474209778841718
MLP,val,DEMO078,0,0.014770143817898297
MLP,val,DEMO079,1,0.27821573664669375
MLP,val,DEMO080,0,0.861937915584546
MLP,val,DEMO081,1,0.5378551239157063
MLP,val,DEMO082,1,0.9999999049211611
MLP,val,DEMO083,0,0.00013577819709703495
MLP,val,DEMO084,0,0.00015390014428155778
MLP,val,DEMO085,1,0.9783563156911866
MLP,val,DEMO086,0,0.0022571129035420592
MLP,val,DEMO087,0,0.9994809190299135
MLP,val,DEMO088,1,0.9811558049744781
MLP,val,DEMO089,0,0.2805696072584224
MLP,val,DEMO090,0,0.9633163763649506
MLP,test1,DEMO091,1,0.09531079018145161
MLP,test1,DEMO092,0,0.0020859095787922736
MLP,test1,DEMO093,0,0.521890594199626
MLP,test1,DEMO094,1,0.9804769994140066
MLP,test1,DEMO095,0,0.006312470176284457
MLP,test1,DEMO096,0,0.9996421094962199
MLP,test1,DEMO097,1,0.0005354271802277099
MLP,test1,DEMO098,0,0.0007140057984860696
MLP,test1,DEMO099,1,0.8039882410109552
MLP,test1,DEMO100,0,0.0022665123685419297
MLP,test1,DEMO101,0,4.428241287577427e-05
MLP,test1,DEMO102,0,0.9826811047201862
MLP,test1,DEMO103,1,0.43021706627787093
MLP,test1,DEMO104,0,0.44723480224926576
MLP,test1,DEMO105,1,0.992297847208968
MLP,test1,DEMO106,1,4.473940168792708e-05
MLP,test1,DEMO107,1,0.022542171159734198
MLP,test1,DEMO108,0,0.3073393683478394
MLP,test2,DEMO109,1,0.00015932034377125342
MLP,test2,DEMO110,0,0.01633573576219566
MLP,test2,DEMO111,0,0.09314447459664814
MLP,test2,DEMO112,1,0.04529001352534917
MLP,test2,DEMO113,1,0.6381667806426939
MLP,test2,DEMO114,1,3.549919413106009e-08
MLP,test2,DEMO115,1,0.0610676200211244
MLP,test2,DEMO116,0,0.9999771261980042
MLP,test2,DEMO117,0,0.4372179385644441
MLP,test2,DEMO118,0,0.8853295876301414
MLP,test2,DEMO119,1,0.9998938686419309
MLP,test2,DEMO120,0,0.7753275106808973
XGBoost,train,DEMO001,0,0.002337426645681262
XGBoost,train,DEMO002,1,0.7559987902641296
XGBoost,train,DEMO003,1,0.8624723553657532
XGBoost,train,DEMO004,0,0.04272628575563431
XGBoost,train,DEMO005,0,0.006773384753614664
XGBoost,train,DEMO006,1,0.9346264600753784
XGBoost,train,DEMO007,1,0.8358741998672485
XGBoost,train,DEMO008,1,0.841999888420105
XGBoost,train,DEMO009,1,0.8697200417518616
XGBoost,train,DEMO010,0,0.009670705534517765
XGBoost,train,DEMO011,0,0.021220367401838303
XGBoost,train,DEMO012,1,0.899905264377594
XGBoost,train,DEMO013,1,0.9081465005874634
XGBoost,train,DEMO014,0,0.006206745747476816
XGBoost,train,DEMO015,0,0.09711629152297974
XGBoost,train,DEMO016,1,0.9389675259590149
XGBoost,train,DEMO017,0,0.0014066650765016675
XGBoost,train,DEMO018,0,0.021919773891568184
XGBoost,train,DEMO019,0,0.011881077662110329
XGBoost,train,DEMO020,0,0.026782961562275887
XGBoost,train,DEMO021,0,0.007506860885769129
XGBoost,train,DEMO022,1,0.9061990976333618
XGBoost,train,DEMO023,0,0.05784851685166359
XGBoost,train,DEMO024,0,0.023240787908434868
XGBoost,train,DEMO025,1,0.8884025812149048
XGBoost,train,DEMO026,0,0.032615453004837036
XGBoost,train,DEMO027,0,0.09636001288890839
XGBoost,train,DEMO028,0,0.07335229218006134
XGBoost,train,DEMO029,1,0.9568261504173279
XGBoost,train,DEMO030,0,0.009189676493406296
XGBoost,train,DEMO031,1,0.9249207973480225
XGBoost,train,DEMO032,0,0.09868844598531723
XGBoost,train,DEMO033,0,0.08433612436056137
XGBoost,train,DEMO034,0,0.01998559944331646
XGBoost,train,DEMO035,0,0.050077542662620544
XGBoost,train,DEMO036,0,0.03793377801775932
XGBoost,train,DEMO037,0,0.0933416485786438
XGBoost,train,DEMO038,1,0.8618566989898682
XGBoost,train,DEMO039,0,0.2120709866285324
XGBoost,train,DEMO040,1,0.9033406972885132
XGBoost,train,DEMO041,0,0.21568886935710907
XGBoost,train,DEMO042,0,0.007433145307004452
XGBoost,train,DEMO043,0,0.053290653973817825
XGBoost,train,DEMO044,1,0.9419307112693787
XGBoost,train,DEMO045,0,0.005705122835934162
XGBoost,train,DEMO046,0,0.011956173926591873
XGBoost,train,DEMO047,0,0.0302752498537302
XGBoost,train,DEMO048,0,0.01375491637736559
XGBoost,train,DEMO049,1,0.957933783531189
XGBoost,train,DEMO050,1,0.8493106961250305
XGBoost,train,DEMO051,0,0.03098803199827671
XGBoost,train,DEMO052,0,0.04375697299838066
XGBoost,train,DEMO053,0,0.001355392625555396
XGBoost,train,DEMO054,1,0.9159190654754639
XGBoost,train,DEMO055,0,0.0028413760010153055
XGBoost,train,DEMO056,0,0.02136434242129326
XGBoost,train,DEMO057,0,0.05821612477302551
XGBoost,train,DEMO058,0,0.007222834508866072
XGBoost,train,DEMO059,0,0.07601508498191833
XGBoost,train,DEMO060,0,0.027436256408691406
XGBoost,train,DEMO061,0,0.2192167490720749
XGBoost,train,DEMO062,0,0.025052493438124657
XGBoost,train,DEMO063,0,0.023165643215179443
XGBoost,train,DEMO064,1,0.9762566089630127
XGBoost,train,DEMO065,0,0.009722134098410606
XGBoost,train,DEMO066,1,0.8415543437004089
XGBoost,train,DEMO067,0,0.03182883560657501
XGBoost,train,DEMO068,0,0.040342945605516434
XGBoost,train,DEMO069,0,0.08994944393634796
XGBoost,train,DEMO070,0,0.10442977398633957
XGBoost,train,DEMO071,1,0.8670939803123474
XGBoost,train,DEMO072,0,0.062084101140499115
XGBoost,val,DEMO073,0,0.004609222058206797
XGBoost,val,DEMO074,0,0.008247580379247665
XGBoost,val,DEMO075,1,0.08991449326276779
XGBoost,val,DEMO076,0,0.24507340788841248
XGBoost,val,DEMO077,0,0.4924202263355255
XGBoost,val,DEMO078,0,0.12179700285196304
XGBoost,val,DEMO079,1,0.027847005054354668
XGBoost,val,DEMO080,0,0.42519012093544006
XGBoost,val,DEMO081,1,0.8897644877433777
XGBoost,val,DEMO082,1,0.8901917338371277
XGBoost,val,DEMO083,0,0.007370111998170614
XGBoost,val,DEMO084,0,0.048264723271131516
XGBoost,val,DEMO085,1,0.760357677936554
XGBoost,val,DEMO086,0,0.49469566345214844
XGBoost,val,DEMO087,0,0.3549658954143524
XGBoost,val,DEMO088,1,0.11493483185768127
XGBoost,val,DEMO089,0,0.32013967633247375
XGBoost,val,DEMO090,0,0.7928443551063538
XGBoost,test1,DEMO091,1,0.7952466011047363
XGBoost,test1,DEMO092,0,0.31637710332870483
XGBoost,test1,DEMO093,0,0.11132504791021347
XGBoost,test1,DEMO094,1,0.9600802659988403
XGBoost,test1,DEMO095,0,0.1383202075958252
XGBoost,test1,DEMO096,0,0.24415834248065948
XGBoost,test1,DEMO097,1,0.008709337562322617
XGBoost,test1,DEMO098,0,0.0206673014909029
XGBoost,test1,DEMO099,1,0.04939820244908333
XGBoost,test1,DEMO100,0,0.05967075377702713
XGBoost,test1,DEMO101,0,0.5270150303840637
XGBoost,test1,DEMO102,0,0.7098818421363831
XGBoost,test1,DEMO103,1,0.09065429866313934
XGBoost,test1,DEMO104,0,0.44691306352615356
XGBoost,test1,DEMO105,1,0.8742893934249878
XGBoost,test1,DEMO106,1,0.21307770907878876
XGBoost,test1,DEMO107,1,0.035760220140218735
XGBoost,test1,DEMO108,0,0.00588118564337492
XGBoost,test2,DEMO109,1,0.8223051428794861
XGBoost,test2,DEMO110,0,0.09816811233758926
XGBoost,test2,DEMO111,0,0.028701553121209145
XGBoost,test2,DEMO112,1,0.08731437474489212
XGBoost,test2,DEMO113,1,0.019224677234888077
XGBoost,test2,DEMO114,1,0.17948582768440247
XGBoost,test2,DEMO115,1,0.01937463879585266
XGBoost,test2,DEMO116,0,0.9147636890411377
XGBoost,test2,DEMO117,0,0.18497136235237122
XGBoost,test2,DEMO118,0,0.37143728137016296
XGBoost,test2,DEMO119,1,0.9323598742485046
XGBoost,test2,DEMO120,0,0.12498416006565094
CatBoost,train,DEMO001,0,0.006906567929991568
CatBoost,train,DEMO002,1,0.9787899046704613
CatBoost,train,DEMO003,1,0.9000416834433405
CatBoost,train,DEMO004,0,0.022470422004291033
CatBoost,train,DEMO005,0,0.024680645940540494
CatBoost,train,DEMO006,1,0.9235711149530692
CatBoost,train,DEMO007,1,0.9142320734660138
CatBoost,train,DEMO008,1,0.9561676089141343
CatBoost,train,DEMO009,1,0.9416812949795105
CatBoost,train,DEMO010,0,0.005635219901371867
CatBoost,train,DEMO011,0,0.007007652011246862
CatBoost,train,DEMO012,1,0.9082106193187678
CatBoost,train,DEMO013,1,0.9548639627199585
CatBoost,train,DEMO014,0,0.004175496080918349
CatBoost,train,DEMO015,0,0.03072127575206349
CatBoost,train,DEMO016,1,0.9651705418482407
CatBoost,train,DEMO017,0,0.013095897259136327
CatBoost,train,DEMO018,0,0.008887628324076625
CatBoost,train,DEMO019,0,0.007059722121633556
CatBoost,train,DEMO020,0,0.005753347045999587
CatBoost,train,DEMO021,0,0.02544401429879745
CatBoost,train,DEMO022,1,0.9461070620759127
CatBoost,train,DEMO023,0,0.013861415976573574
CatBoost,train,DEMO024,0,0.01943143068611187
CatBoost,train,DEMO025,1,0.9499833786120623
CatBoost,train,DEMO026,0,0.017219949052622762
CatBoost,train,DEMO027,0,0.018280328121714266
CatBoost,train,DEMO028,0,0.027748773128243406
CatBoost,train,DEMO029,1,0.94911290513127
CatBoost,train,DEMO030,0,0.006974410933387167
CatBoost,train,DEMO031,1,0.9738345979744226
CatBoost,train,DEMO032,0,0.04638953868818613
CatBoost,train,DEMO033,0,0.005969950465125133
CatBoost,train,DEMO034,0,0.014001318698968928
CatBoost,train,DEMO035,0,0.02232490154997832
CatBoost,train,DEMO036,0,0.01080358731758655
CatBoost,train,DEMO037,0,0.0449695642465783
CatBoost,train,DEMO038,1,0.9749933563240268
CatBoost,train,DEMO039,0,0.026299884534088325
CatBoost,train,DEMO040,1,0.9317332336250788
CatBoost,train,DEMO041,0,0.03218608454578858
CatBoost,train,DEMO042,0,0.0057485381368816155
CatBoost,train,DEMO043,0,0.014918536972447431
CatBoost,train,DEMO044,1,0.9872191668576469
CatBoost,train,DEMO045,0,0.016867589972455195
CatBoost,train,DEMO046,0,0.012396098943699127
CatBoost,train,DEMO047,0,0.04210728429786768
CatBoost,train,DEMO048,0,0.015487140139505192
CatBoost,train,DEMO049,1,0.9873419901109854
CatBoost,train,DEMO050,1,0.9791553013406565
CatBoost,train,DEMO051,0,0.009037057558940118
CatBoost,train,DEMO052,0,0.011921323494384746
CatBoost,train,DEMO053,0,0.013463127843188784
CatBoost,train,DEMO054,1,0.9569191340262925
CatBoost,train,DEMO055,0,0.007514985501137704
CatBoost,train,DEMO056,0,0.00922223422260064
CatBoost,train,DEMO057,0,0.028041099499005614
CatBoost,train,DEMO058,0,0.00956959371313301
CatBoost,train,DEMO059,0,0.017373701818038174
CatBoost,train,DEMO060,0,0.023922839774946466
CatBoost,train,DEMO061,0,0.02594459710472524
CatBoost,train,DEMO062,0,0.00613257024757791
CatBoost,train,DEMO063,0,0.023502319565477877
CatBoost,train,DEMO064,1,0.9820016128279487
CatBoost,train,DEMO065,0,0.010586143728434522
CatBoost,train,DEMO066,1,0.9531231368972587
CatBoost,train,DEMO067,0,0.014430878668534708
CatBoost,train,DEMO068,0,0.019627294761578575
CatBoost,train,DEMO069,0,0.020135972087267192
CatBoost,train,DEMO070,0,0.04057232136782833
CatBoost,train,DEMO071,1,0.9708042339131944
CatBoost,train,DEMO072,0,0.012709462518786838
CatBoost,val,DEMO073,0,0.012651592326933338
CatBoost,val,DEMO074,0,0.1631321967068949
CatBoost,val,DEMO075,1,0.12393164402040224
CatBoost,val,DEMO076,0,0.3152249036889927
CatBoost,val,DEMO077,0,0.25340611569374305
CatBoost,val,DEMO078,0,0.18284776064687436
CatBoost,val,DEMO079,1,0.06292828595658548
CatBoost,val,DEMO080,0,0.7398096099563118
CatBoost,val,DEMO081,1,0.961267219434901
CatBoost,val,DEMO082,1,0.9101594816791381
CatBoost,val,DEMO083,0,0.016698742754947603
CatBoost,val,DEMO084,0,0.05226019114834935
CatBoost,val,DEMO085,1,0.1400571441617207
CatBoost,val,DEMO086,0,0.16165933548124084
CatBoost,val,DEMO087,0,0.34964828339276716
CatBoost,val,DEMO088,1,0.25816274973759307
CatBoost,val,DEMO089,0,0.21504809002057731
CatBoost,val,DEMO090,0,0.8862666007788891
CatBoost,test1,DEMO091,1,0.9512336519078508
CatBoost,test1,DEMO092,0,0.2873172777590759
CatBoost,test1,DEMO093,0,0.060283334103785946
CatBoost,test1,DEMO094,1,0.9332057194603681
CatBoost,test1,DEMO095,0,0.2654614562843537
CatBoost,test1,DEMO096,0,0.5367446131722804
CatBoost,test1,DEMO097,1,0.014599432100418832
CatBoost,test1,DEMO098,0,0.017205236971799893
CatBoost,test1,DEMO099,1,0.02148372182337315
CatBoost,test1,DEMO100,0,0.43757791105996235
CatBoost,test1,DEMO101,0,0.1288651640177788
CatBoost,test1,DEMO102,0,0.6895978522249415
CatBoost,test1,DEMO103,1,0.2440458950192882
CatBoost,test1,DEMO104,0,0.1422884963921161
CatBoost,test1,DEMO105,1,0.9691723095111638
CatBoost,test1,DEMO106,1,0.3111930189804468
CatBoost,test1,DEMO107,1,0.05489687396088613
CatBoost,test1,DEMO108,0,0.022997729002821002
CatBoost,test2,DEMO109,1,0.3617440230308386
CatBoost,test2,DEMO110,0,0.012900937364255894
CatBoost,test2,DEMO111,0,0.052905862506546955
CatBoost,test2,DEMO112,1,0.14224116917578836
CatBoost,test2,DEMO113,1,0.023038657792653912
CatBoost,test2,DEMO114,1,0.061524080239207184
CatBoost,test2,DEMO115,1,0.022725881528434293
CatBoost,test2,DEMO116,0,0.9252560890625621
CatBoost,test2,DEMO117,0,0.15572556023358697
CatBoost,test2,DEMO118,0,0.33939684427558764
CatBoost,test2,DEMO119,1,0.9679232742847944
CatBoost,test2,DEMO120,0,0.28322704693482176
SVM,train,DEMO001,0,0.24996209282887757
SVM,train,DEMO002,1,0.48063554586474183
SVM,train,DEMO003,1,0.3703198947575229
SVM,train,DEMO004,0,0.2650296175905456
SVM,train,DEMO005,0,0.2650106593462853
SVM,train,DEMO006,1,0.3098328474691843
SVM,train,DEMO007,1,0.27970626087223605
SVM,train,DEMO008,1,0.4196261599029625
SVM,train,DEMO009,1,0.47265287656599053
SVM,train,DEMO010,0,0.21924412185511713
SVM,train,DEMO011,0,0.26512230435033723
SVM,train,DEMO012,1,0.27535346626080764
SVM,train,DEMO013,1,0.4000340438495231
SVM,train,DEMO014,0,0.2650129985074093
SVM,train,DEMO015,0,0.2942806485595648
SVM,train,DEMO016,1,0.39480132243204835
SVM,train,DEMO017,0,0.2649912235464743
SVM,train,DEMO018,0,0.25382667741735165
SVM,train,DEMO019,0,0.23127062109829163
SVM,train,DEMO020,0,0.26501721564171027
SVM,train,DEMO021,0,0.2666310103056184
SVM,train,DEMO022,1,0.43936054118921447
SVM,train,DEMO023,0,0.2650648346174017
SVM,train,DEMO024,0,0.2651006749406661
SVM,train,DEMO025,1,0.28332444226869724
SVM,train,DEMO026,0,0.2495511256232146
SVM,train,DEMO027,0,0.3005179789746026
SVM,train,DEMO028,0,0.2808652721680726
SVM,train,DEMO029,1,0.3359129635501453
SVM,train,DEMO030,0,0.2650467362979195
SVM,train,DEMO031,1,0.43753929928096985
SVM,train,DEMO032,0,0.2747799387658104
SVM,train,DEMO033,0,0.26506894117509566
SVM,train,DEMO034,0,0.2496155141205992
SVM,train,DEMO035,0,0.28271461723160113
SVM,train,DEMO036,0,0.2503260264072224
SVM,train,DEMO037,0,0.34496399005537015
SVM,train,DEMO038,1,0.5110421237039882
SVM,train,DEMO039,0,0.26504611831825275
SVM,train,DEMO040,1,0.4539297226340374
SVM,train,DEMO041,0,0.3135390861973747
SVM,train,DEMO042,0,0.24214741868695833
SVM,train,DEMO043,0,0.26506922736724914
SVM,train,DEMO044,1,0.4330736263615654
SVM,train,DEMO045,0,0.2921608016953344
SVM,train,DEMO046,0,0.25899859209823656
SVM,train,DEMO047,0,0.2650600808425397
SVM,train,DEMO048,0,0.2581374383960241
SVM,train,DEMO049,1,0.5108700802244908
SVM,train,DEMO050,1,0.4147707807063216
SVM,train,DEMO051,0,0.265095044622841
SVM,train,DEMO052,0,0.2650467412818006
SVM,train,DEMO053,0,0.26504841369851306
SVM,train,DEMO054,1,0.3060155150383226
SVM,train,DEMO055,0,0.22058171761303327
SVM,train,DEMO056,0,0.2651386303220067
SVM,train,DEMO057,0,0.2735429563877875
SVM,train,DEMO058,0,0.23844550267506215
SVM,train,DEMO059,0,0.26499101794107127
SVM,train,DEMO060,0,0.26510831028693155
SVM,train,DEMO061,0,0.26512348361156807
SVM,train,DEMO062,0,0.2650966270516447
SVM,train,DEMO063,0,0.26510032651755194
SVM,train,DEMO064,1,0.4091935963812758
SVM,train,DEMO065,0,0.24156163230097802
SVM,train,DEMO066,1,0.5366615297056043
SVM,train,DEMO067,0,0.2743707931199004
SVM,train,DEMO068,0,0.26505565948549137
SVM,train,DEMO069,0,0.26754402837852004
SVM,train,DEMO070,0,0.26515538131225813
SVM,train,DEMO071,1,0.384991773644015
SVM,train,DEMO072,0,0.2650447016395511
SVM,val,DEMO073,0,0.22462566619469376
SVM,val,DEMO074,0,0.2688434290607797
SVM,val,DEMO075,1,0.2847288466810199
SVM,val,DEMO076,0,0.31348267109978784
SVM,val,DEMO077,0,0.3643640513256519
SVM,val,DEMO078,0,0.3200200025864824
SVM,val,DEMO079,1,0.278519011350232
SVM,val,DEMO080,0,0.3449880303981278
SVM,val,DEMO081,1,0.3836683625659768
SVM,val,DEMO082,1,0.3723430327490692
SVM,val,DEMO083,0,0.2281612911958001
SVM,val,DEMO084,0,0.25763751879806746
SVM,val,DEMO085,1,0.2980056157350179
SVM,val,DEMO086,0,0.2892625875441394
SVM,val,DEMO087,0,0.43135675387772887
SVM,val,DEMO088,1,0.3613827747227954
SVM,val,DEMO089,0,0.3933931826324164
SVM,val,DEMO090,0,0.3175872892936486
SVM,test1,DEMO091,1,0.3348977493746977
SVM,test1,DEMO092,0,0.24335195230651538
SVM,test1,DEMO093,0,0.3293554958465491
SVM,test1,DEMO094,1,0.3429829191234742
SVM,test1,DEMO095,0,0.38792634447173746
SVM,test1,DEMO096,0,0.39218973692606424
SVM,test1,DEMO097,1,0.253435229456431
SVM,test1,DEMO098,0,0.2992529300691181
SVM,test1,DEMO099,1,0.35306595645394256
SVM,test1,DEMO100,0,0.29213002053292947
SVM,test1,DEMO101,0,0.26755473482087944
SVM,test1,DEMO102,0,0.4469361227748456
SVM,test1,DEMO103,1,0.37515307567635586
SVM,test1,DEMO104,0,0.2955371755921926
SVM,test1,DEMO105,1,0.37829839056929554
SVM,test1,DEMO106,1,0.2930182271531665
SVM,test1,DEMO107,1,0.2673894365233648
SVM,test1,DEMO108,0,0.28380936780319
SVM,test2,DEMO109,1,0.24823247172974247
SVM,test2,DEMO110,0,0.30522133385711253
SVM,test2,DEMO111,0,0.3197165124568598
SVM,test2,DEMO112,1,0.32159249228072095
SVM,test2,DEMO113,1,0.31155884381036875
SVM,test2,DEMO114,1,0.27380947340080924
SVM,test2,DEMO115,1,0.3066744561721452
SVM,test2,DEMO116,0,0.4533070061068841
SVM,test2,DEMO117,0,0.3379298379896765
SVM,test2,DEMO118,0,0.3477884531798853
SVM,test2,DEMO119,1,0.45998023941551996
SVM,test2,DEMO120,0,0.2947019977908423
ExtraTrees,train,DEMO001,0,0.1497000662878286
ExtraTrees,train,DEMO002,1,0.7298311972543303
ExtraTrees,train,DEMO003,1,0.4847134381190973
ExtraTrees,train,DEMO004,0,0.20537470337788147
ExtraTrees,train,DEMO005,0,0.13223336814116163
ExtraTrees,train,DEMO006,1,0.4279146856952754
ExtraTrees,train,DEMO007,1,0.41941330033426205
ExtraTrees,train,DEMO008,1,0.6976091050556388
ExtraTrees,train,DEMO009,1,0.5102673663871735
ExtraTrees,train,DEMO010,0,0.1288939202469541
ExtraTrees,train,DEMO011,0,0.11961219183188383
ExtraTrees,train,DEMO012,1,0.4188508753556818
ExtraTrees,train,DEMO013,1,0.6390004052932327
ExtraTrees,train,DEMO014,0,0.14987212009760412
ExtraTrees,train,DEMO015,0,0.21625350923589817
ExtraTrees,train,DEMO016,1,0.5249858704762267
ExtraTrees,train,DEMO017,0,0.2236792643897292
ExtraTrees,train,DEMO018,0,0.15060005000125548
ExtraTrees,train,DEMO019,0,0.1647810360660909
ExtraTrees,train,DEMO020,0,0.12950686246322543
ExtraTrees,train,DEMO021,0,0.20790885280602509
ExtraTrees,train,DEMO022,1,0.5942922140137065
ExtraTrees,train,DEMO023,0,0.19738555981338168
ExtraTrees,train,DEMO024,0,0.167500587261099
ExtraTrees,train,DEMO025,1,0.4587190514974268
ExtraTrees,train,DEMO026,0,0.19436306077428933
ExtraTrees,train,DEMO027,0,0.20997460551520872
ExtraTrees,train,DEMO028,0,0.24857887794295594
ExtraTrees,train,DEMO029,1,0.46436357446275184
ExtraTrees,train,DEMO030,0,0.1486895300928627
ExtraTrees,train,DEMO031,1,0.6102692754571668
ExtraTrees,train,DEMO032,0,0.2722001372927711
ExtraTrees,train,DEMO033,0,0.15422108852859687
ExtraTrees,train,DEMO034,0,0.18545288088439912
ExtraTrees,train,DEMO035,0,0.2067113017911687
ExtraTrees,train,DEMO036,0,0.20710207638247238
ExtraTrees,train,DEMO037,0,0.28789691436195697
ExtraTrees,train,DEMO038,1,0.8487651795793085
ExtraTrees,train,DEMO039,0,0.1799905916093651
ExtraTrees,train,DEMO040,1,0.551701965849148
ExtraTrees,train,DEMO041,0,0.19418571086182715
ExtraTrees,train,DEMO042,0,0.11053139927183454
ExtraTrees,train,DEMO043,0,0.15656784935193832
ExtraTrees,train,DEMO044,1,0.8062185859318771
ExtraTrees,train,DEMO045,0,0.21223783560479972
ExtraTrees,train,DEMO046,0,0.1971013995469808
ExtraTrees,train,DEMO047,0,0.18520107598588295
ExtraTrees,train,DEMO048,0,0.17611918524909467
ExtraTrees,train,DEMO049,1,0.7798673668229991
ExtraTrees,train,DEMO050,1,0.6199911065579635
ExtraTrees,train,DEMO051,0,0.11256416551426615
ExtraTrees,train,DEMO052,0,0.11536763216593457
ExtraTrees,train,DEMO053,0,0.19621686245999653
ExtraTrees,train,DEMO054,1,0.38205236145296806
ExtraTrees,train,DEMO055,0,0.14683225024487284
ExtraTrees,train,DEMO056,0,0.10075895891467425
ExtraTrees,train,DEMO057,0,0.2324941828680745
ExtraTrees,train,DEMO058,0,0.164484115471637
ExtraTrees,train,DEMO059,0,0.19862318728031975
ExtraTrees,train,DEMO060,0,0.22720470667202008
ExtraTrees,train,DEMO061,0,0.11998366884713528
ExtraTrees,train,DEMO062,0,0.2087437923657034
ExtraTrees,train,DEMO063,0,0.18281942398057624
ExtraTrees,train,DEMO064,1,0.5466233087344698
ExtraTrees,train,DEMO065,0,0.19702988683371336
ExtraTrees,train,DEMO066,1,0.7419485377856238
ExtraTrees,train,DEMO067,0,0.23277078656080377
ExtraTrees,train,DEMO068,0,0.23317986758492226
ExtraTrees,train,DEMO069,0,0.17810709004797257
ExtraTrees,train,DEMO070,0,0.18254032988356347
ExtraTrees,train,DEMO071,1,0.6513029265768838
ExtraTrees,train,DEMO072,0,0.19114978054218595
ExtraTrees,val,DEMO073,0,0.19577267845818488
ExtraTrees,val,DEMO074,0,0.2470668848980495
ExtraTrees,val,DEMO075,1,0.30310220569116697
ExtraTrees,val,DEMO076,0,0.30418994750712597
ExtraTrees,val,DEMO077,0,0.3294022516053495
ExtraTrees,val,DEMO078,0,0.25851810264873637
ExtraTrees,val,DEMO079,1,0.24241332520866735
ExtraTrees,val,DEMO080,0,0.4132969402012019
ExtraTrees,val,DEMO081,1,0.5381153017995117
ExtraTrees,val,DEMO082,1,0.5463810754462928
ExtraTrees,val,DEMO083,0,0.21179480501550163
ExtraTrees,val,DEMO084,0,0.27373769036185486
ExtraTrees,val,DEMO085,1,0.29103857229002283
ExtraTrees,val,DEMO086,0,0.3365672109782183
ExtraTrees,val,DEMO087,0,0.4242492710391135
ExtraTrees,val,DEMO088,1,0.3437923691632968
ExtraTrees,val,DEMO089,0,0.3598209924202882
ExtraTrees,val,DEMO090,0,0.30629739034952047
ExtraTrees,test1,DEMO091,1,0.5845396227045621
ExtraTrees,test1,DEMO092,0,0.25573202566065856
ExtraTrees,test1,DEMO093,0,0.23010689554767907
ExtraTrees,test1,DEMO094,1,0.3725123035824125
ExtraTrees,test1,DEMO095,0,0.4126917722318848
ExtraTrees,test1,DEMO096,0,0.35669691432445494
ExtraTrees,test1,DEMO097,1,0.21807689839440206
ExtraTrees,test1,DEMO098,0,0.23598564160511093
ExtraTrees,test1,DEMO099,1,0.3274649612079768
ExtraTrees,test1,DEMO100,0,0.35864846754777613
ExtraTrees,test1,DEMO101,0,0.30870882983329984
ExtraTrees,test1,DEMO102,0,0.40305772506735577
ExtraTrees,test1,DEMO103,1,0.37487064265143444
ExtraTrees,test1,DEMO104,0,0.2845149534836497
ExtraTrees,test1,DEMO105,1,0.6154578400987626
ExtraTrees,test1,DEMO106,1,0.3619826260124779
ExtraTrees,test1,DEMO107,1,0.27002451910777897
ExtraTrees,test1,DEMO108,0,0.23650125250542564
ExtraTrees,test2,DEMO109,1,0.319905486169422
ExtraTrees,test2,DEMO110,0,0.2534388400753214
ExtraTrees,test2,DEMO111,0,0.2713910010808154
ExtraTrees,test2,DEMO112,1,0.2773906922486546
ExtraTrees,test2,DEMO113,1,0.25263945106437874
ExtraTrees,test2,DEMO114,1,0.28438337447794526
ExtraTrees,test2,DEMO115,1,0.21923032053858185
ExtraTrees,test2,DEMO116,0,0.4159246785625574
ExtraTrees,test2,DEMO117,0,0.31112758231538656
ExtraTrees,test2,DEMO118,0,0.3408293036700931
ExtraTrees,test2,DEMO119,1,0.5938371055683225
ExtraTrees,test2,DEMO120,0,0.3168722253710477
RandomForest,train,DEMO001,0,0.056836637407009456
RandomForest,train,DEMO002,1,0.8096224747474746
RandomForest,train,DEMO003,1,0.6363464817872714
RandomForest,train,DEMO004,0,0.11319621102053046
RandomForest,train,DEMO005,0,0.12011654733943065
RandomForest,train,DEMO006,1,0.6220397764047652
RandomForest,train,DEMO007,1,0.586056058894267
RandomForest,train,DEMO008,1,0.745734126984127
RandomForest,train,DEMO009,1,0.7322408868422029
RandomForest,train,DEMO010,0,0.04274490155216619
RandomForest,train,DEMO011,0,0.09180090405706907
RandomForest,train,DEMO012,1,0.5407434005212031
RandomForest,train,DEMO013,1,0.7638164983164983
RandomForest,train,DEMO014,0,0.04875132334886258
RandomForest,train,DEMO015,0,0.25899970535713573
RandomForest,train,DEMO016,1,0.7518278513862611
RandomForest,train,DEMO017,0,0.06434655484843597
RandomForest,train,DEMO018,0,0.08006742618556117
RandomForest,train,DEMO019,0,0.10964728497233545
RandomForest,train,DEMO020,0,0.07933888218378982
RandomForest,train,DEMO021,0,0.10983303091970732
RandomForest,train,DEMO022,1,0.6622028918936815
RandomForest,train,DEMO023,0,0.09597040969729086
RandomForest,train,DEMO024,0,0.14338716460312487
RandomForest,train,DEMO025,1,0.6450154004489812
RandomForest,train,DEMO026,0,0.15969345755798176
RandomForest,train,DEMO027,0,0.23975236412668352
RandomForest,train,DEMO028,0,0.18083065749827767
RandomForest,train,DEMO029,1,0.6897506343520009
RandomForest,train,DEMO030,0,0.07961594632652311
RandomForest,train,DEMO031,1,0.7185088795220373
RandomForest,train,DEMO032,0,0.22265811324512616
RandomForest,train,DEMO033,0,0.11579304076992195
RandomForest,train,DEMO034,0,0.12529928547806715
RandomForest,train,DEMO035,0,0.1583021854790667
RandomForest,train,DEMO036,0,0.1043663418431725
RandomForest,train,DEMO037,0,0.20510865649944593
RandomForest,train,DEMO038,1,0.8617982456140351
RandomForest,train,DEMO039,0,0.2056574232975322
RandomForest,train,DEMO040,1,0.7293438501556923
RandomForest,train,DEMO041,0,0.2098271554934599
RandomForest,train,DEMO042,0,0.09051589056126261
RandomForest,train,DEMO043,0,0.2006672498009959
RandomForest,train,DEMO044,1,0.8290860990860992
RandomForest,train,DEMO045,0,0.08654324522202686
RandomForest,train,DEMO046,0,0.056810494880580875
RandomForest,train,DEMO047,0,0.1553871214745988
RandomForest,train,DEMO048,0,0.11820553780274055
RandomForest,train,DEMO049,1,0.8426451070858966
RandomForest,train,DEMO050,1,0.7795211165540116
RandomForest,train,DEMO051,0,0.11586966167149235
RandomForest,train,DEMO052,0,0.14489685073169645
RandomForest,train,DEMO053,0,0.06416782866593324
RandomForest,train,DEMO054,1,0.6271410590341941
RandomForest,train,DEMO055,0,0.03580693065366898
RandomForest,train,DEMO056,0,0.1576609589821824
RandomForest,train,DEMO057,0,0.14357483617357092
RandomForest,train,DEMO058,0,0.07704208165889333
RandomForest,train,DEMO059,0,0.15282599792782864
RandomForest,train,DEMO060,0,0.07774711653779078
RandomForest,train,DEMO061,0,0.24739141112087337
RandomForest,train,DEMO062,0,0.10413546876676166
RandomForest,train,DEMO063,0,0.10163255936430912
RandomForest,train,DEMO064,1,0.7930992670137407
RandomForest,train,DEMO065,0,0.07312816991379716
RandomForest,train,DEMO066,1,0.8046503496503496
RandomForest,train,DEMO067,0,0.09696430688770503
RandomForest,train,DEMO068,0,0.14821962527472274
RandomForest,train,DEMO069,0,0.1650420948404931
RandomForest,train,DEMO070,0,0.17213147867685072
RandomForest,train,DEMO071,1,0.7414754454162347
RandomForest,train,DEMO072,0,0.16423731420378937
RandomForest,val,DEMO073,0,0.1689182014530472
RandomForest,val,DEMO074,0,0.2947024525611987
RandomForest,val,DEMO075,1,0.19703022294079972
RandomForest,val,DEMO076,0,0.32469460574299636
RandomForest,val,DEMO077,0,0.447946492883335
RandomForest,val,DEMO078,0,0.3056400418858009
RandomForest,val,DEMO079,1,0.2070331355440111
RandomForest,val,DEMO080,0,0.415985910627215
RandomForest,val,DEMO081,1,0.6474473674473674
RandomForest,val,DEMO082,1,0.6649973544973544
RandomForest,val,DEMO083,0,0.17119353264604903
RandomForest,val,DEMO084,0,0.23268481179597336
RandomForest,val,DEMO085,1,0.49006425710305035
RandomForest,val,DEMO086,0,0.3522408261477542
RandomForest,val,DEMO087,0,0.4810096936241674
RandomForest,val,DEMO088,1,0.272854030631833
RandomForest,val,DEMO089,0,0.3810846938300659
RandomForest,val,DEMO090,0,0.4026776590967658
RandomForest,test1,DEMO091,1,0.6349181096681097
RandomForest,test1,DEMO092,0,0.21154086385899892
RandomForest,test1,DEMO093,0,0.2903770600934847
RandomForest,test1,DEMO094,1,0.4673775153826129
RandomForest,test1,DEMO095,0,0.4856245256245256
RandomForest,test1,DEMO096,0,0.46301602979824397
RandomForest,test1,DEMO097,1,0.1641219165506983
RandomForest,test1,DEMO098,0,0.3163617452722716
RandomForest,test1,DEMO099,1,0.27957507010143634
RandomForest,test1,DEMO100,0,0.37086836813467244
RandomForest,test1,DEMO101,0,0.37448897848091806
RandomForest,test1,DEMO102,0,0.5698048941798942
RandomForest,test1,DEMO103,1,0.46131897006897
RandomForest,test1,DEMO104,0,0.28562602243718394
RandomForest,test1,DEMO105,1,0.667012025012025
RandomForest,test1,DEMO106,1,0.4944744787902683
RandomForest,test1,DEMO107,1,0.18397440815633634
RandomForest,test1,DEMO108,0,0.10829862901378837
RandomForest,test2,DEMO109,1,0.31011191391031206
RandomForest,test2,DEMO110,0,0.1802714135277065
RandomForest,test2,DEMO111,0,0.2322247592563382
RandomForest,test2,DEMO112,1,0.2438116579947235
RandomForest,test2,DEMO113,1,0.21783739984546546
RandomForest,test2,DEMO114,1,0.23365030525213598
RandomForest,test2,DEMO115,1,0.18283270965050064
RandomForest,test2,DEMO116,0,0.6355645095645097
RandomForest,test2,DEMO117,0,0.3122267437918527
RandomForest,test2,DEMO118,0,0.37387164357444597
RandomForest,test2,DEMO119,1,0.6887448292448293
RandomForest,test2,DEMO120,0,0.2323325729765594
RidgeLR,train,DEMO001,0,0.4293447663549408
RidgeLR,train,DEMO002,1,0.35112804448658536
RidgeLR,train,DEMO003,1,0.3678663480970358
RidgeLR,train,DEMO004,0,0.39424865849069124
RidgeLR,train,DEMO005,0,0.40490084087734707
RidgeLR,train,DEMO006,1,0.47717324386354965
RidgeLR,train,DEMO007,1,0.36727280443514815
RidgeLR,train,DEMO008,1,0.5747671981506117
RidgeLR,train,DEMO009,1,0.5648423581660936
RidgeLR,train,DEMO010,0,0.3021710050655451
RidgeLR,train,DEMO011,0,0.4162507681532895
RidgeLR,train,DEMO012,1,0.4585286547598647
RidgeLR,train,DEMO013,1,0.45948676487469564
RidgeLR,train,DEMO014,0,0.34963380814286327
RidgeLR,train,DEMO015,0,0.4811278303516969
RidgeLR,train,DEMO016,1,0.3870162526810575
RidgeLR,train,DEMO017,0,0.4258838679680102
RidgeLR,train,DEMO018,0,0.39879483360747064
RidgeLR,train,DEMO019,0,0.3010133689977487
RidgeLR,train,DEMO020,0,0.3001028402054878
RidgeLR,train,DEMO021,0,0.47205268385644067
RidgeLR,train,DEMO022,1,0.40374189319049025
RidgeLR,train,DEMO023,0,0.4571817600551095
RidgeLR,train,DEMO024,0,0.325850999415309
RidgeLR,train,DEMO025,1,0.3787633832953115
RidgeLR,train,DEMO026,0,0.4186938581013182
RidgeLR,train,DEMO027,0,0.5101306078274233
RidgeLR,train,DEMO028,0,0.543068759218657
RidgeLR,train,DEMO029,1,0.3982557313512075
RidgeLR,train,DEMO030,0,0.3083521602670042
RidgeLR,train,DEMO031,1,0.4799686873003383
RidgeLR,train,DEMO032,0,0.5311643220236937
RidgeLR,train,DEMO033,0,0.4027381480213075
RidgeLR,train,DEMO034,0,0.3433512319211618
RidgeLR,train,DEMO035,0,0.42378653699234975
RidgeLR,train,DEMO036,0,0.3706606048743049
RidgeLR,train,DEMO037,0,0.4098655871274766
RidgeLR,train,DEMO038,1,0.517124155415089
RidgeLR,train,DEMO039,0,0.38937286175617186
RidgeLR,train,DEMO040,1,0.4739721199030324
RidgeLR,train,DEMO041,0,0.39289597195003834
RidgeLR,train,DEMO042,0,0.28573277465245034
RidgeLR,train,DEMO043,0,0.3996929336980702
RidgeLR,train,DEMO044,1,0.37498349092929006
RidgeLR,train,DEMO045,0,0.4417158753289199
RidgeLR,train,DEMO046,0,0.38388129041901714
RidgeLR,train,DEMO047,0,0.4065365400869283
RidgeLR,train,DEMO048,0,0.2714250139201157
RidgeLR,train,DEMO049,1,0.4473460402324855
RidgeLR,train,DEMO050,1,0.6300065553099896
RidgeLR,train,DEMO051,0,0.4188187234735908
RidgeLR,train,DEMO052,0,0.2729135463124677
RidgeLR,train,DEMO053,0,0.3354547213568778
RidgeLR,train,DEMO054,1,0.4134128112263176
RidgeLR,train,DEMO055,0,0.31488010982538206
RidgeLR,train,DEMO056,0,0.35686528667368
RidgeLR,train,DEMO057,0,0.3947039048710453
RidgeLR,train,DEMO058,0,0.41452698359187756
RidgeLR,train,DEMO059,0,0.45255333600683173
RidgeLR,train,DEMO060,0,0.42649080803503203
RidgeLR,train,DEMO061,0,0.21088500882502373
RidgeLR,train,DEMO062,0,0.3680125014592046
RidgeLR,train,DEMO063,0,0.3874914076202394
RidgeLR,train,DEMO064,1,0.44722720683048284
RidgeLR,train,DEMO065,0,0.4169065709596106
RidgeLR,train,DEMO066,1,0.4442654276110113
RidgeLR,train,DEMO067,0,0.32032524699957976
RidgeLR,train,DEMO068,0,0.3773923714940977
RidgeLR,train,DEMO069,0,0.4713782770102053
RidgeLR,train,DEMO070,0,0.3545557174225338
RidgeLR,train,DEMO071,1,0.37816192774807167
RidgeLR,train,DEMO072,0,0.4607795634674039
RidgeLR,val,DEMO073,0,0.37737750600145514
RidgeLR,val,DEMO074,0,0.41165571201531226
RidgeLR,val,DEMO075,1,0.4095608078488767
RidgeLR,val,DEMO076,0,0.4038591568246222
RidgeLR,val,DEMO077,0,0.37302662781368456
RidgeLR,val,DEMO078,0,0.4376772539843519
RidgeLR,val,DEMO079,1,0.3907953984046233
RidgeLR,val,DEMO080,0,0.38567719450587734
RidgeLR,val,DEMO081,1,0.5264108865770616
RidgeLR,val,DEMO082,1,0.29748093218884214
RidgeLR,val,DEMO083,0,0.29177969335596704
RidgeLR,val,DEMO084,0,0.42639220961496915
RidgeLR,val,DEMO085,1,0.32988365364582534
RidgeLR,val,DEMO086,0,0.37096929551562174
RidgeLR,val,DEMO087,0,0.5577101377649184
RidgeLR,val,DEMO088,1,0.5238746119311146
RidgeLR,val,DEMO089,0,0.522404939120085
RidgeLR,val,DEMO090,0,0.4308955115045563
RidgeLR,test1,DEMO091,1,0.45035428476761924
RidgeLR,test1,DEMO092,0,0.41974145007391833
RidgeLR,test1,DEMO093,0,0.35836941987380067
RidgeLR,test1,DEMO094,1,0.42495670957824216
RidgeLR,test1,DEMO095,0,0.5183506687497429
RidgeLR,test1,DEMO096,0,0.44084322200321946
RidgeLR,test1,DEMO097,1,0.37388680551302594
RidgeLR,test1,DEMO098,0,0.25691577529744297
RidgeLR,test1,DEMO099,1,0.5022932777835315
RidgeLR,test1,DEMO100,0,0.2860393857652022
RidgeLR,test1,DEMO101,0,0.2921176304301866
RidgeLR,test1,DEMO102,0,0.33146847565616133
RidgeLR,test1,DEMO103,1,0.5125279832684522
RidgeLR,test1,DEMO104,0,0.36830462800445923
RidgeLR,test1,DEMO105,1,0.39769325481253864
RidgeLR,test1,DEMO106,1,0.5383083380126125
RidgeLR,test1,DEMO107,1,0.4644984510513443
RidgeLR,test1,DEMO108,0,0.42074076694360435
RidgeLR,test2,DEMO109,1,0.3615822398037183
RidgeLR,test2,DEMO110,0,0.3769019760476844
RidgeLR,test2,DEMO111,0,0.4914231953524016
RidgeLR,test2,DEMO112,1,0.43317682561588716
RidgeLR,test2,DEMO113,1,0.4119974493955386
RidgeLR,test2,DEMO114,1,0.36975380852724615
RidgeLR,test2,DEMO115,1,0.3388073647277665
RidgeLR,test2,DEMO116,0,0.3365412188982424
RidgeLR,test2,DEMO117,0,0.4575513087533931
RidgeLR,test2,DEMO118,0,0.5036727273969669
RidgeLR,test2,DEMO119,1,0.30739803958505185
RidgeLR,test2,DEMO120,0,0.46020779401336015
GradientBoosting,train,DEMO001,0,0.013751616914323266
GradientBoosting,train,DEMO002,1,0.9421366698649261
GradientBoosting,train,DEMO003,1,0.713086490881033
GradientBoosting,train,DEMO004,0,0.0468430669659654
GradientBoosting,train,DEMO005,0,0.08816294065831708
GradientBoosting,train,DEMO006,1,0.7638049157034318
GradientBoosting,train,DEMO007,1,0.8111373320177983
GradientBoosting,train,DEMO008,1,0.880483465654401
GradientBoosting,train,DEMO009,1,0.8792753229840875
GradientBoosting,train,DEMO010,0,0.017714636869794537
GradientBoosting,train,DEMO011,0,0.035036802676938365
GradientBoosting,train,DEMO012,1,0.7713626944899179
GradientBoosting,train,DEMO013,1,0.8946248174324544
GradientBoosting,train,DEMO014,0,0.011246652085384857
GradientBoosting,train,DEMO015,0,0.0674066473492678
GradientBoosting,train,DEMO016,1,0.9115453648582517
GradientBoosting,train,DEMO017,0,0.018062381759031288
GradientBoosting,train,DEMO018,0,0.02594371034038395
GradientBoosting,train,DEMO019,0,0.02663878672306882
GradientBoosting,train,DEMO020,0,0.009038561565629698
GradientBoosting,train,DEMO021,0,0.053586454141953635
GradientBoosting,train,DEMO022,1,0.8861816816799952
GradientBoosting,train,DEMO023,0,0.05264994412481679
GradientBoosting,train,DEMO024,0,0.03775239939065989
GradientBoosting,train,DEMO025,1,0.8612628263801508
GradientBoosting,train,DEMO026,0,0.0534034857675279
GradientBoosting,train,DEMO027,0,0.04839453809079923
GradientBoosting,train,DEMO028,0,0.07989397291800512
GradientBoosting,train,DEMO029,1,0.9365747930985776
GradientBoosting,train,DEMO030,0,0.026549641363916743
GradientBoosting,train,DEMO031,1,0.902208520735766
GradientBoosting,train,DEMO032,0,0.14035760503919664
GradientBoosting,train,DEMO033,0,0.03133626674936853
GradientBoosting,train,DEMO034,0,0.05348106489948881
GradientBoosting,train,DEMO035,0,0.08076707127399249
GradientBoosting,train,DEMO036,0,0.029096996214039616
GradientBoosting,train,DEMO037,0,0.1286734093858498
GradientBoosting,train,DEMO038,1,0.946144916095886
GradientBoosting,train,DEMO039,0,0.09366253747489899
GradientBoosting,train,DEMO040,1,0.8434597197487038
GradientBoosting,train,DEMO041,0,0.10646406948050471
GradientBoosting,train,DEMO042,0,0.02474466546794023
GradientBoosting,train,DEMO043,0,0.07636014447908826
GradientBoosting,train,DEMO044,1,0.9933751641835782
GradientBoosting,train,DEMO045,0,0.033428769064351306
GradientBoosting,train,DEMO046,0,0.030765835166898212
GradientBoosting,train,DEMO047,0,0.042791875661001455
GradientBoosting,train,DEMO048,0,0.06815337937143878
GradientBoosting,train,DEMO049,1,0.9749979156320723
GradientBoosting,train,DEMO050,1,0.9712465641116835
GradientBoosting,train,DEMO051,0,0.03180304053404743
GradientBoosting,train,DEMO052,0,0.04362366455755866
GradientBoosting,train,DEMO053,0,0.01946479950653072
GradientBoosting,train,DEMO054,1,0.9073628611630398
GradientBoosting,train,DEMO055,0,0.018911272290510046
GradientBoosting,train,DEMO056,0,0.02817128249031567
GradientBoosting,train,DEMO057,0,0.0724453755601521
GradientBoosting,train,DEMO058,0,0.027729619861884904
GradientBoosting,train,DEMO059,0,0.030508585060753414
GradientBoosting,train,DEMO060,0,0.07169566852208299
GradientBoosting,train,DEMO061,0,0.039255643556346004
GradientBoosting,train,DEMO062,0,0.03747874752478388
GradientBoosting,train,DEMO063,0,0.04539762932289646
GradientBoosting,train,DEMO064,1,0.9200943647225138
GradientBoosting,train,DEMO065,0,0.022546832531614658
GradientBoosting,train,DEMO066,1,0.8844745900720729
GradientBoosting,train,DEMO067,0,0.01712017704662813
GradientBoosting,train,DEMO068,0,0.020163637879051857
GradientBoosting,train,DEMO069,0,0.08882006955681215
GradientBoosting,train,DEMO070,0,0.11731870760039839
GradientBoosting,train,DEMO071,1,0.9521133334967259
GradientBoosting,train,DEMO072,0,0.06788839969866217
GradientBoosting,val,DEMO073,0,0.0664573811804066
GradientBoosting,val,DEMO074,0,0.340532720408242
GradientBoosting,val,DEMO075,1,0.07561278601636741
GradientBoosting,val,DEMO076,0,0.6897260037854154
GradientBoosting,val,DEMO077,0,0.14798390875694772
GradientBoosting,val,DEMO078,0,0.3454723169323075
GradientBoosting,val,DEMO079,1,0.08999945530211341
GradientBoosting,val,DEMO080,0,0.6613961019653105
GradientBoosting,val,DEMO081,1,0.9935713670617692
GradientBoosting,val,DEMO082,1,0.9830497774433439
GradientBoosting,val,DEMO083,0,0.05780909195914113
GradientBoosting,val,DEMO084,0,0.12956409884666625
GradientBoosting,val,DEMO085,1,0.17736038348252595
GradientBoosting,val,DEMO086,0,0.1053124473981365
GradientBoosting,val,DEMO087,0,0.5400608509252246
GradientBoosting,val,DEMO088,1,0.5842768471551282
GradientBoosting,val,DEMO089,0,0.16393012277264143
GradientBoosting,val,DEMO090,0,0.7489100817811083
GradientBoosting,test1,DEMO091,1,0.958116979237228
GradientBoosting,test1,DEMO092,0,0.46949847596932265
GradientBoosting,test1,DEMO093,0,0.17721049175147263
GradientBoosting,test1,DEMO094,1,0.9233895531950581
GradientBoosting,test1,DEMO095,0,0.11939583481976443
GradientBoosting,test1,DEMO096,0,0.5119193377404337
GradientBoosting,test1,DEMO097,1,0.03194189281810494
GradientBoosting,test1,DEMO098,0,0.029787314456251567
GradientBoosting,test1,DEMO099,1,0.10781993582251838
GradientBoosting,test1,DEMO100,0,0.7040362924373336
GradientBoosting,test1,DEMO101,0,0.22988895547930396
GradientBoosting,test1,DEMO102,0,0.8200081845390882
GradientBoosting,test1,DEMO103,1,0.23869623156967207
GradientBoosting,test1,DEMO104,0,0.2456162402423528
GradientBoosting,test1,DEMO105,1,0.9927977918766124
GradientBoosting,test1,DEMO106,1,0.1600159833211649
GradientBoosting,test1,DEMO107,1,0.09952382998242183
GradientBoosting,test1,DEMO108,0,0.04325893074179239
GradientBoosting,test2,DEMO109,1,0.5780776036816655
GradientBoosting,test2,DEMO110,0,0.0237866258971463
GradientBoosting,test2,DEMO111,0,0.09283102163175888
GradientBoosting,test2,DEMO112,1,0.3311408585031959
GradientBoosting,test2,DEMO113,1,0.056905490226107566
GradientBoosting,test2,DEMO114,1,0.05379812015452076
GradientBoosting,test2,DEMO115,1,0.047585393935649534
GradientBoosting,test2,DEMO116,0,0.9508553632927575
GradientBoosting,test2,DEMO117,0,0.18712950738841175
GradientBoosting,test2,DEMO118,0,0.7153905922481223
GradientBoosting,test2,DEMO119,1,0.9892528411902799
GradientBoosting,test2,DEMO120,0,0.2364291491907092
ElasticNet,train,DEMO001,0,0.31723772483836016
ElasticNet,train,DEMO002,1,0.19387417917358493
ElasticNet,train,DEMO003,1,0.2410797497833618
ElasticNet,train,DEMO004,0,0.2738521996557606
ElasticNet,train,DEMO005,0,0.29969023027666797
ElasticNet,train,DEMO006,1,0.4502660175958488
ElasticNet,train,DEMO007,1,0.21894723686134276
ElasticNet,train,DEMO008,1,0.6484130201105897
ElasticNet,train,DEMO009,1,0.6400162990584392
ElasticNet,train,DEMO010,0,0.1108319242629623
ElasticNet,train,DEMO011,0,0.3325950995098444
ElasticNet,train,DEMO012,1,0.4194384104297373
ElasticNet,train,DEMO013,1,0.4215650663627218
ElasticNet,train,DEMO014,0,0.18874814867605785
ElasticNet,train,DEMO015,0,0.44515598918671123
ElasticNet,train,DEMO016,1,0.23821261577099767
ElasticNet,train,DEMO017,0,0.3307398529433813
ElasticNet,train,DEMO018,0,0.3053448393877818
ElasticNet,train,DEMO019,0,0.12285533150850135
ElasticNet,train,DEMO020,0,0.10585029949598664
ElasticNet,train,DEMO021,0,0.4324928125503784
ElasticNet,train,DEMO022,1,0.30307067476726995
ElasticNet,train,DEMO023,0,0.40723085661158465
ElasticNet,train,DEMO024,0,0.1780881186520719
ElasticNet,train,DEMO025,1,0.23896966941220274
ElasticNet,train,DEMO026,0,0.32609283169468517
ElasticNet,train,DEMO027,0,0.5235164347783234
ElasticNet,train,DEMO028,0,0.5956326947645849
ElasticNet,train,DEMO029,1,0.28665707667104645
ElasticNet,train,DEMO030,0,0.12381736946269095
ElasticNet,train,DEMO031,1,0.3972391249668058
ElasticNet,train,DEMO032,0,0.5675913052637341
ElasticNet,train,DEMO033,0,0.2914515978309913
ElasticNet,train,DEMO034,0,0.1763908835691176
ElasticNet,train,DEMO035,0,0.3476887527100757
ElasticNet,train,DEMO036,0,0.20130219082931639
ElasticNet,train,DEMO037,0,0.3127598520089322
ElasticNet,train,DEMO038,1,0.5097902278704479
ElasticNet,train,DEMO039,0,0.28041829880438207
ElasticNet,train,DEMO040,1,0.4474335446034414
ElasticNet,train,DEMO041,0,0.22877713376771996
ElasticNet,train,DEMO042,0,0.10490295611874777
ElasticNet,train,DEMO043,0,0.2662412977315729
ElasticNet,train,DEMO044,1,0.22391831002405518
ElasticNet,train,DEMO045,0,0.34482042193907325
ElasticNet,train,DEMO046,0,0.2366109137914216
ElasticNet,train,DEMO047,0,0.29641053461010897
ElasticNet,train,DEMO048,0,0.10043288217192116
ElasticNet,train,DEMO049,1,0.397561403069259
ElasticNet,train,DEMO050,1,0.7666958613132615
ElasticNet,train,DEMO051,0,0.30692641145663
ElasticNet,train,DEMO052,0,0.0955620235624901
ElasticNet,train,DEMO053,0,0.1820875557333693
ElasticNet,train,DEMO054,1,0.3093053346993061
ElasticNet,train,DEMO055,0,0.1408649321161494
ElasticNet,train,DEMO056,0,0.20030568648291097
ElasticNet,train,DEMO057,0,0.2690633829195195
ElasticNet,train,DEMO058,0,0.3028220392996066
ElasticNet,train,DEMO059,0,0.3951019550917378
ElasticNet,train,DEMO060,0,0.3360699435861743
ElasticNet,train,DEMO061,0,0.040291227011390825
ElasticNet,train,DEMO062,0,0.23526706157630503
ElasticNet,train,DEMO063,0,0.2672788816534612
ElasticNet,train,DEMO064,1,0.40151073183397545
ElasticNet,train,DEMO065,0,0.31257679250064263
ElasticNet,train,DEMO066,1,0.32463448021670605
ElasticNet,train,DEMO067,0,0.1426771609116768
ElasticNet,train,DEMO068,0,0.23047755687165575
ElasticNet,train,DEMO069,0,0.44622110052061964
ElasticNet,train,DEMO070,0,0.21024666370908135
ElasticNet,train,DEMO071,1,0.25049049330603773
ElasticNet,train,DEMO072,0,0.3828997336946161
ElasticNet,val,DEMO073,0,0.2219368477968594
ElasticNet,val,DEMO074,0,0.2825031707227228
ElasticNet,val,DEMO075,1,0.2789951991493766
ElasticNet,val,DEMO076,0,0.3253159911987312
ElasticNet,val,DEMO077,0,0.23293936590127626
ElasticNet,val,DEMO078,0,0.37560226059586904
ElasticNet,val,DEMO079,1,0.27964919286101036
ElasticNet,val,DEMO080,0,0.28409682561503674
ElasticNet,val,DEMO081,1,0.5557326469482676
ElasticNet,val,DEMO082,1,0.11491939162216883
ElasticNet,val,DEMO083,0,0.11592276443227922
ElasticNet,val,DEMO084,0,0.31483919794284543
ElasticNet,val,DEMO085,1,0.1734903301348116
ElasticNet,val,DEMO086,0,0.23138131859016703
ElasticNet,val,DEMO087,0,0.6335284982583855
ElasticNet,val,DEMO088,1,0.5554869860869974
ElasticNet,val,DEMO089,0,0.530424484427226
ElasticNet,val,DEMO090,0,0.34739157687519
ElasticNet,test1,DEMO091,1,0.36137953131474965
ElasticNet,test1,DEMO092,0,0.32289878186515486
ElasticNet,test1,DEMO093,0,0.22627199484121055
ElasticNet,test1,DEMO094,1,0.32633973606145683
ElasticNet,test1,DEMO095,0,0.5421756783778366
ElasticNet,test1,DEMO096,0,0.39567924109256314
ElasticNet,test1,DEMO097,1,0.2314489474780134
ElasticNet,test1,DEMO098,0,0.08399084509539023
ElasticNet,test1,DEMO099,1,0.4871990088046944
ElasticNet,test1,DEMO100,0,0.11017354891980165
ElasticNet,test1,DEMO101,0,0.12737380722876995
ElasticNet,test1,DEMO102,0,0.18188070023382955
ElasticNet,test1,DEMO103,1,0.5321437240971346
ElasticNet,test1,DEMO104,0,0.22850101812972234
ElasticNet,test1,DEMO105,1,0.28680660420943116
ElasticNet,test1,DEMO106,1,0.5976879116666616
ElasticNet,test1,DEMO107,1,0.40643760710851307
ElasticNet,test1,DEMO108,0,0.3207503342416367
ElasticNet,test2,DEMO109,1,0.2363257553110365
ElasticNet,test2,DEMO110,0,0.21656830180930897
ElasticNet,test2,DEMO111,0,0.46259054749248796
ElasticNet,test2,DEMO112,1,0.35958950821722285
ElasticNet,test2,DEMO113,1,0.30505659094857723
ElasticNet,test2,DEMO114,1,0.21238791947264726
ElasticNet,test2,DEMO115,1,0.1966328829635282
ElasticNet,test2,DEMO116,0,0.20255389573368446
ElasticNet,test2,DEMO117,0,0.40247199289476265
ElasticNet,test2,DEMO118,0,0.5179274386064575
ElasticNet,test2,DEMO119,1,0.12841642189464036
ElasticNet,test2,DEMO120,0,0.4129516811435814
NuSVM,train,DEMO001,0,0.18302075578893579
NuSVM,train,DEMO002,1,0.5701304585825421
NuSVM,train,DEMO003,1,0.4062004897616091
NuSVM,train,DEMO004,0,0.24164393603719156
NuSVM,train,DEMO005,0,0.241417321989126
NuSVM,train,DEMO006,1,0.34020152736238957
NuSVM,train,DEMO007,1,0.25526407644422927
NuSVM,train,DEMO008,1,0.5699452680922568
NuSVM,train,DEMO009,1,0.5701209144029752
NuSVM,train,DEMO010,0,0.15574928326504636
NuSVM,train,DEMO011,0,0.2250090807858053
NuSVM,train,DEMO012,1,0.26948549756354406
NuSVM,train,DEMO013,1,0.4750087246691771
NuSVM,train,DEMO014,0,0.21843267650780662
NuSVM,train,DEMO015,0,0.24156563914151016
NuSVM,train,DEMO016,1,0.4293625572854281
NuSVM,train,DEMO017,0,0.24154647300160387
NuSVM,train,DEMO018,0,0.21895579234556026
NuSVM,train,DEMO019,0,0.16509918220762118
NuSVM,train,DEMO020,0,0.23307229603412988
NuSVM,train,DEMO021,0,0.241638766350798
NuSVM,train,DEMO022,1,0.5701930315849028
NuSVM,train,DEMO023,0,0.24154948369556573
NuSVM,train,DEMO024,0,0.24155854002479882
NuSVM,train,DEMO025,1,0.3107317877714748
NuSVM,train,DEMO026,0,0.19312130836556293
NuSVM,train,DEMO027,0,0.2927068499177013
NuSVM,train,DEMO028,0,0.24687100351520044
NuSVM,train,DEMO029,1,0.42857716081319425
NuSVM,train,DEMO030,0,0.241716264608918
NuSVM,train,DEMO031,1,0.5703632126652782
NuSVM,train,DEMO032,0,0.2416494030050856
NuSVM,train,DEMO033,0,0.24141769101442898
NuSVM,train,DEMO034,0,0.20864540724908448
NuSVM,train,DEMO035,0,0.26019055477557507
NuSVM,train,DEMO036,0,0.19332512833032073
NuSVM,train,DEMO037,0,0.3173365042771954
NuSVM,train,DEMO038,1,0.5702799445071712
NuSVM,train,DEMO039,0,0.241839515348776
NuSVM,train,DEMO040,1,0.5702025201013794
NuSVM,train,DEMO041,0,0.24149838354261186
NuSVM,train,DEMO042,0,0.19282723502205149
NuSVM,train,DEMO043,0,0.21267950341953243
NuSVM,train,DEMO044,1,0.5701676986664742
NuSVM,train,DEMO045,0,0.2588011138437278
NuSVM,train,DEMO046,0,0.21182003483337955
NuSVM,train,DEMO047,0,0.24162138483577106
NuSVM,train,DEMO048,0,0.21251205724968864
NuSVM,train,DEMO049,1,0.5703301859143932
NuSVM,train,DEMO050,1,0.5240257183268306
NuSVM,train,DEMO051,0,0.22146776725155576
NuSVM,train,DEMO052,0,0.24159987907791758
NuSVM,train,DEMO053,0,0.24172036525016302
NuSVM,train,DEMO054,1,0.3421718691096116
NuSVM,train,DEMO055,0,0.15010089587405906
NuSVM,train,DEMO056,0,0.24154065616342127
NuSVM,train,DEMO057,0,0.2415409861123062
NuSVM,train,DEMO058,0,0.18223211097806774
NuSVM,train,DEMO059,0,0.2414778482417495
NuSVM,train,DEMO060,0,0.241748095574648
NuSVM,train,DEMO061,0,0.241584136763327
NuSVM,train,DEMO062,0,0.24173319580703506
NuSVM,train,DEMO063,0,0.24179609076122824
NuSVM,train,DEMO064,1,0.5701677065665575
NuSVM,train,DEMO065,0,0.20253231362678675
NuSVM,train,DEMO066,1,0.5703296803403244
NuSVM,train,DEMO067,0,0.24144614561396366
NuSVM,train,DEMO068,0,0.24146063199906348
NuSVM,train,DEMO069,0,0.24164964928265428
NuSVM,train,DEMO070,0,0.24176057104228374
NuSVM,train,DEMO071,1,0.5701417645188558
NuSVM,train,DEMO072,0,0.24170713296060076
NuSVM,val,DEMO073,0,0.16735433612445802
NuSVM,val,DEMO074,0,0.19007031972260915
NuSVM,val,DEMO075,1,0.27485898532447495
NuSVM,val,DEMO076,0,0.3358905947248695
NuSVM,val,DEMO077,0,0.3750745339908354
NuSVM,val,DEMO078,0,0.3161176216943065
NuSVM,val,DEMO079,1,0.27254857004285776
NuSVM,val,DEMO080,0,0.3590787407514143
NuSVM,val,DEMO081,1,0.4533040743248588
NuSVM,val,DEMO082,1,0.41376713206026194
NuSVM,val,DEMO083,0,0.17773663939145876
NuSVM,val,DEMO084,0,0.18707830202885495
NuSVM,val,DEMO085,1,0.28533415350355923
NuSVM,val,DEMO086,0,0.28799929812220154
NuSVM,val,DEMO087,0,0.5423069950816986
NuSVM,val,DEMO088,1,0.4196966994664017
NuSVM,val,DEMO089,0,0.3856925011750058
NuSVM,val,DEMO090,0,0.37110464913104635
NuSVM,test1,DEMO091,1,0.31497323954061657
NuSVM,test1,DEMO092,0,0.20689757891876837
NuSVM,test1,DEMO093,0,0.3575280518632823
NuSVM,test1,DEMO094,1,0.36713893939908837
NuSVM,test1,DEMO095,0,0.39975029618969793
NuSVM,test1,DEMO096,0,0.5157584173925696
NuSVM,test1,DEMO097,1,0.20999012725406807
NuSVM,test1,DEMO098,0,0.2856333819452097
NuSVM,test1,DEMO099,1,0.44986919619912
NuSVM,test1,DEMO100,0,0.2627553177498863
NuSVM,test1,DEMO101,0,0.24262704306795466
NuSVM,test1,DEMO102,0,0.5315385589267757
NuSVM,test1,DEMO103,1,0.36982274559681216
NuSVM,test1,DEMO104,0,0.28549305384685586
NuSVM,test1,DEMO105,1,0.43200174986779255
NuSVM,test1,DEMO106,1,0.26528682281673566
NuSVM,test1,DEMO107,1,0.23775735134362533
NuSVM,test1,DEMO108,0,0.287003978366662
NuSVM,test2,DEMO109,1,0.20352688023701615
NuSVM,test2,DEMO110,0,0.29642244651572236
NuSVM,test2,DEMO111,0,0.3144176449748404
NuSVM,test2,DEMO112,1,0.3293950842922254
NuSVM,test2,DEMO113,1,0.3071079542114644
NuSVM,test2,DEMO114,1,0.2364177700716986
NuSVM,test2,DEMO115,1,0.3084539875009705
NuSVM,test2,DEMO116,0,0.5711263944406081
NuSVM,test2,DEMO117,0,0.31387627859218376
NuSVM,test2,DEMO118,0,0.39804774269182114
NuSVM,test2,DEMO119,1,0.5383450921259785
NuSVM,test2,DEMO120,0,0.30529094817157154
HistGradientBoosting,train,DEMO001,0,0.053444979968667726
HistGradientBoosting,train,DEMO002,1,0.5379342392940489
HistGradientBoosting,train,DEMO003,1,0.5291177277814711
HistGradientBoosting,train,DEMO004,0,0.2091067960443344
HistGradientBoosting,train,DEMO005,0,0.015706118733555045
HistGradientBoosting,train,DEMO006,1,0.7502820315198023
HistGradientBoosting,train,DEMO007,1,0.25781005092747794
HistGradientBoosting,train,DEMO008,1,0.451608532839408
HistGradientBoosting,train,DEMO009,1,0.7286662855782639
HistGradientBoosting,train,DEMO010,0,0.054968505521614024
HistGradientBoosting,train,DEMO011,0,0.09568879313537032
HistGradientBoosting,train,DEMO012,1,0.7136294377016703
HistGradientBoosting,train,DEMO013,1,0.5129033955048029
HistGradientBoosting,train,DEMO014,0,0.025638751773043984
HistGradientBoosting,train,DEMO015,0,0.26843935115908096
HistGradientBoosting,train,DEMO016,1,0.7344686075414719
HistGradientBoosting,train,DEMO017,0,0.048106086087147386
HistGradientBoosting,train,DEMO018,0,0.1117390359035283
HistGradientBoosting,train,DEMO019,0,0.08828614777229876
HistGradientBoosting,train,DEMO020,0,0.18512333670987682
HistGradientBoosting,train,DEMO021,0,0.07683585758386809
HistGradientBoosting,train,DEMO022,1,0.6989148802106945
HistGradientBoosting,train,DEMO023,0,0.27025221267660565
HistGradientBoosting,train,DEMO024,0,0.1108917047912155
HistGradientBoosting,train,DEMO025,1,0.5766029905096827
HistGradientBoosting,train,DEMO026,0,0.25313362271940404
HistGradientBoosting,train,DEMO027,0,0.12420227584205507
HistGradientBoosting,train,DEMO028,0,0.314287294637084
HistGradientBoosting,train,DEMO029,1,0.7887506690018016
HistGradientBoosting,train,DEMO030,0,0.19884402160902362
HistGradientBoosting,train,DEMO031,1,0.4765427499312786
HistGradientBoosting,train,DEMO032,0,0.38516172625459527
HistGradientBoosting,train,DEMO033,0,0.24343456850946046
HistGradientBoosting,train,DEMO034,0,0.12658585682002793
HistGradientBoosting,train,DEMO035,0,0.12732496399707582
HistGradientBoosting,train,DEMO036,0,0.25509024930822266
HistGradientBoosting,train,DEMO037,0,0.3188232589709707
HistGradientBoosting,train,DEMO038,1,0.5129033955048029
HistGradientBoosting,train,DEMO039,0,0.4522100385622066
HistGradientBoosting,train,DEMO040,1,0.7676807272325674
HistGradientBoosting,train,DEMO041,0,0.4765427499312786
HistGradientBoosting,train,DEMO042,0,0.09688884421285625
HistGradientBoosting,train,DEMO043,0,0.024169531529122976
HistGradientBoosting,train,DEMO044,1,0.6103476169326951
HistGradientBoosting,train,DEMO045,0,0.06822021549807794
HistGradientBoosting,train,DEMO046,0,0.11556357023568972
HistGradientBoosting,train,DEMO047,0,0.24211742370712153
HistGradientBoosting,train,DEMO048,0,0.2429871230219252
HistGradientBoosting,train,DEMO049,1,0.6511287211135698
HistGradientBoosting,train,DEMO050,1,0.6309881547218197
HistGradientBoosting,train,DEMO051,0,0.09968556855564159
HistGradientBoosting,train,DEMO052,0,0.1638469289884977
HistGradientBoosting,train,DEMO053,0,0.0037638532320752854
HistGradientBoosting,train,DEMO054,1,0.5874594733492658
HistGradientBoosting,train,DEMO055,0,0.006205462381952332
HistGradientBoosting,train,DEMO056,0,0.07639774562492714
HistGradientBoosting,train,DEMO057,0,0.3039899891237166
HistGradientBoosting,train,DEMO058,0,0.020565230487118502
HistGradientBoosting,train,DEMO059,0,0.2252490871555321
HistGradientBoosting,train,DEMO060,0,0.06721488138600247
HistGradientBoosting,train,DEMO061,0,0.28429945417240443
HistGradientBoosting,train,DEMO062,0,0.1204407905903374
HistGradientBoosting,train,DEMO063,0,0.18895469953709668
HistGradientBoosting,train,DEMO064,1,0.8330547091853884
HistGradientBoosting,train,DEMO065,0,0.018375560381605434
HistGradientBoosting,train,DEMO066,1,0.32117210579810457
HistGradientBoosting,train,DEMO067,0,0.28429945417240443
HistGradientBoosting,train,DEMO068,0,0.27760367599856833
HistGradientBoosting,train,DEMO069,0,0.3621240338401497
HistGradientBoosting,train,DEMO070,0,0.3729673124830119
HistGradientBoosting,train,DEMO071,1,0.6711272771453491
HistGradientBoosting,train,DEMO072,0,0.10954571759025404
HistGradientBoosting,val,DEMO073,0,0.06247135012339034
HistGradientBoosting,val,DEMO074,0,0.04046394330703954
HistGradientBoosting,val,DEMO075,1,0.40356264837815414
HistGradientBoosting,val,DEMO076,0,0.5118402113777993
HistGradientBoosting,val,DEMO077,0,0.38518107495929227
HistGradientBoosting,val,DEMO078,0,0.12834303522576843
HistGradientBoosting,val,DEMO079,1,0.26128328340246904
HistGradientBoosting,val,DEMO080,0,0.23195965003804264
HistGradientBoosting,val,DEMO081,1,0.6103476169326951
HistGradientBoosting,val,DEMO082,1,0.6103476169326951
HistGradientBoosting,val,DEMO083,0,0.027531178437528954
HistGradientBoosting,val,DEMO084,0,0.3729673124830119
HistGradientBoosting,val,DEMO085,1,0.5129033955048029
HistGradientBoosting,val,DEMO086,0,0.6193952837919322
HistGradientBoosting,val,DEMO087,0,0.4372111735044877
HistGradientBoosting,val,DEMO088,1,0.08569714321380094
HistGradientBoosting,val,DEMO089,0,0.6015668021352909
HistGradientBoosting,val,DEMO090,0,0.380787699179817
HistGradientBoosting,test1,DEMO091,1,0.5179217142439135
HistGradientBoosting,test1,DEMO092,0,0.28939969093548973
HistGradientBoosting,test1,DEMO093,0,0.4027926434557305
HistGradientBoosting,test1,DEMO094,1,0.7083110775424134
HistGradientBoosting,test1,DEMO095,0,0.3188232589709707
HistGradientBoosting,test1,DEMO096,0,0.3965901164046917
HistGradientBoosting,test1,DEMO097,1,0.09342307452767924
HistGradientBoosting,test1,DEMO098,0,0.3758772972308233
HistGradientBoosting,test1,DEMO099,1,0.20043108627933126
HistGradientBoosting,test1,DEMO100,0,0.15502664861635637
HistGradientBoosting,test1,DEMO101,0,0.41953675696588455
HistGradientBoosting,test1,DEMO102,0,0.6511287211135698
HistGradientBoosting,test1,DEMO103,1,0.055856251476557074
HistGradientBoosting,test1,DEMO104,0,0.40067907076894693
HistGradientBoosting,test1,DEMO105,1,0.6103476169326951
HistGradientBoosting,test1,DEMO106,1,0.22225581947421208
HistGradientBoosting,test1,DEMO107,1,0.1775402090407746
HistGradientBoosting,test1,DEMO108,0,0.15582191259139677
HistGradientBoosting,test2,DEMO109,1,0.6247547882209371
HistGradientBoosting,test2,DEMO110,0,0.2609907926084792
HistGradientBoosting,test2,DEMO111,0,0.13691539516424875
HistGradientBoosting,test2,DEMO112,1,0.3031398575415232
HistGradientBoosting,test2,DEMO113,1,0.26994354909981916
HistGradientBoosting,test2,DEMO114,1,0.3318910378341329
HistGradientBoosting,test2,DEMO115,1,0.22471825699381062
HistGradientBoosting,test2,DEMO116,0,0.723571960480668
HistGradientBoosting,test2,DEMO117,0,0.28140103186820836
HistGradientBoosting,test2,DEMO118,0,0.2296622118290872
HistGradientBoosting,test2,DEMO119,1,0.5379342392940489
HistGradientBoosting,test2,DEMO120,0,0.34417692641718745
LR,train,DEMO001,0,0.3292599798989268
LR,train,DEMO002,1,0.18753716076496388
LR,train,DEMO003,1,0.21582117689802272
LR,train,DEMO004,0,0.2664083825657313
LR,train,DEMO005,0,0.2825402117325007
LR,train,DEMO006,1,0.4617592370855611
LR,train,DEMO007,1,0.2085880033889227
LR,train,DEMO008,1,0.6772246631263121
LR,train,DEMO009,1,0.6678069531279732
LR,train,DEMO010,0,0.10515000496923427
LR,train,DEMO011,0,0.32799760598583066
LR,train,DEMO012,1,0.41560088073435797
LR,train,DEMO013,1,0.423608259821733
LR,train,DEMO014,0,0.1700598396237741
LR,train,DEMO015,0,0.459905573594707
LR,train,DEMO016,1,0.2381058601615257
LR,train,DEMO017,0,0.3386135981347884
LR,train,DEMO018,0,0.2833017406630873
LR,train,DEMO019,0,0.11176178006287249
LR,train,DEMO020,0,0.10200927803884108
LR,train,DEMO021,0,0.44077037241379685
LR,train,DEMO022,1,0.2785556076996865
LR,train,DEMO023,0,0.4114448944680718
LR,train,DEMO024,0,0.15043171718219314
LR,train,DEMO025,1,0.24428807218479703
LR,train,DEMO026,0,0.3033819598755439
LR,train,DEMO027,0,0.5519777329237774
LR,train,DEMO028,0,0.6132066283941633
LR,train,DEMO029,1,0.28698946862746383
LR,train,DEMO030,0,0.1193307820866309
LR,train,DEMO031,1,0.4397642131373872
LR,train,DEMO032,0,0.5872650360194869
LR,train,DEMO033,0,0.29306778182084786
LR,train,DEMO034,0,0.1683320399841516
LR,train,DEMO035,0,0.3381798685044491
LR,train,DEMO036,0,0.20445604346615795
LR,train,DEMO037,0,0.29587094026632366
LR,train,DEMO038,1,0.537911225364825
LR,train,DEMO039,0,0.26885411628818
LR,train,DEMO040,1,0.4456498408381292
LR,train,DEMO041,0,0.23712063188655327
LR,train,DEMO042,0,0.09193612611428095
LR,train,DEMO043,0,0.26327623083374707
LR,train,DEMO044,1,0.21935411160902704
LR,train,DEMO045,0,0.3630515520812258
LR,train,DEMO046,0,0.23043876039922925
LR,train,DEMO047,0,0.30353091637262586
LR,train,DEMO048,0,0.08228259610773196
LR,train,DEMO049,1,0.3902298409291339
LR,train,DEMO050,1,0.8034205422811512
LR,train,DEMO051,0,0.31239740824347845
LR,train,DEMO052,0,0.08415775001968728
LR,train,DEMO053,0,0.16683991814854138
LR,train,DEMO054,1,0.3040564989371831
LR,train,DEMO055,0,0.1261966687498839
LR,train,DEMO056,0,0.20639503538184314
LR,train,DEMO057,0,0.26739310339078
LR,train,DEMO058,0,0.30720897022474336
LR,train,DEMO059,0,0.39650343587201187
LR,train,DEMO060,0,0.33107043972481803
LR,train,DEMO061,0,0.03279557747226784
LR,train,DEMO062,0,0.22871719865893014
LR,train,DEMO063,0,0.25448395844155647
LR,train,DEMO064,1,0.4042517462670391
LR,train,DEMO065,0,0.3110949266215287
LR,train,DEMO066,1,0.3551050807736533
LR,train,DEMO067,0,0.12879697986743602
LR,train,DEMO068,0,0.23233786123349975
LR,train,DEMO069,0,0.45135251352146105
LR,train,DEMO070,0,0.19196382892085997
LR,train,DEMO071,1,0.24584113366969176
LR,train,DEMO072,0,0.4236086265426552
LR,val,DEMO073,0,0.2292048506849569
LR,val,DEMO074,0,0.29739916257847626
LR,val,DEMO075,1,0.2872608323843107
LR,val,DEMO076,0,0.3020499546194179
LR,val,DEMO077,0,0.2248282189853936
LR,val,DEMO078,0,0.37313144488815525
LR,val,DEMO079,1,0.2610191881991243
LR,val,DEMO080,0,0.26693559606231937
LR,val,DEMO081,1,0.5895314812932235
LR,val,DEMO082,1,0.10645468288529003
LR,val,DEMO083,0,0.10431409015886886
LR,val,DEMO084,0,0.32717998859379344
LR,val,DEMO085,1,0.15939098051967351
LR,val,DEMO086,0,0.21689886162369984
LR,val,DEMO087,0,0.6547520897776776
LR,val,DEMO088,1,0.5755104925442938
LR,val,DEMO089,0,0.5517675547712565
LR,val,DEMO090,0,0.3546692563427234
LR,test1,DEMO091,1,0.3815340281556102
LR,test1,DEMO092,0,0.31697706005216497
LR,test1,DEMO093,0,0.20590900975172466
LR,test1,DEMO094,1,0.3326570200123306
LR,test1,DEMO095,0,0.553996143181504
LR,test1,DEMO096,0,0.38618275085959436
LR,test1,DEMO097,1,0.21891726295280417
LR,test1,DEMO098,0,0.06316866702203369
LR,test1,DEMO099,1,0.5324511119724205
LR,test1,DEMO100,0,0.09983483825961141
LR,test1,DEMO101,0,0.10263844207379452
LR,test1,DEMO102,0,0.16129441701467673
LR,test1,DEMO103,1,0.5458584724866199
LR,test1,DEMO104,0,0.2147902246121109
LR,test1,DEMO105,1,0.2800834785349147
LR,test1,DEMO106,1,0.6109296433015883
LR,test1,DEMO107,1,0.4147997094042565
LR,test1,DEMO108,0,0.32218016203299144
LR,test2,DEMO109,1,0.20282817755315727
LR,test2,DEMO110,0,0.2306606362247024
LR,test2,DEMO111,0,0.47882069407900574
LR,test2,DEMO112,1,0.3443099919855397
LR,test2,DEMO113,1,0.30056350257903386
LR,test2,DEMO114,1,0.20096803158689253
LR,test2,DEMO115,1,0.1690970738501201
LR,test2,DEMO116,0,0.1666723590017806
LR,test2,DEMO117,0,0.4040051081986827
LR,test2,DEMO118,0,0.5324673544211372
LR,test2,DEMO119,1,0.12438686906030123
LR,test2,DEMO120,0,0.4226494156178937
LinearSVM,train,DEMO001,0,0.30212531051108177
LinearSVM,train,DEMO002,1,0.3196945517561999
LinearSVM,train,DEMO003,1,0.31223651158519616
LinearSVM,train,DEMO004,0,0.30824093470977854
LinearSVM,train,DEMO005,0,0.3082333213130047
LinearSVM,train,DEMO006,1,0.3042074618606495
LinearSVM,train,DEMO007,1,0.3146696790042722
LinearSVM,train,DEMO008,1,0.29259650844768703
LinearSVM,train,DEMO009,1,0.2927205234166583
LinearSVM,train,DEMO010,0,0.3146346146658144
LinearSVM,train,DEMO011,0,0.3133296162702696
LinearSVM,train,DEMO012,1,0.30679320194924037
LinearSVM,train,DEMO013,1,0.3036184762790859
LinearSVM,train,DEMO014,0,0.31313252100858907
LinearSVM,train,DEMO015,0,0.2993939719959023
LinearSVM,train,DEMO016,1,0.3127619367496727
LinearSVM,train,DEMO017,0,0.3082264811019088
LinearSVM,train,DEMO018,0,0.3141650213930071
LinearSVM,train,DEMO019,0,0.31686172395899936
LinearSVM,train,DEMO020,0,0.3135195058662689
LinearSVM,train,DEMO021,0,0.30185837735583226
LinearSVM,train,DEMO022,1,0.305110075341133
LinearSVM,train,DEMO023,0,0.3063169691755778
LinearSVM,train,DEMO024,0,0.3197378087266211
LinearSVM,train,DEMO025,1,0.31105814147135047
LinearSVM,train,DEMO026,0,0.3082266109910706
LinearSVM,train,DEMO027,0,0.29830214556354717
LinearSVM,train,DEMO028,0,0.29813072482825675
LinearSVM,train,DEMO029,1,0.3082501448421493
LinearSVM,train,DEMO030,0,0.31420155751048784
LinearSVM,train,DEMO031,1,0.29756101742428276
LinearSVM,train,DEMO032,0,0.2994874100216346
LinearSVM,train,DEMO033,0,0.31050673522083366
LinearSVM,train,DEMO034,0,0.3139354994288341
LinearSVM,train,DEMO035,0,0.3065621869813832
LinearSVM,train,DEMO036,0,0.3088624181924116
LinearSVM,train,DEMO037,0,0.3073033041345096
LinearSVM,train,DEMO038,1,0.2903590913125855
LinearSVM,train,DEMO039,0,0.30824899182624177
LinearSVM,train,DEMO040,1,0.2998458328062649
LinearSVM,train,DEMO041,0,0.3082363808280147
LinearSVM,train,DEMO042,0,0.3136633930303826
LinearSVM,train,DEMO043,0,0.3082290231648054
LinearSVM,train,DEMO044,1,0.31381859915307186
LinearSVM,train,DEMO045,0,0.30082186599946653
LinearSVM,train,DEMO046,0,0.3109391801357162
LinearSVM,train,DEMO047,0,0.3080952575939656
LinearSVM,train,DEMO048,0,0.3232065719793952
LinearSVM,train,DEMO049,1,0.3056288604984969
LinearSVM,train,DEMO050,1,0.28817137140526206
LinearSVM,train,DEMO051,0,0.3086524382245766
LinearSVM,train,DEMO052,0,0.31834545096002426
LinearSVM,train,DEMO053,0,0.31800081877066666
LinearSVM,train,DEMO054,1,0.3068701688795352
LinearSVM,train,DEMO055,0,0.31673784196932103
LinearSVM,train,DEMO056,0,0.3098644277236742
LinearSVM,train,DEMO057,0,0.30694796469264185
LinearSVM,train,DEMO058,0,0.3075818978078839
LinearSVM,train,DEMO059,0,0.30774687710904836
LinearSVM,train,DEMO060,0,0.30755464674701694
LinearSVM,train,DEMO061,0,0.33593056182402914
LinearSVM,train,DEMO062,0,0.31299333381735966
LinearSVM,train,DEMO063,0,0.3082363814609927
LinearSVM,train,DEMO064,1,0.3043750926547723
LinearSVM,train,DEMO065,0,0.30803987392367443
LinearSVM,train,DEMO066,1,0.3075464080734447
LinearSVM,train,DEMO067,0,0.317695250496867
LinearSVM,train,DEMO068,0,0.3137158792265589
LinearSVM,train,DEMO069,0,0.30762076139705613
LinearSVM,train,DEMO070,0,0.30962953862810033
LinearSVM,train,DEMO071,1,0.30798999165705343
LinearSVM,train,DEMO072,0,0.3007372487291995
LinearSVM,val,DEMO073,0,0.3072937627376281
LinearSVM,val,DEMO074,0,0.30402525698953353
LinearSVM,val,DEMO075,1,0.30663508350838653
LinearSVM,val,DEMO076,0,0.3127227864951049
LinearSVM,val,DEMO077,0,0.30866827700618815
LinearSVM,val,DEMO078,0,0.310584972778673
LinearSVM,val,DEMO079,1,0.3114080991314249
LinearSVM,val,DEMO080,0,0.315880598575532
LinearSVM,val,DEMO081,1,0.3032552109238957
LinearSVM,val,DEMO082,1,0.332312140605999
LinearSVM,val,DEMO083,0,0.3202491712050741
LinearSVM,val,DEMO084,0,0.30103660036263136
LinearSVM,val,DEMO085,1,0.31177657957062105
LinearSVM,val,DEMO086,0,0.31177133537055784
LinearSVM,val,DEMO087,0,0.2927476790451409
LinearSVM,val,DEMO088,1,0.2980596190260395
LinearSVM,val,DEMO089,0,0.29270649481101524
LinearSVM,val,DEMO090,0,0.3068395637314447
LinearSVM,test1,DEMO091,1,0.3058010257464906
LinearSVM,test1,DEMO092,0,0.3075417556070492
LinearSVM,test1,DEMO093,0,0.31815984584307205
LinearSVM,test1,DEMO094,1,0.301656549781824
LinearSVM,test1,DEMO095,0,0.2923100912536847
LinearSVM,test1,DEMO096,0,0.30780877149741576
LinearSVM,test1,DEMO097,1,0.3115728314997869
LinearSVM,test1,DEMO098,0,0.3351126979898357
LinearSVM,test1,DEMO099,1,0.2972194813881189
LinearSVM,test1,DEMO100,0,0.3233828795013095
LinearSVM,test1,DEMO101,0,0.31951698082257135
LinearSVM,test1,DEMO102,0,0.3169380277600235
LinearSVM,test1,DEMO103,1,0.2979031380872045
LinearSVM,test1,DEMO104,0,0.3109536009929014
LinearSVM,test1,DEMO105,1,0.3180850791793463
LinearSVM,test1,DEMO106,1,0.2969219073503011
LinearSVM,test1,DEMO107,1,0.30289651093022063
LinearSVM,test1,DEMO108,0,0.3053059515536179
LinearSVM,test2,DEMO109,1,0.31778372733830396
LinearSVM,test2,DEMO110,0,0.3101402506856814
LinearSVM,test2,DEMO111,0,0.2990575682257832
LinearSVM,test2,DEMO112,1,0.30813354897669915
LinearSVM,test2,DEMO113,1,0.3071840929072876
LinearSVM,test2,DEMO114,1,0.31037250294011226
LinearSVM,test2,DEMO115,1,0.3222411160508337
LinearSVM,test2,DEMO116,0,0.31631273105674945
LinearSVM,test2,DEMO117,0,0.3022454473330296
LinearSVM,test2,DEMO118,0,0.30239418123732625
LinearSVM,test2,DEMO119,1,0.3274897055621566
LinearSVM,test2,DEMO120,0,0.306174955544723
LightGBM,train,DEMO001,0,0.03580211024225157
LightGBM,train,DEMO002,1,0.5066812567870566
LightGBM,train,DEMO003,1,0.6257589656602888
LightGBM,train,DEMO004,0,0.225631110742614
LightGBM,train,DEMO005,0,0.005957661625704938
LightGBM,train,DEMO006,1,0.7595246824407056
LightGBM,train,DEMO007,1,0.35302658226807004
LightGBM,train,DEMO008,1,0.5339874726715644
LightGBM,train,DEMO009,1,0.6858265019411086
LightGBM,train,DEMO010,0,0.016897485652364534
LightGBM,train,DEMO011,0,0.031143511454574533
LightGBM,train,DEMO012,1,0.7831991080836598
LightGBM,train,DEMO013,1,0.5532101135518975
LightGBM,train,DEMO014,0,0.007504114747057577
LightGBM,train,DEMO015,0,0.21015979647006985
LightGBM,train,DEMO016,1,0.7854083875807625
LightGBM,train,DEMO017,0,0.014495151633306579
LightGBM,train,DEMO018,0,0.1146182885944451
LightGBM,train,DEMO019,0,0.05634493898953992
LightGBM,train,DEMO020,0,0.14576126214609866
LightGBM,train,DEMO021,0,0.04846328275840657
LightGBM,train,DEMO022,1,0.7315682757871432
LightGBM,train,DEMO023,0,0.2874870923623303
LightGBM,train,DEMO024,0,0.05243254599021414
LightGBM,train,DEMO025,1,0.7570031543190938
LightGBM,train,DEMO026,0,0.16214440692605914
LightGBM,train,DEMO027,0,0.08062970340625498
LightGBM,train,DEMO028,0,0.33477841636086114
LightGBM,train,DEMO029,1,0.8668148600166449
LightGBM,train,DEMO030,0,0.10066334790546527
LightGBM,train,DEMO031,1,0.6019520007394817
LightGBM,train,DEMO032,0,0.30446088806499766
LightGBM,train,DEMO033,0,0.13969306986463131
LightGBM,train,DEMO034,0,0.1084309797698733
LightGBM,train,DEMO035,0,0.15355725783764518
LightGBM,train,DEMO036,0,0.24452018457464125
LightGBM,train,DEMO037,0,0.23336938942504726
LightGBM,train,DEMO038,1,0.5532101135518975
LightGBM,train,DEMO039,0,0.4250141397085256
LightGBM,train,DEMO040,1,0.8568971810079982
LightGBM,train,DEMO041,0,0.41245482218258506
LightGBM,train,DEMO042,0,0.043706977526633356
LightGBM,train,DEMO043,0,0.005524398964674507
LightGBM,train,DEMO044,1,0.7328754197863374
LightGBM,train,DEMO045,0,0.053226389794747406
LightGBM,train,DEMO046,0,0.1193850364308991
LightGBM,train,DEMO047,0,0.21397733192093937
LightGBM,train,DEMO048,0,0.152483681885576
LightGBM,train,DEMO049,1,0.7520770315349495
LightGBM,train,DEMO050,1,0.7229197150406543
LightGBM,train,DEMO051,0,0.16704590766585045
LightGBM,train,DEMO052,0,0.07465761405769923
LightGBM,train,DEMO053,0,0.0015444848907311501
LightGBM,train,DEMO054,1,0.7219766246391599
LightGBM,train,DEMO055,0,0.0012470298226722304
LightGBM,train,DEMO056,0,0.04687194404034611
LightGBM,train,DEMO057,0,0.297166919169508
LightGBM,train,DEMO058,0,0.009944863064451862
LightGBM,train,DEMO059,0,0.11232433850376537
LightGBM,train,DEMO060,0,0.02674970574012035
LightGBM,train,DEMO061,0,0.3062704134152139
LightGBM,train,DEMO062,0,0.10347259562197778
LightGBM,train,DEMO063,0,0.16971026097339845
LightGBM,train,DEMO064,1,0.8251519666206324
LightGBM,train,DEMO065,0,0.013787091467544322
LightGBM,train,DEMO066,1,0.3984826529475326
LightGBM,train,DEMO067,0,0.3062704134152139
LightGBM,train,DEMO068,0,0.16127971536099045
LightGBM,train,DEMO069,0,0.36205005574233873
LightGBM,train,DEMO070,0,0.43015522293112335
LightGBM,train,DEMO071,1,0.6573286856753453
LightGBM,train,DEMO072,0,0.1079907558141878
LightGBM,val,DEMO073,0,0.021116406449616577
LightGBM,val,DEMO074,0,0.006670817919917067
LightGBM,val,DEMO075,1,0.38868026311122844
LightGBM,val,DEMO076,0,0.5688418205266771
LightGBM,val,DEMO077,0,0.3317286690470564
LightGBM,val,DEMO078,0,0.08988000931242918
LightGBM,val,DEMO079,1,0.23646580253137767
LightGBM,val,DEMO080,0,0.14903705878920476
LightGBM,val,DEMO081,1,0.7328754197863374
LightGBM,val,DEMO082,1,0.7328754197863374
LightGBM,val,DEMO083,0,0.01281509556829268
LightGBM,val,DEMO084,0,0.2406975764560731
LightGBM,val,DEMO085,1,0.5532101135518975
LightGBM,val,DEMO086,0,0.4958445981663419
LightGBM,val,DEMO087,0,0.578851836480918
LightGBM,val,DEMO088,1,0.07452954731878961
LightGBM,val,DEMO089,0,0.6618602515027581
LightGBM,val,DEMO090,0,0.5420450649729709
LightGBM,test1,DEMO091,1,0.5089075703298501
LightGBM,test1,DEMO092,0,0.49307742504514784
LightGBM,test1,DEMO093,0,0.39617898303275884
LightGBM,test1,DEMO094,1,0.7547465965646942
LightGBM,test1,DEMO095,0,0.3000499441934547
LightGBM,test1,DEMO096,0,0.5203682270444694
LightGBM,test1,DEMO097,1,0.04445274494906519
LightGBM,test1,DEMO098,0,0.3403913787777547
LightGBM,test1,DEMO099,1,0.14488593027408975
LightGBM,test1,DEMO100,0,0.1375142673705297
LightGBM,test1,DEMO101,0,0.37673014690015333
LightGBM,test1,DEMO102,0,0.7520770315349495
LightGBM,test1,DEMO103,1,0.020806892462298474
LightGBM,test1,DEMO104,0,0.4013216714163516
LightGBM,test1,DEMO105,1,0.7328754197863374
LightGBM,test1,DEMO106,1,0.1979365759819181
LightGBM,test1,DEMO107,1,0.07224790454498281
LightGBM,test1,DEMO108,0,0.10090255444369824
LightGBM,test2,DEMO109,1,0.8705763332488101
LightGBM,test2,DEMO110,0,0.3759990548327723
LightGBM,test2,DEMO111,0,0.02899068219492688
LightGBM,test2,DEMO112,1,0.33839649812224537
LightGBM,test2,DEMO113,1,0.18380074822399176
LightGBM,test2,DEMO114,1,0.2659573242287212
LightGBM,test2,DEMO115,1,0.09552945083137816
LightGBM,test2,DEMO116,0,0.7201546110321133
LightGBM,test2,DEMO117,0,0.2414069395893212
LightGBM,test2,DEMO118,0,0.16899704820381642
LightGBM,test2,DEMO119,1,0.6887234768682678
LightGBM,test2,DEMO120,0,0.2040940960721106
Bagging,train,DEMO001,0,0.06
Bagging,train,DEMO002,1,0.88
Bagging,train,DEMO003,1,0.725
Bagging,train,DEMO004,0,0.11
Bagging,train,DEMO005,0,0.145
Bagging,train,DEMO006,1,0.695
Bagging,train,DEMO007,1,0.66
Bagging,train,DEMO008,1,0.735
Bagging,train,DEMO009,1,0.76
Bagging,train,DEMO010,0,0.02
Bagging,train,DEMO011,0,0.03
Bagging,train,DEMO012,1,0.69
Bagging,train,DEMO013,1,0.765
Bagging,train,DEMO014,0,0.05
Bagging,train,DEMO015,0,0.24
Bagging,train,DEMO016,1,0.74
Bagging,train,DEMO017,0,0.025
Bagging,train,DEMO018,0,0.055
Bagging,train,DEMO019,0,0.04
Bagging,train,DEMO020,0,0.04
Bagging,train,DEMO021,0,0.135
Bagging,train,DEMO022,1,0.685
Bagging,train,DEMO023,0,0.105
Bagging,train,DEMO024,0,0.195
Bagging,train,DEMO025,1,0.7
Bagging,train,DEMO026,0,0.165
Bagging,train,DEMO027,0,0.295
Bagging,train,DEMO028,0,0.13
Bagging,train,DEMO029,1,0.81
Bagging,train,DEMO030,0,0.025
Bagging,train,DEMO031,1,0.735
Bagging,train,DEMO032,0,0.24
Bagging,train,DEMO033,0,0.065
Bagging,train,DEMO034,0,0.05
Bagging,train,DEMO035,0,0.135
Bagging,train,DEMO036,0,0.105
Bagging,train,DEMO037,0,0.265
Bagging,train,DEMO038,1,0.89
Bagging,train,DEMO039,0,0.185
Bagging,train,DEMO040,1,0.77
Bagging,train,DEMO041,0,0.17
Bagging,train,DEMO042,0,0.065
Bagging,train,DEMO043,0,0.215
Bagging,train,DEMO044,1,0.905
Bagging,train,DEMO045,0,0.045
Bagging,train,DEMO046,0,0.02
Bagging,train,DEMO047,0,0.125
Bagging,train,DEMO048,0,0.075
Bagging,train,DEMO049,1,0.93
Bagging,train,DEMO050,1,0.83
Bagging,train,DEMO051,0,0.06
Bagging,train,DEMO052,0,0.095
Bagging,train,DEMO053,0,0.035
Bagging,train,DEMO054,1,0.725
Bagging,train,DEMO055,0,0.04
Bagging,train,DEMO056,0,0.08
Bagging,train,DEMO057,0,0.11
Bagging,train,DEMO058,0,0.04
Bagging,train,DEMO059,0,0.095
Bagging,train,DEMO060,0,0.05
Bagging,train,DEMO061,0,0.285
Bagging,train,DEMO062,0,0.095
Bagging,train,DEMO063,0,0.095
Bagging,train,DEMO064,1,0.855
Bagging,train,DEMO065,0,0.025
Bagging,train,DEMO066,1,0.815
Bagging,train,DEMO067,0,0.05
Bagging,train,DEMO068,0,0.125
Bagging,train,DEMO069,0,0.17
Bagging,train,DEMO070,0,0.205
Bagging,train,DEMO071,1,0.835
Bagging,train,DEMO072,0,0.085
Bagging,val,DEMO073,0,0.085
Bagging,val,DEMO074,0,0.29
Bagging,val,DEMO075,1,0.145
Bagging,val,DEMO076,0,0.47
Bagging,val,DEMO077,0,0.41
Bagging,val,DEMO078,0,0.46
Bagging,val,DEMO079,1,0.16
Bagging,val,DEMO080,0,0.565
Bagging,val,DEMO081,1,0.83
Bagging,val,DEMO082,1,0.775
Bagging,val,DEMO083,0,0.025
Bagging,val,DEMO084,0,0.195
Bagging,val,DEMO085,1,0.455
Bagging,val,DEMO086,0,0.325
Bagging,val,DEMO087,0,0.455
Bagging,val,DEMO088,1,0.365
Bagging,val,DEMO089,0,0.37
Bagging,val,DEMO090,0,0.35
Bagging,test1,DEMO091,1,0.81
Bagging,test1,DEMO092,0,0.27
Bagging,test1,DEMO093,0,0.205
Bagging,test1,DEMO094,1,0.61
Bagging,test1,DEMO095,0,0.47
Bagging,test1,DEMO096,0,0.53
Bagging,test1,DEMO097,1,0.055
Bagging,test1,DEMO098,0,0.305
Bagging,test1,DEMO099,1,0.22
Bagging,test1,DEMO100,0,0.515
Bagging,test1,DEMO101,0,0.265
Bagging,test1,DEMO102,0,0.655
Bagging,test1,DEMO103,1,0.58
Bagging,test1,DEMO104,0,0.23
Bagging,test1,DEMO105,1,0.825
Bagging,test1,DEMO106,1,0.515
Bagging,test1,DEMO107,1,0.135
Bagging,test1,DEMO108,0,0.085
Bagging,test2,DEMO109,1,0.325
Bagging,test2,DEMO110,0,0.07
Bagging,test2,DEMO111,0,0.23
Bagging,test2,DEMO112,1,0.29
Bagging,test2,DEMO113,1,0.115
Bagging,test2,DEMO114,1,0.28
Bagging,test2,DEMO115,1,0.095
Bagging,test2,DEMO116,0,0.82
Bagging,test2,DEMO117,0,0.37
Bagging,test2,DEMO118,0,0.485
Bagging,test2,DEMO119,1,0.9
Bagging,test2,DEMO120,0,0.205
AdaBoost,train,DEMO001,0,0.4186889055774292
AdaBoost,train,DEMO002,1,0.5857121178007002
AdaBoost,train,DEMO003,1,0.49314185554653106
AdaBoost,train,DEMO004,0,0.4183602475308506
AdaBoost,train,DEMO005,0,0.44126465695428635
AdaBoost,train,DEMO006,1,0.49706557042875027
AdaBoost,train,DEMO007,1,0.49245015959612654
AdaBoost,train,DEMO008,1,0.5391542618400739
AdaBoost,train,DEMO009,1,0.5076677958557753
AdaBoost,train,DEMO010,0,0.41903316272203617
AdaBoost,train,DEMO011,0,0.42102946946858605
AdaBoost,train,DEMO012,1,0.49656679020330874
AdaBoost,train,DEMO013,1,0.53373340908055
AdaBoost,train,DEMO014,0,0.39294906561011717
AdaBoost,train,DEMO015,0,0.4585729892813091
AdaBoost,train,DEMO016,1,0.5343033889003403
AdaBoost,train,DEMO017,0,0.42200879975489014
AdaBoost,train,DEMO018,0,0.43749346757435553
AdaBoost,train,DEMO019,0,0.39367696144972625
AdaBoost,train,DEMO020,0,0.32737312247962247
AdaBoost,train,DEMO021,0,0.44193470111556393
AdaBoost,train,DEMO022,1,0.567697956574104
AdaBoost,train,DEMO023,0,0.4320785433217014
AdaBoost,train,DEMO024,0,0.4111526762620662
AdaBoost,train,DEMO025,1,0.4991882704021432
AdaBoost,train,DEMO026,0,0.44696636471133055
AdaBoost,train,DEMO027,0,0.4567578163467683
AdaBoost,train,DEMO028,0,0.4588794704600471
AdaBoost,train,DEMO029,1,0.5123784294878838
AdaBoost,train,DEMO030,0,0.42179227867487057
AdaBoost,train,DEMO031,1,0.5376072511803417
AdaBoost,train,DEMO032,0,0.4954394116338364
AdaBoost,train,DEMO033,0,0.44976701661702584
AdaBoost,train,DEMO034,0,0.44696636471133055
AdaBoost,train,DEMO035,0,0.43998389664510545
AdaBoost,train,DEMO036,0,0.36119098323945925
AdaBoost,train,DEMO037,0,0.4693246477435876
AdaBoost,train,DEMO038,1,0.617855007447848
AdaBoost,train,DEMO039,0,0.3936205750628776
AdaBoost,train,DEMO040,1,0.5046393308783957
AdaBoost,train,DEMO041,0,0.4532158997433384
AdaBoost,train,DEMO042,0,0.4231593211563293
AdaBoost,train,DEMO043,0,0.4773929505758101
AdaBoost,train,DEMO044,1,0.610750095574311
AdaBoost,train,DEMO045,0,0.4341632092067537
AdaBoost,train,DEMO046,0,0.42688319901423133
AdaBoost,train,DEMO047,0,0.4199016604605691
AdaBoost,train,DEMO048,0,0.45278679547017914
AdaBoost,train,DEMO049,1,0.5858710902053444
AdaBoost,train,DEMO050,1,0.5544380361508796
AdaBoost,train,DEMO051,0,0.4253530645690083
AdaBoost,train,DEMO052,0,0.39243879896892203
AdaBoost,train,DEMO053,0,0.4069976547994012
AdaBoost,train,DEMO054,1,0.5110729163213716
AdaBoost,train,DEMO055,0,0.41073025687229797
AdaBoost,train,DEMO056,0,0.3724057984528677
AdaBoost,train,DEMO057,0,0.45773515961707295
AdaBoost,train,DEMO058,0,0.38786027396855716
AdaBoost,train,DEMO059,0,0.43749346757435553
AdaBoost,train,DEMO060,0,0.4400253433517457
AdaBoost,train,DEMO061,0,0.4089019348060027
AdaBoost,train,DEMO062,0,0.40075018277726393
AdaBoost,train,DEMO063,0,0.41539993729548647
AdaBoost,train,DEMO064,1,0.5503426559919951
AdaBoost,train,DEMO065,0,0.42688319901423133
AdaBoost,train,DEMO066,1,0.5177714110538505
AdaBoost,train,DEMO067,0,0.3416888089484573
AdaBoost,train,DEMO068,0,0.4341258614859428
AdaBoost,train,DEMO069,0,0.4577786505639378
AdaBoost,train,DEMO070,0,0.4735423741958366
AdaBoost,train,DEMO071,1,0.5610383308361047
AdaBoost,train,DEMO072,0,0.44147182296716336
AdaBoost,val,DEMO073,0,0.4413137400962737
AdaBoost,val,DEMO074,0,0.5136999668349691
AdaBoost,val,DEMO075,1,0.4518208863042263
AdaBoost,val,DEMO076,0,0.4881552973947269
AdaBoost,val,DEMO077,0,0.4693840812570731
AdaBoost,val,DEMO078,0,0.45900338343259994
AdaBoost,val,DEMO079,1,0.4515117201678252
AdaBoost,val,DEMO080,0,0.5041639000118773
AdaBoost,val,DEMO081,1,0.6092615259448123
AdaBoost,val,DEMO082,1,0.5117297245950869
AdaBoost,val,DEMO083,0,0.42239097909806295
AdaBoost,val,DEMO084,0,0.4575879241031797
AdaBoost,val,DEMO085,1,0.4308076499615364
AdaBoost,val,DEMO086,0,0.4542796801390186
AdaBoost,val,DEMO087,0,0.48679065628960305
AdaBoost,val,DEMO088,1,0.47621771053847733
AdaBoost,val,DEMO089,0,0.455563627653648
AdaBoost,val,DEMO090,0,0.48832246279492114
AdaBoost,test1,DEMO091,1,0.6192932901000913
AdaBoost,test1,DEMO092,0,0.47729946384683836
AdaBoost,test1,DEMO093,0,0.4403445005438913
AdaBoost,test1,DEMO094,1,0.5117921738205353
AdaBoost,test1,DEMO095,0,0.4660821997563345
AdaBoost,test1,DEMO096,0,0.4843155366870709
AdaBoost,test1,DEMO097,1,0.42688319901423133
AdaBoost,test1,DEMO098,0,0.3402827353979254
AdaBoost,test1,DEMO099,1,0.4767899547590783
AdaBoost,test1,DEMO100,0,0.5196185322750434
AdaBoost,test1,DEMO101,0,0.46117763406556256
AdaBoost,test1,DEMO102,0,0.5280128480573983
AdaBoost,test1,DEMO103,1,0.49064701708832265
AdaBoost,test1,DEMO104,0,0.462298482428384
AdaBoost,test1,DEMO105,1,0.6092615259448123
AdaBoost,test1,DEMO106,1,0.4726935921748888
AdaBoost,test1,DEMO107,1,0.46718279669176616
AdaBoost,test1,DEMO108,0,0.43868164297944245
AdaBoost,test2,DEMO109,1,0.4577786505639378
AdaBoost,test2,DEMO110,0,0.43903390857264396
AdaBoost,test2,DEMO111,0,0.4478192804723285
AdaBoost,test2,DEMO112,1,0.4696009240354372
AdaBoost,test2,DEMO113,1,0.44696636471133055
AdaBoost,test2,DEMO114,1,0.442799406830922
AdaBoost,test2,DEMO115,1,0.4296204801055497
AdaBoost,test2,DEMO116,0,0.5794161310218385
AdaBoost,test2,DEMO117,0,0.47135437160053123
AdaBoost,test2,DEMO118,0,0.47937580562334986
AdaBoost,test2,DEMO119,1,0.49626733325513656
AdaBoost,test2,DEMO120,0,0.4766715809592586
LDA,train,DEMO001,0,0.33969364058234025
LDA,train,DEMO002,1,0.17272644388713948
LDA,train,DEMO003,1,0.2029351575507958
LDA,train,DEMO004,0,0.2569593272316296
LDA,train,DEMO005,0,0.28018099432478544
LDA,train,DEMO006,1,0.4662155071032531
LDA,train,DEMO007,1,0.202294560670159
LDA,train,DEMO008,1,0.7184723024134505
LDA,train,DEMO009,1,0.6947020836684827
LDA,train,DEMO010,0,0.10285183155643811
LDA,train,DEMO011,0,0.30810589894345863
LDA,train,DEMO012,1,0.4136486099663979
LDA,train,DEMO013,1,0.41687724961661604
LDA,train,DEMO014,0,0.16983407079100987
LDA,train,DEMO015,0,0.4776870330109314
LDA,train,DEMO016,1,0.24119514761698146
LDA,train,DEMO017,0,0.33187153646153766
LDA,train,DEMO018,0,0.2670270951168132
LDA,train,DEMO019,0,0.10181556073120382
LDA,train,DEMO020,0,0.10059143972090846
LDA,train,DEMO021,0,0.4510711316893595
LDA,train,DEMO022,1,0.28006996070362283
LDA,train,DEMO023,0,0.41228666430689437
LDA,train,DEMO024,0,0.13233732471663168
LDA,train,DEMO025,1,0.22520815256355287
LDA,train,DEMO026,0,0.31223990384293093
LDA,train,DEMO027,0,0.5544127326979285
LDA,train,DEMO028,0,0.6405800749728847
LDA,train,DEMO029,1,0.2675672360276905
LDA,train,DEMO030,0,0.11083808179657995
LDA,train,DEMO031,1,0.4750118071557932
LDA,train,DEMO032,0,0.6090531496383604
LDA,train,DEMO033,0,0.2775436097643588
LDA,train,DEMO034,0,0.1607502650189003
LDA,train,DEMO035,0,0.32781934400149504
LDA,train,DEMO036,0,0.20982955776807405
LDA,train,DEMO037,0,0.2922283143270823
LDA,train,DEMO038,1,0.5746682609740698
LDA,train,DEMO039,0,0.24777174836164143
LDA,train,DEMO040,1,0.4570770120770352
LDA,train,DEMO041,0,0.25498494139801775
LDA,train,DEMO042,0,0.08456127958433662
LDA,train,DEMO043,0,0.2687038719574645
LDA,train,DEMO044,1,0.21726524660612864
LDA,train,DEMO045,0,0.3727892272134083
LDA,train,DEMO046,0,0.23502034895653234
LDA,train,DEMO047,0,0.2852595084983858
LDA,train,DEMO048,0,0.07064231771654013
LDA,train,DEMO049,1,0.38533094930086764
LDA,train,DEMO050,1,0.8262357174790507
LDA,train,DEMO051,0,0.31574915321652386
LDA,train,DEMO052,0,0.07198662363362385
LDA,train,DEMO053,0,0.1478240433252782
LDA,train,DEMO054,1,0.3010525261146386
LDA,train,DEMO055,0,0.11830548870371656
LDA,train,DEMO056,0,0.18434062760567205
LDA,train,DEMO057,0,0.2603014608835011
LDA,train,DEMO058,0,0.3039514647163536
LDA,train,DEMO059,0,0.3981546834124958
LDA,train,DEMO060,0,0.33225367396224764
LDA,train,DEMO061,0,0.02972156212809478
LDA,train,DEMO062,0,0.20505462518606876
LDA,train,DEMO063,0,0.24396586924263072
LDA,train,DEMO064,1,0.38712079359668067
LDA,train,DEMO065,0,0.3098937488982803
LDA,train,DEMO066,1,0.3776038709485976
LDA,train,DEMO067,0,0.12567955305662407
LDA,train,DEMO068,0,0.2215600121224887
LDA,train,DEMO069,0,0.4503065416717064
LDA,train,DEMO070,0,0.17906588849211225
LDA,train,DEMO071,1,0.2247965658781586
LDA,train,DEMO072,0,0.42287926426396677
LDA,val,DEMO073,0,0.22361877537854333
LDA,val,DEMO074,0,0.2989002169363111
LDA,val,DEMO075,1,0.2926692441692647
LDA,val,DEMO076,0,0.2781636680023422
LDA,val,DEMO077,0,0.2143316487997481
LDA,val,DEMO078,0,0.35944891193224976
LDA,val,DEMO079,1,0.24931669317356672
LDA,val,DEMO080,0,0.23897320610242148
LDA,val,DEMO081,1,0.5992760469302495
LDA,val,DEMO082,1,0.09647394519638103
LDA,val,DEMO083,0,0.09093932994713089
LDA,val,DEMO084,0,0.3331062084086417
LDA,val,DEMO085,1,0.13922206061669098
LDA,val,DEMO086,0,0.20997053061326976
LDA,val,DEMO087,0,0.6784059237755685
LDA,val,DEMO088,1,0.5913282552347287
LDA,val,DEMO089,0,0.5877376724540134
LDA,val,DEMO090,0,0.3443871737645719
LDA,test1,DEMO091,1,0.39298106224529483
LDA,test1,DEMO092,0,0.3167179392097882
LDA,test1,DEMO093,0,0.18481771668966324
LDA,test1,DEMO094,1,0.3309349396999577
LDA,test1,DEMO095,0,0.5765459967693083
LDA,test1,DEMO096,0,0.3678320043070681
LDA,test1,DEMO097,1,0.2154359025934204
LDA,test1,DEMO098,0,0.05743825011181325
LDA,test1,DEMO099,1,0.5365079970406356
LDA,test1,DEMO100,0,0.08497623904067557
LDA,test1,DEMO101,0,0.09078774533273509
LDA,test1,DEMO102,0,0.1415722412899841
LDA,test1,DEMO103,1,0.5598949401685014
LDA,test1,DEMO104,0,0.2045718830333392
LDA,test1,DEMO105,1,0.2644073244286059
LDA,test1,DEMO106,1,0.6280988673129171
LDA,test1,DEMO107,1,0.4310559768400635
LDA,test1,DEMO108,0,0.31894403700021745
LDA,test2,DEMO109,1,0.1911493477089482
LDA,test2,DEMO110,0,0.2232168947597491
LDA,test2,DEMO111,0,0.5047772615482549
LDA,test2,DEMO112,1,0.34663421114375415
LDA,test2,DEMO113,1,0.2985103910739687
LDA,test2,DEMO114,1,0.20694048490701372
LDA,test2,DEMO115,1,0.15151975356172495
LDA,test2,DEMO116,0,0.14882075158216185
LDA,test2,DEMO117,0,0.41196125299664066
LDA,test2,DEMO118,0,0.5362650414446191
LDA,test2,DEMO119,1,0.10905592396859559
LDA,test2,DEMO120,0,0.4199149343978664
LASSO,train,DEMO001,0,0.31575598699917634
LASSO,train,DEMO002,1,0.22518338676512764
LASSO,train,DEMO003,1,0.2807994622414468
LASSO,train,DEMO004,0,0.2964570172208209
LASSO,train,DEMO005,0,0.33627224631321373
LASSO,train,DEMO006,1,0.4573765783285789
LASSO,train,DEMO007,1,0.24627221402146318
LASSO,train,DEMO008,1,0.6297384167547805
LASSO,train,DEMO009,1,0.6174670351418394
LASSO,train,DEMO010,0,0.12757149621877087
LASSO,train,DEMO011,0,0.35162791785682734
LASSO,train,DEMO012,1,0.44618558423439275
LASSO,train,DEMO013,1,0.4332103772863703
LASSO,train,DEMO014,0,0.2239341195462304
LASSO,train,DEMO015,0,0.43379713080815463
LASSO,train,DEMO016,1,0.26177501240327034
LASSO,train,DEMO017,0,0.3388315602127689
LASSO,train,DEMO018,0,0.35246282488130426
LASSO,train,DEMO019,0,0.14070865576457292
LASSO,train,DEMO020,0,0.12016516404763712
LASSO,train,DEMO021,0,0.4391121930880666
LASSO,train,DEMO022,1,0.33002419773791725
LASSO,train,DEMO023,0,0.42035419033986016
LASSO,train,DEMO024,0,0.22839329165536884
LASSO,train,DEMO025,1,0.2495432640659113
LASSO,train,DEMO026,0,0.373239314378667
LASSO,train,DEMO027,0,0.5115845749686395
LASSO,train,DEMO028,0,0.5953850065294946
LASSO,train,DEMO029,1,0.2974362089012333
LASSO,train,DEMO030,0,0.13761308455722476
LASSO,train,DEMO031,1,0.3669707914825567
LASSO,train,DEMO032,0,0.5686472178655843
LASSO,train,DEMO033,0,0.30400955206805796
LASSO,train,DEMO034,0,0.19906511549600645
LASSO,train,DEMO035,0,0.36686136839419675
LASSO,train,DEMO036,0,0.2140739000825651
LASSO,train,DEMO037,0,0.3391786628109673
LASSO,train,DEMO038,1,0.4767430559690395
LASSO,train,DEMO039,0,0.2985804840854102
LASSO,train,DEMO040,1,0.45522059629736755
LASSO,train,DEMO041,0,0.23904345275691263
LASSO,train,DEMO042,0,0.1267301021855277
LASSO,train,DEMO043,0,0.2805416282592293
LASSO,train,DEMO044,1,0.250788401398264
LASSO,train,DEMO045,0,0.3367223090333315
LASSO,train,DEMO046,0,0.2622368974298219
LASSO,train,DEMO047,0,0.30164338980512784
LASSO,train,DEMO048,0,0.1307829433850969
LASSO,train,DEMO049,1,0.4118463245945605
LASSO,train,DEMO050,1,0.7308974957891567
LASSO,train,DEMO051,0,0.3139727670774477
LASSO,train,DEMO052,0,0.11513106901659402
LASSO,train,DEMO053,0,0.21491281445455665
LASSO,train,DEMO054,1,0.331973179437874
LASSO,train,DEMO055,0,0.16768602308876832
LASSO,train,DEMO056,0,0.2019580639235367
LASSO,train,DEMO057,0,0.2757599037789601
LASSO,train,DEMO058,0,0.31133111202692476
LASSO,train,DEMO059,0,0.42309700442312553
LASSO,train,DEMO060,0,0.35915274057831054
LASSO,train,DEMO061,0,0.05801877257535254
LASSO,train,DEMO062,0,0.25433412760715673
LASSO,train,DEMO063,0,0.28963280806701885
LASSO,train,DEMO064,1,0.40863871073895397
LASSO,train,DEMO065,0,0.32710601367406167
LASSO,train,DEMO066,1,0.31668878158782104
LASSO,train,DEMO067,0,0.17359495506396638
LASSO,train,DEMO068,0,0.2513411150558902
LASSO,train,DEMO069,0,0.459622461157608
LASSO,train,DEMO070,0,0.24271463831501333
LASSO,train,DEMO071,1,0.2675030145139871
LASSO,train,DEMO072,0,0.3569926165229519
LASSO,val,DEMO073,0,0.2240027743640781
LASSO,val,DEMO074,0,0.2701188451755083
LASSO,val,DEMO075,1,0.28708295290298874
LASSO,val,DEMO076,0,0.36740403602094074
LASSO,val,DEMO077,0,0.24831214280456507
LASSO,val,DEMO078,0,0.39674098379282
LASSO,val,DEMO079,1,0.31701999826882554
LASSO,val,DEMO080,0,0.33083909389317867
LASSO,val,DEMO081,1,0.5423061385586032
LASSO,val,DEMO082,1,0.15080511146307143
LASSO,val,DEMO083,0,0.14017860971922144
LASSO,val,DEMO084,0,0.3116717792724272
LASSO,val,DEMO085,1,0.1983420296446618
LASSO,val,DEMO086,0,0.26582459880802595
LASSO,val,DEMO087,0,0.6155670311397412
LASSO,val,DEMO088,1,0.5483464298334694
LASSO,val,DEMO089,0,0.5183452623420435
LASSO,val,DEMO090,0,0.35635149681163025
LASSO,test1,DEMO091,1,0.369202909478406
LASSO,test1,DEMO092,0,0.34510627513987807
LASSO,test1,DEMO093,0,0.2689037736704278
LASSO,test1,DEMO094,1,0.3294981847314299
LASSO,test1,DEMO095,0,0.5339275770550724
LASSO,test1,DEMO096,0,0.42459662770724504
LASSO,test1,DEMO097,1,0.25843489834812683
LASSO,test1,DEMO098,0,0.1306226122517243
LASSO,test1,DEMO099,1,0.4492572933939361
LASSO,test1,DEMO100,0,0.13623684038012052
LASSO,test1,DEMO101,0,0.1684366133501676
LASSO,test1,DEMO102,0,0.21541370542762808
LASSO,test1,DEMO103,1,0.5283688753552992
LASSO,test1,DEMO104,0,0.2548644669500594
LASSO,test1,DEMO105,1,0.32740662774450674
LASSO,test1,DEMO106,1,0.5945312362408478
LASSO,test1,DEMO107,1,0.41716546369192753
LASSO,test1,DEMO108,0,0.3329853468448433
LASSO,test2,DEMO109,1,0.2962650622341365
LASSO,test2,DEMO110,0,0.21491378642810677
LASSO,test2,DEMO111,0,0.4574415898623951
LASSO,test2,DEMO112,1,0.397597395534779
LASSO,test2,DEMO113,1,0.3215929217457164
LASSO,test2,DEMO114,1,0.2447468157195917
LASSO,test2,DEMO115,1,0.25111678497229506
LASSO,test2,DEMO116,0,0.2559270481891456
LASSO,test2,DEMO117,0,0.4127397178814778
LASSO,test2,DEMO118,0,0.5224950194530054
LASSO,test2,DEMO119,1,0.1503398443156124
LASSO,test2,DEMO120,0,0.4224408533701941
KNN,train,DEMO001,0,0.0
KNN,train,DEMO002,1,0.6
KNN,train,DEMO003,1,0.4
KNN,train,DEMO004,0,0.4
KNN,train,DEMO005,0,0.4
KNN,train,DEMO006,1,0.2
KNN,train,DEMO007,1,0.2
KNN,train,DEMO008,1,0.4
KNN,train,DEMO009,1,0.8
KNN,train,DEMO010,0,0.0
KNN,train,DEMO011,0,0.2
KNN,train,DEMO012,1,0.4
KNN,train,DEMO013,1,0.4
KNN,train,DEMO014,0,0.0
KNN,train,DEMO015,0,0.2
KNN,train,DEMO016,1,0.6
KNN,train,DEMO017,0,0.2
KNN,train,DEMO018,0,0.2
KNN,train,DEMO019,0,0.0
KNN,train,DEMO020,0,0.0
KNN,train,DEMO021,0,0.4
KNN,train,DEMO022,1,0.4
KNN,train,DEMO023,0,0.2
KNN,train,DEMO024,0,0.2
KNN,train,DEMO025,1,0.4
KNN,train,DEMO026,0,0.0
KNN,train,DEMO027,0,0.4
KNN,train,DEMO028,0,0.2
KNN,train,DEMO029,1,0.6
KNN,train,DEMO030,0,0.2
KNN,train,DEMO031,1,0.4
KNN,train,DEMO032,0,0.4
KNN,train,DEMO033,0,0.2
KNN,train,DEMO034,0,0.2
KNN,train,DEMO035,0,0.6
KNN,train,DEMO036,0,0.0
KNN,train,DEMO037,0,0.2
KNN,train,DEMO038,1,0.4
KNN,train,DEMO039,0,0.6
KNN,train,DEMO040,1,0.6
KNN,train,DEMO041,0,0.4
KNN,train,DEMO042,0,0.2
KNN,train,DEMO043,0,0.0
KNN,train,DEMO044,1,0.4
KNN,train,DEMO045,0,0.4
KNN,train,DEMO046,0,0.2
KNN,train,DEMO047,0,0.6
KNN,train,DEMO048,0,0.0
KNN,train,DEMO049,1,0.6
KNN,train,DEMO050,1,0.6
KNN,train,DEMO051,0,0.2
KNN,train,DEMO052,0,0.2
KNN,train,DEMO053,0,0.2
KNN,train,DEMO054,1,0.4
KNN,train,DEMO055,0,0.2
KNN,train,DEMO056,0,0.2
KNN,train,DEMO057,0,0.4
KNN,train,DEMO058,0,0.0
KNN,train,DEMO059,0,0.2
KNN,train,DEMO060,0,0.4
KNN,train,DEMO061,0,0.4
KNN,train,DEMO062,0,0.4
KNN,train,DEMO063,0,0.2
KNN,train,DEMO064,1,0.4
KNN,train,DEMO065,0,0.2
KNN,train,DEMO066,1,0.8
KNN,train,DEMO067,0,0.4
KNN,train,DEMO068,0,0.0
KNN,train,DEMO069,0,0.2
KNN,train,DEMO070,0,0.4
KNN,train,DEMO071,1,0.6
KNN,train,DEMO072,0,0.4
KNN,val,DEMO073,0,0.4
KNN,val,DEMO074,0,0.2
KNN,val,DEMO075,1,0.2
KNN,val,DEMO076,0,0.6
KNN,val,DEMO077,0,0.6
KNN,val,DEMO078,0,0.0
KNN,val,DEMO079,1,0.4
KNN,val,DEMO080,0,0.4
KNN,val,DEMO081,1,0.4
KNN,val,DEMO082,1,0.6
KNN,val,DEMO083,0,0.2
KNN,val,DEMO084,0,0.0
KNN,val,DEMO085,1,0.2
KNN,val,DEMO086,0,0.2
KNN,val,DEMO087,0,0.8
KNN,val,DEMO088,1,0.8
KNN,val,DEMO089,0,0.4
KNN,val,DEMO090,0,0.2
KNN,test1,DEMO091,1,0.2
KNN,test1,DEMO092,0,0.2
KNN,test1,DEMO093,0,0.2
KNN,test1,DEMO094,1,0.4
KNN,test1,DEMO095,0,0.4
KNN,test1,DEMO096,0,0.6
KNN,test1,DEMO097,1,0.2
KNN,test1,DEMO098,0,0.2
KNN,test1,DEMO099,1,0.4
KNN,test1,DEMO100,0,0.4
KNN,test1,DEMO101,0,0.2
KNN,test1,DEMO102,0,0.6
KNN,test1,DEMO103,1,0.4
KNN,test1,DEMO104,0,0.2
KNN,test1,DEMO105,1,0.4
KNN,test1,DEMO106,1,0.2
KNN,test1,DEMO107,1,0.2
KNN,test1,DEMO108,0,0.4
KNN,test2,DEMO109,1,0.2
KNN,test2,DEMO110,0,0.2
KNN,test2,DEMO111,0,0.4
KNN,test2,DEMO112,1,0.4
KNN,test2,DEMO113,1,0.2
KNN,test2,DEMO114,1,0.2
KNN,test2,DEMO115,1,0.2
KNN,test2,DEMO116,0,0.6
KNN,test2,DEMO117,0,0.4
KNN,test2,DEMO118,0,0.6
KNN,test2,DEMO119,1,0.8
KNN,test2,DEMO120,0,0.4
CART,train,DEMO001,0,0.2903225806451613
CART,train,DEMO002,1,1.0
CART,train,DEMO003,1,0.2903225806451613
CART,train,DEMO004,0,0.2903225806451613
CART,train,DEMO005,0,0.2903225806451613
CART,train,DEMO006,1,0.2903225806451613
CART,train,DEMO007,1,1.0
CART,train,DEMO008,1,1.0
CART,train,DEMO009,1,0.2903225806451613
CART,train,DEMO010,0,0.0
CART,train,DEMO011,0,0.2903225806451613
CART,train,DEMO012,1,0.2903225806451613
CART,train,DEMO013,1,1.0
CART,train,DEMO014,0,0.0
CART,train,DEMO015,0,0.2903225806451613
CART,train,DEMO016,1,0.25
CART,train,DEMO017,0,0.0
CART,train,DEMO018,0,0.0
CART,train,DEMO019,0,0.0
CART,train,DEMO020,0,0.0
CART,train,DEMO021,0,0.2903225806451613
CART,train,DEMO022,1,1.0
CART,train,DEMO023,0,0.2903225806451613
CART,train,DEMO024,0,0.2903225806451613
CART,train,DEMO025,1,0.2903225806451613
CART,train,DEMO026,0,0.0
CART,train,DEMO027,0,0.2903225806451613
CART,train,DEMO028,0,0.2903225806451613
CART,train,DEMO029,1,0.2903225806451613
CART,train,DEMO030,0,0.0
CART,train,DEMO031,1,1.0
CART,train,DEMO032,0,0.2903225806451613
CART,train,DEMO033,0,0.0
CART,train,DEMO034,0,0.0
CART,train,DEMO035,0,0.2903225806451613
CART,train,DEMO036,0,0.0
CART,train,DEMO037,0,0.2903225806451613
CART,train,DEMO038,1,1.0
CART,train,DEMO039,0,0.2903225806451613
CART,train,DEMO040,1,0.2903225806451613
CART,train,DEMO041,0,0.25
CART,train,DEMO042,0,0.0
CART,train,DEMO043,0,0.25
CART,train,DEMO044,1,1.0
CART,train,DEMO045,0,0.0
CART,train,DEMO046,0,0.0
CART,train,DEMO047,0,0.2903225806451613
CART,train,DEMO048,0,0.0
CART,train,DEMO049,1,1.0
CART,train,DEMO050,1,1.0
CART,train,DEMO051,0,0.0
CART,train,DEMO052,0,0.2903225806451613
CART,train,DEMO053,0,0.0
CART,train,DEMO054,1,0.2903225806451613
CART,train,DEMO055,0,0.0
CART,train,DEMO056,0,0.2903225806451613
CART,train,DEMO057,0,0.0
CART,train,DEMO058,0,0.2903225806451613
CART,train,DEMO059,0,0.0
CART,train,DEMO060,0,0.2903225806451613
CART,train,DEMO061,0,0.25
CART,train,DEMO062,0,0.0
CART,train,DEMO063,0,0.2903225806451613
CART,train,DEMO064,1,0.2903225806451613
CART,train,DEMO065,0,0.0
CART,train,DEMO066,1,1.0
CART,train,DEMO067,0,0.0
CART,train,DEMO068,0,0.0
CART,train,DEMO069,0,0.0
CART,train,DEMO070,0,0.2903225806451613
CART,train,DEMO071,1,1.0
CART,train,DEMO072,0,0.2903225806451613
CART,val,DEMO073,0,0.0
CART,val,DEMO074,0,1.0
CART,val,DEMO075,1,0.0
CART,val,DEMO076,0,0.2903225806451613
CART,val,DEMO077,0,0.2903225806451613
CART,val,DEMO078,0,0.2903225806451613
CART,val,DEMO079,1,0.2903225806451613
CART,val,DEMO080,0,1.0
CART,val,DEMO081,1,1.0
CART,val,DEMO082,1,1.0
CART,val,DEMO083,0,0.0
CART,val,DEMO084,0,0.2903225806451613
CART,val,DEMO085,1,0.2903225806451613
CART,val,DEMO086,0,0.0
CART,val,DEMO087,0,0.2903225806451613
CART,val,DEMO088,1,0.2903225806451613
CART,val,DEMO089,0,0.2903225806451613
CART,val,DEMO090,0,0.2903225806451613
CART,test1,DEMO091,1,1.0
CART,test1,DEMO092,0,0.0
CART,test1,DEMO093,0,0.2903225806451613
CART,test1,DEMO094,1,0.2903225806451613
CART,test1,DEMO095,0,1.0
CART,test1,DEMO096,0,0.2903225806451613
CART,test1,DEMO097,1,0.0
CART,test1,DEMO098,0,0.0
CART,test1,DEMO099,1,0.2903225806451613
CART,test1,DEMO100,0,1.0
CART,test1,DEMO101,0,0.2903225806451613
CART,test1,DEMO102,0,1.0
CART,test1,DEMO103,1,1.0
CART,test1,DEMO104,0,0.2903225806451613
CART,test1,DEMO105,1,1.0
CART,test1,DEMO106,1,1.0
CART,test1,DEMO107,1,0.0
CART,test1,DEMO108,0,0.2903225806451613
CART,test2,DEMO109,1,0.0
CART,test2,DEMO110,0,0.0
CART,test2,DEMO111,0,0.2903225806451613
CART,test2,DEMO112,1,0.2903225806451613
CART,test2,DEMO113,1,0.0
CART,test2,DEMO114,1,0.0
CART,test2,DEMO115,1,0.2903225806451613
CART,test2,DEMO116,0,1.0
CART,test2,DEMO117,0,0.2903225806451613
CART,test2,DEMO118,0,0.2903225806451613
CART,test2,DEMO119,1,1.0
CART,test2,DEMO120,0,0.2903225806451613
QDA,train,DEMO001,0,0.17954919877321304
QDA,train,DEMO002,1,0.9111138860163055
QDA,train,DEMO003,1,0.4653753785806943
QDA,train,DEMO004,0,0.1411482828418527
QDA,train,DEMO005,0,0.02812461186251838
QDA,train,DEMO006,1,0.28782644142494135
QDA,train,DEMO007,1,0.2323793088390878
QDA,train,DEMO008,1,0.8952294551843403
QDA,train,DEMO009,1,0.81758408219
QDA,train,DEMO010,0,0.01122269514550972
QDA,train,DEMO011,0,0.022659052345130565
QDA,train,DEMO012,1,0.3326193232528208
QDA,train,DEMO013,1,0.575571695452658
QDA,train,DEMO014,0,0.1109753932015294
QDA,train,DEMO015,0,0.4956965657832001
QDA,train,DEMO016,1,0.5264850644419106
QDA,train,DEMO017,0,0.23001864568938865
QDA,train,DEMO018,0,0.19177085809282648
QDA,train,DEMO019,0,0.03981170760537054
QDA,train,DEMO020,0,0.031073771784108795
QDA,train,DEMO021,0,0.2909678684088935
QDA,train,DEMO022,1,0.9033423715337446
QDA,train,DEMO023,0,0.2922489750172421
QDA,train,DEMO024,0,0.14388077612097713
QDA,train,DEMO025,1,0.23546942599735174
QDA,train,DEMO026,0,0.09995781160712323
QDA,train,DEMO027,0,0.4051324972371731
QDA,train,DEMO028,0,0.48142319193935884
QDA,train,DEMO029,1,0.2776640148866853
QDA,train,DEMO030,0,0.20243006113050002
QDA,train,DEMO031,1,0.8737594816909843
QDA,train,DEMO032,0,0.44135453509351374
QDA,train,DEMO033,0,0.1873324432066119
QDA,train,DEMO034,0,0.06262771833935096
QDA,train,DEMO035,0,0.37722342496483924
QDA,train,DEMO036,0,0.022305258614281637
QDA,train,DEMO037,0,0.44390203184495164
QDA,train,DEMO038,1,0.9413171476948151
QDA,train,DEMO039,0,0.10898840481111144
QDA,train,DEMO040,1,0.7222088214958481
QDA,train,DEMO041,0,0.17112355739338067
QDA,train,DEMO042,0,0.02553153988784299
QDA,train,DEMO043,0,0.23430486242287113
QDA,train,DEMO044,1,0.7923009757862628
QDA,train,DEMO045,0,0.2385845312745946
QDA,train,DEMO046,0,0.15414957517235103
QDA,train,DEMO047,0,0.11399147780439785
QDA,train,DEMO048,0,0.0691417887164623
QDA,train,DEMO049,1,0.9135345358089738
QDA,train,DEMO050,1,0.7544432916584712
QDA,train,DEMO051,0,0.02533027249493545
QDA,train,DEMO052,0,0.07621350031730882
QDA,train,DEMO053,0,0.3087947766232943
QDA,train,DEMO054,1,0.22684329704081074
QDA,train,DEMO055,0,0.130641868458168
QDA,train,DEMO056,0,0.07786207032860668
QDA,train,DEMO057,0,0.16482245574875706
QDA,train,DEMO058,0,0.2585974870590417
QDA,train,DEMO059,0,0.13290678022079713
QDA,train,DEMO060,0,0.3115356312209256
QDA,train,DEMO061,0,0.09784787572966958
QDA,train,DEMO062,0,0.14754559942092543
QDA,train,DEMO063,0,0.1965660461259707
QDA,train,DEMO064,1,0.4769580269827261
QDA,train,DEMO065,0,0.22415456424811012
QDA,train,DEMO066,1,0.9500646620373852
QDA,train,DEMO067,0,0.1930865311463184
QDA,train,DEMO068,0,0.408212428330071
QDA,train,DEMO069,0,0.17363223416018303
QDA,train,DEMO070,0,0.1591228000906033
QDA,train,DEMO071,1,0.45926894206549884
QDA,train,DEMO072,0,0.21454384108607166
QDA,val,DEMO073,0,0.07834957774472052
QDA,val,DEMO074,0,0.208115428383036
QDA,val,DEMO075,1,0.371166547852841
QDA,val,DEMO076,0,0.2481567434984276
QDA,val,DEMO077,0,0.4282470857391481
QDA,val,DEMO078,0,0.5199663781154507
QDA,val,DEMO079,1,0.2698905950760325
QDA,val,DEMO080,0,0.9338577425378471
QDA,val,DEMO081,1,0.4105059295962685
QDA,val,DEMO082,1,0.9997996354329647
QDA,val,DEMO083,0,0.163626880668059
QDA,val,DEMO084,0,0.17702087412734083
QDA,val,DEMO085,1,0.2436826520300419
QDA,val,DEMO086,0,0.14361938007945485
QDA,val,DEMO087,0,0.826485161650163
QDA,val,DEMO088,1,0.5428407362811288
QDA,val,DEMO089,0,0.4361844578954123
QDA,val,DEMO090,0,0.3364218792730714
QDA,test1,DEMO091,1,0.5013607553337996
QDA,test1,DEMO092,0,0.30054400754416005
QDA,test1,DEMO093,0,0.3313838976655109
QDA,test1,DEMO094,1,0.20906518850814523
QDA,test1,DEMO095,0,0.27360358521513384
QDA,test1,DEMO096,0,0.5441380511824397
QDA,test1,DEMO097,1,0.1919378469953538
QDA,test1,DEMO098,0,0.035705893744417884
QDA,test1,DEMO099,1,0.3478470720473327
QDA,test1,DEMO100,0,0.31084801232641485
QDA,test1,DEMO101,0,0.1095187529905478
QDA,test1,DEMO102,0,0.7881105055564205
QDA,test1,DEMO103,1,0.4955112921106268
QDA,test1,DEMO104,0,0.2929102722157414
QDA,test1,DEMO105,1,0.8374578090437768
QDA,test1,DEMO106,1,0.1397145059166473
QDA,test1,DEMO107,1,0.3957578564905327
QDA,test1,DEMO108,0,0.31114796039317016
QDA,test2,DEMO109,1,0.18269040233080455
QDA,test2,DEMO110,0,0.1512342272899698
QDA,test2,DEMO111,0,0.5768045608665334
QDA,test2,DEMO112,1,0.23477764045533628
QDA,test2,DEMO113,1,0.2802425905030786
QDA,test2,DEMO114,1,0.04853306065490565
QDA,test2,DEMO115,1,0.4208495886873624
QDA,test2,DEMO116,0,0.8424332119067399
QDA,test2,DEMO117,0,0.4517825687498584
QDA,test2,DEMO118,0,0.5384543873627298
QDA,test2,DEMO119,1,0.9449063871763318
QDA,test2,DEMO120,0,0.40003964377089735
GaussianNB,train,DEMO001,0,0.23996491989990923
GaussianNB,train,DEMO002,1,0.5751049725608154
GaussianNB,train,DEMO003,1,0.3419453772370619
GaussianNB,train,DEMO004,0,0.11085486954575129
GaussianNB,train,DEMO005,0,0.10004934138509876
GaussianNB,train,DEMO006,1,0.3089954666926039
GaussianNB,train,DEMO007,1,0.24004972258545865
GaussianNB,train,DEMO008,1,0.36745904865552725
GaussianNB,train,DEMO009,1,0.34200439204518507
GaussianNB,train,DEMO010,0,0.1129509094496234
GaussianNB,train,DEMO011,0,0.20200649243606641
GaussianNB,train,DEMO012,1,0.25708034344730735
GaussianNB,train,DEMO013,1,0.2491538751634163
GaussianNB,train,DEMO014,0,0.21289734099523058
GaussianNB,train,DEMO015,0,0.5122603762307356
GaussianNB,train,DEMO016,1,0.34360964175860553
GaussianNB,train,DEMO017,0,0.2135310706001598
GaussianNB,train,DEMO018,0,0.2130831668030241
GaussianNB,train,DEMO019,0,0.25268407767360646
GaussianNB,train,DEMO020,0,0.16090478492395496
GaussianNB,train,DEMO021,0,0.26106281003820664
GaussianNB,train,DEMO022,1,0.8132409905094755
GaussianNB,train,DEMO023,0,0.262784823135039
GaussianNB,train,DEMO024,0,0.09316474762760303
GaussianNB,train,DEMO025,1,0.18942272826407502
GaussianNB,train,DEMO026,0,0.2860858078833429
GaussianNB,train,DEMO027,0,0.33885275505490625
GaussianNB,train,DEMO028,0,0.39826130429071194
GaussianNB,train,DEMO029,1,0.20868883683566006
GaussianNB,train,DEMO030,0,0.16323777334839235
GaussianNB,train,DEMO031,1,0.4432168734397174
GaussianNB,train,DEMO032,0,0.3875235099460698
GaussianNB,train,DEMO033,0,0.3319660522578548
GaussianNB,train,DEMO034,0,0.1493551084419823
GaussianNB,train,DEMO035,0,0.3442355741977528
GaussianNB,train,DEMO036,0,0.1987592573001214
GaussianNB,train,DEMO037,0,0.3865566782921555
GaussianNB,train,DEMO038,1,0.7898271192138496
GaussianNB,train,DEMO039,0,0.17269998442335532
GaussianNB,train,DEMO040,1,0.32094674710562004
GaussianNB,train,DEMO041,0,0.27630241315422704
GaussianNB,train,DEMO042,0,0.22602687633069185
GaussianNB,train,DEMO043,0,0.5230529366319242
GaussianNB,train,DEMO044,1,0.6687151124284709
GaussianNB,train,DEMO045,0,0.22746013246464716
GaussianNB,train,DEMO046,0,0.17894815363164082
GaussianNB,train,DEMO047,0,0.2474759589957269
GaussianNB,train,DEMO048,0,0.20790369798929922
GaussianNB,train,DEMO049,1,0.7425294122153301
GaussianNB,train,DEMO050,1,0.4540249367021816
GaussianNB,train,DEMO051,0,0.10367327731766501
GaussianNB,train,DEMO052,0,0.16836053640036738
GaussianNB,train,DEMO053,0,0.13528679838823643
GaussianNB,train,DEMO054,1,0.19234744051074887
GaussianNB,train,DEMO055,0,0.1456959216392583
GaussianNB,train,DEMO056,0,0.08319526482301089
GaussianNB,train,DEMO057,0,0.22126224332974678
GaussianNB,train,DEMO058,0,0.14529317410232975
GaussianNB,train,DEMO059,0,0.2912800837105516
GaussianNB,train,DEMO060,0,0.1908481179505501
GaussianNB,train,DEMO061,0,0.4132855001737826
GaussianNB,train,DEMO062,0,0.21429851506265946
GaussianNB,train,DEMO063,0,0.4008846395826655
GaussianNB,train,DEMO064,1,0.33168097193203877
GaussianNB,train,DEMO065,0,0.20596110238169096
GaussianNB,train,DEMO066,1,0.8939952949440232
GaussianNB,train,DEMO067,0,0.21879856662625338
GaussianNB,train,DEMO068,0,0.29124935274074826
GaussianNB,train,DEMO069,0,0.3044097263063506
GaussianNB,train,DEMO070,0,0.3209144626006505
GaussianNB,train,DEMO071,1,0.37977562687324934
GaussianNB,train,DEMO072,0,0.2686841554464888
GaussianNB,val,DEMO073,0,0.16846213326968607
GaussianNB,val,DEMO074,0,0.3919346478324929
GaussianNB,val,DEMO075,1,0.22878682576821177
GaussianNB,val,DEMO076,0,0.20870968296905634
GaussianNB,val,DEMO077,0,0.4445653643983806
GaussianNB,val,DEMO078,0,0.23130834565199632
GaussianNB,val,DEMO079,1,0.17711947301615488
GaussianNB,val,DEMO080,0,0.8623541589097267
GaussianNB,val,DEMO081,1,0.8070494786728434
GaussianNB,val,DEMO082,1,0.99836126581582
GaussianNB,val,DEMO083,0,0.10639070837262818
GaussianNB,val,DEMO084,0,0.19372142862915442
GaussianNB,val,DEMO085,1,0.2331080823650512
GaussianNB,val,DEMO086,0,0.38778090021040823
GaussianNB,val,DEMO087,0,0.4529473452234317
GaussianNB,val,DEMO088,1,0.28533520083467306
GaussianNB,val,DEMO089,0,0.4346607448040619
GaussianNB,val,DEMO090,0,0.22804481097408347
GaussianNB,test1,DEMO091,1,0.6410544059805994
GaussianNB,test1,DEMO092,0,0.17115023031283652
GaussianNB,test1,DEMO093,0,0.1873207870723778
GaussianNB,test1,DEMO094,1,0.6602151101461959
GaussianNB,test1,DEMO095,0,0.6221627408923874
GaussianNB,test1,DEMO096,0,0.2506376320365563
GaussianNB,test1,DEMO097,1,0.17601422262231803
GaussianNB,test1,DEMO098,0,0.26481288013289733
GaussianNB,test1,DEMO099,1,0.34018320410145625
GaussianNB,test1,DEMO100,0,0.2894320512281022
GaussianNB,test1,DEMO101,0,0.18037576830045549
GaussianNB,test1,DEMO102,0,0.44025503557060114
GaussianNB,test1,DEMO103,1,0.3406078299550787
GaussianNB,test1,DEMO104,0,0.22452087440394866
GaussianNB,test1,DEMO105,1,0.9026982737908962
GaussianNB,test1,DEMO106,1,0.25012727347482355
GaussianNB,test1,DEMO107,1,0.24979423846869434
GaussianNB,test1,DEMO108,0,0.19693798166711313
GaussianNB,test2,DEMO109,1,0.22841335507182486
GaussianNB,test2,DEMO110,0,0.2566141169043174
GaussianNB,test2,DEMO111,0,0.2085369301638288
GaussianNB,test2,DEMO112,1,0.21933127694195437
GaussianNB,test2,DEMO113,1,0.2281335184744434
GaussianNB,test2,DEMO114,1,0.2853319669475281
GaussianNB,test2,DEMO115,1,0.22100567645981417
GaussianNB,test2,DEMO116,0,0.7258926222132711
GaussianNB,test2,DEMO117,0,0.26161684807747915
GaussianNB,test2,DEMO118,0,0.27462289426984765
GaussianNB,test2,DEMO119,1,0.7719462499334844
GaussianNB,test2,DEMO120,0,0.26950475499972404
PolynomialSVM,train,DEMO001,0,0.30633124027292274
PolynomialSVM,train,DEMO002,1,0.3070039623572112
PolynomialSVM,train,DEMO003,1,0.30794713763250897
PolynomialSVM,train,DEMO004,0,0.3063273026009699
PolynomialSVM,train,DEMO005,0,0.30633132488894477
PolynomialSVM,train,DEMO006,1,0.30805729108410324
PolynomialSVM,train,DEMO007,1,0.3081322985329619
PolynomialSVM,train,DEMO008,1,0.32329123171528107
PolynomialSVM,train,DEMO009,1,0.3091058714651245
PolynomialSVM,train,DEMO010,0,0.3063314855608207
PolynomialSVM,train,DEMO011,0,0.30615000053618746
PolynomialSVM,train,DEMO012,1,0.3068177220145674
PolynomialSVM,train,DEMO013,1,0.3112909091243041
PolynomialSVM,train,DEMO014,0,0.3063323034560129
PolynomialSVM,train,DEMO015,0,0.3063291405316939
PolynomialSVM,train,DEMO016,1,0.30794731200332653
PolynomialSVM,train,DEMO017,0,0.3066662096766037
PolynomialSVM,train,DEMO018,0,0.30632894713212144
PolynomialSVM,train,DEMO019,0,0.3057679461251216
PolynomialSVM,train,DEMO020,0,0.3057058578202856
PolynomialSVM,train,DEMO021,0,0.30664818000485455
PolynomialSVM,train,DEMO022,1,0.31398892780709015
PolynomialSVM,train,DEMO023,0,0.30633235351502935
PolynomialSVM,train,DEMO024,0,0.30394389912422165
PolynomialSVM,train,DEMO025,1,0.3065843394165261
PolynomialSVM,train,DEMO026,0,0.3063327842592361
PolynomialSVM,train,DEMO027,0,0.30736964025569885
PolynomialSVM,train,DEMO028,0,0.30835548828275755
PolynomialSVM,train,DEMO029,1,0.30788747652264215
PolynomialSVM,train,DEMO030,0,0.3063318112977741
PolynomialSVM,train,DEMO031,1,0.3147396247746922
PolynomialSVM,train,DEMO032,0,0.30691181411996193
PolynomialSVM,train,DEMO033,0,0.3039096380467021
PolynomialSVM,train,DEMO034,0,0.30633290788064893
PolynomialSVM,train,DEMO035,0,0.3064768973309232
PolynomialSVM,train,DEMO036,0,0.3057041680679051
PolynomialSVM,train,DEMO037,0,0.31103861897210056
PolynomialSVM,train,DEMO038,1,0.32328824927864513
PolynomialSVM,train,DEMO039,0,0.30632712627362196
PolynomialSVM,train,DEMO040,1,0.3077119168999031
PolynomialSVM,train,DEMO041,0,0.3063296802197209
PolynomialSVM,train,DEMO042,0,0.30050052675222055
PolynomialSVM,train,DEMO043,0,0.30458741322042665
PolynomialSVM,train,DEMO044,1,0.30764357995072483
PolynomialSVM,train,DEMO045,0,0.30585305398213936
PolynomialSVM,train,DEMO046,0,0.3062372579060275
PolynomialSVM,train,DEMO047,0,0.3061431134522095
PolynomialSVM,train,DEMO048,0,0.3063319103265619
PolynomialSVM,train,DEMO049,1,0.3232901150687672
PolynomialSVM,train,DEMO050,1,0.30934121510300505
PolynomialSVM,train,DEMO051,0,0.3056527073050116
PolynomialSVM,train,DEMO052,0,0.29148673855970986
PolynomialSVM,train,DEMO053,0,0.30633284652667564
PolynomialSVM,train,DEMO054,1,0.30659813470133174
PolynomialSVM,train,DEMO055,0,0.3053338137952527
PolynomialSVM,train,DEMO056,0,0.30032615027447906
PolynomialSVM,train,DEMO057,0,0.30633272991258026
PolynomialSVM,train,DEMO058,0,0.3063308027478574
PolynomialSVM,train,DEMO059,0,0.3063300177352714
PolynomialSVM,train,DEMO060,0,0.30676404889660225
PolynomialSVM,train,DEMO061,0,0.2983945538129701
PolynomialSVM,train,DEMO062,0,0.30633123665534573
PolynomialSVM,train,DEMO063,0,0.3006188567190775
PolynomialSVM,train,DEMO064,1,0.3077942821453789
PolynomialSVM,train,DEMO065,0,0.30737013838183774
PolynomialSVM,train,DEMO066,1,0.3232901152986336
PolynomialSVM,train,DEMO067,0,0.3063288371656335
PolynomialSVM,train,DEMO068,0,0.305827542788244
PolynomialSVM,train,DEMO069,0,0.30633024923902197
PolynomialSVM,train,DEMO070,0,0.29745307491682965
PolynomialSVM,train,DEMO071,1,0.31076507130488323
PolynomialSVM,train,DEMO072,0,0.30632771056948815
PolynomialSVM,val,DEMO073,0,0.3037972736669597
PolynomialSVM,val,DEMO074,0,0.30360382989605217
PolynomialSVM,val,DEMO075,1,0.3068273350159007
PolynomialSVM,val,DEMO076,0,0.30683441822528623
PolynomialSVM,val,DEMO077,0,0.30069488443617604
PolynomialSVM,val,DEMO078,0,0.3096349098996739
PolynomialSVM,val,DEMO079,1,0.306654924270307
PolynomialSVM,val,DEMO080,0,0.30341027866119363
PolynomialSVM,val,DEMO081,1,0.3149057987216931
PolynomialSVM,val,DEMO082,1,0.29384935600524575
PolynomialSVM,val,DEMO083,0,0.3064966966704993
PolynomialSVM,val,DEMO084,0,0.3076306599317069
PolynomialSVM,val,DEMO085,1,0.28133987712986275
PolynomialSVM,val,DEMO086,0,0.30701507494437624
PolynomialSVM,val,DEMO087,0,0.30700182359147304
PolynomialSVM,val,DEMO088,1,0.3073731373453422
PolynomialSVM,val,DEMO089,0,0.30958337527236385
PolynomialSVM,val,DEMO090,0,0.30694225220713095
PolynomialSVM,test1,DEMO091,1,0.3065619660913053
PolynomialSVM,test1,DEMO092,0,0.30700390494615665
PolynomialSVM,test1,DEMO093,0,0.30523431700745557
PolynomialSVM,test1,DEMO094,1,0.2954948032346326
PolynomialSVM,test1,DEMO095,0,0.317137976783917
PolynomialSVM,test1,DEMO096,0,0.30582628289014363
PolynomialSVM,test1,DEMO097,1,0.3068813281790634
PolynomialSVM,test1,DEMO098,0,0.30064495390575313
PolynomialSVM,test1,DEMO099,1,0.3089506214507657
PolynomialSVM,test1,DEMO100,0,0.30313052879484276
PolynomialSVM,test1,DEMO101,0,0.3042381624620046
PolynomialSVM,test1,DEMO102,0,0.29752215982942176
PolynomialSVM,test1,DEMO103,1,0.31522514934895896
PolynomialSVM,test1,DEMO104,0,0.30525709583371774
PolynomialSVM,test1,DEMO105,1,0.304236886653522
PolynomialSVM,test1,DEMO106,1,0.31053623211321063
PolynomialSVM,test1,DEMO107,1,0.3072409611692189
PolynomialSVM,test1,DEMO108,0,0.3066654988185223
PolynomialSVM,test2,DEMO109,1,0.30553948594233377
PolynomialSVM,test2,DEMO110,0,0.30568342533863824
PolynomialSVM,test2,DEMO111,0,0.30707864689978553
PolynomialSVM,test2,DEMO112,1,0.30916037448934036
PolynomialSVM,test2,DEMO113,1,0.3065271407987111
PolynomialSVM,test2,DEMO114,1,0.30586653642101186
PolynomialSVM,test2,DEMO115,1,0.3046125101985294
PolynomialSVM,test2,DEMO116,0,0.304747217177483
PolynomialSVM,test2,DEMO117,0,0.31037761895336535
PolynomialSVM,test2,DEMO118,0,0.3080225850860657
PolynomialSVM,test2,DEMO119,1,0.30125883157754707
PolynomialSVM,test2,DEMO120,0,0.3068745692766404
SGDClassifier,train,DEMO001,0,1.2088782393043674e-15
SGDClassifier,train,DEMO002,1,1.9997434220175815e-17
SGDClassifier,train,DEMO003,1,0.999999999999998
SGDClassifier,train,DEMO004,0,1.0
SGDClassifier,train,DEMO005,0,6.794358274105897e-22
SGDClassifier,train,DEMO006,1,0.9999999998414313
SGDClassifier,train,DEMO007,1,1.081701381481756e-29
SGDClassifier,train,DEMO008,1,1.129620772387001e-15
SGDClassifier,train,DEMO009,1,0.9999999999999996
SGDClassifier,train,DEMO010,0,1.4008362444345106e-30
SGDClassifier,train,DEMO011,0,0.9999999999328963
SGDClassifier,train,DEMO012,1,0.9999979020087466
SGDClassifier,train,DEMO013,1,1.0
SGDClassifier,train,DEMO014,0,5.346929017341126e-26
SGDClassifier,train,DEMO015,0,0.9999999999999989
SGDClassifier,train,DEMO016,1,9.57760755241975e-31
SGDClassifier,train,DEMO017,0,5.200442195874715e-10
SGDClassifier,train,DEMO018,0,3.4454464548013124e-10
SGDClassifier,train,DEMO019,0,9.445770758217846e-26
SGDClassifier,train,DEMO020,0,4.2669131413592476e-39
SGDClassifier,train,DEMO021,0,1.0189371805113404e-10
SGDClassifier,train,DEMO022,1,0.7151265702832766
SGDClassifier,train,DEMO023,0,0.8955107484994299
SGDClassifier,train,DEMO024,0,0.9999999999701059
SGDClassifier,train,DEMO025,1,0.9999828166966346
SGDClassifier,train,DEMO026,0,8.184218492359737e-09
SGDClassifier,train,DEMO027,0,1.0
SGDClassifier,train,DEMO028,0,0.9978639688827968
SGDClassifier,train,DEMO029,1,1.0
SGDClassifier,train,DEMO030,0,5.838320546253053e-29
SGDClassifier,train,DEMO031,1,7.03745958145731e-39
SGDClassifier,train,DEMO032,0,0.999943289370621
SGDClassifier,train,DEMO033,0,5.241096732182265e-12
SGDClassifier,train,DEMO034,0,9.340452547929326e-17
SGDClassifier,train,DEMO035,0,0.9999999999999996
SGDClassifier,train,DEMO036,0,6.693996940891573e-34
SGDClassifier,train,DEMO037,0,0.999999979195292
SGDClassifier,train,DEMO038,1,0.9999999999999978
SGDClassifier,train,DEMO039,0,1.0
SGDClassifier,train,DEMO040,1,0.9040848625080564
SGDClassifier,train,DEMO041,0,1.3795059423582822e-57
SGDClassifier,train,DEMO042,0,1.8557338574240456e-07
SGDClassifier,train,DEMO043,0,9.533515959120641e-33
SGDClassifier,train,DEMO044,1,6.877795522294158e-44
SGDClassifier,train,DEMO045,0,0.0006137434172768317
SGDClassifier,train,DEMO046,0,6.34296660446811e-28
SGDClassifier,train,DEMO047,0,0.9740984677997835
SGDClassifier,train,DEMO048,0,2.1579039534233512e-19
SGDClassifier,train,DEMO049,1,1.0
SGDClassifier,train,DEMO050,1,1.0
SGDClassifier,train,DEMO051,0,2.2963297929609535e-34
SGDClassifier,train,DEMO052,0,0.04893670188028656
SGDClassifier,train,DEMO053,0,0.9998377351474949
SGDClassifier,train,DEMO054,1,1.9248330490305996e-05
SGDClassifier,train,DEMO055,0,3.1121044041371116e-17
SGDClassifier,train,DEMO056,0,1.0
SGDClassifier,train,DEMO057,0,3.48921782125542e-08
SGDClassifier,train,DEMO058,0,0.9999997162039579
SGDClassifier,train,DEMO059,0,0.11496972172950676
SGDClassifier,train,DEMO060,0,5.191940679451428e-09
SGDClassifier,train,DEMO061,0,1.1064560755399091e-88
SGDClassifier,train,DEMO062,0,0.6198831681417629
SGDClassifier,train,DEMO063,0,1.0
SGDClassifier,train,DEMO064,1,1.0
SGDClassifier,train,DEMO065,0,4.791730904729161e-18
SGDClassifier,train,DEMO066,1,1.9129125768550098e-55
SGDClassifier,train,DEMO067,0,1.2439266805575309e-51
SGDClassifier,train,DEMO068,0,3.3893205328563443e-14
SGDClassifier,train,DEMO069,0,9.581001747922636e-06
SGDClassifier,train,DEMO070,0,1.0
SGDClassifier,train,DEMO071,1,1.0
SGDClassifier,train,DEMO072,0,0.9999999999999998
SGDClassifier,val,DEMO073,0,0.16990628781632952
SGDClassifier,val,DEMO074,0,8.197784528565815e-07
SGDClassifier,val,DEMO075,1,4.4695332199194384e-20
SGDClassifier,val,DEMO076,0,1.0
SGDClassifier,val,DEMO077,0,0.9999999999997913
SGDClassifier,val,DEMO078,0,1.0
SGDClassifier,val,DEMO079,1,0.9999982378076666
SGDClassifier,val,DEMO080,0,1.0
SGDClassifier,val,DEMO081,1,3.5230603638594755e-24
SGDClassifier,val,DEMO082,1,2.8989904705049247e-52
SGDClassifier,val,DEMO083,0,4.3156072554560385e-15
SGDClassifier,val,DEMO084,0,0.9999987162796374
SGDClassifier,val,DEMO085,1,1.0
SGDClassifier,val,DEMO086,0,0.0014255944582483465
SGDClassifier,val,DEMO087,0,1.0
SGDClassifier,val,DEMO088,1,0.999999999999936
SGDClassifier,val,DEMO089,0,0.9999999382619698
SGDClassifier,val,DEMO090,0,0.9999999999981386
SGDClassifier,test1,DEMO091,1,4.28847203247517e-26
SGDClassifier,test1,DEMO092,0,4.0720647956845567e-16
SGDClassifier,test1,DEMO093,0,0.14815383599801107
SGDClassifier,test1,DEMO094,1,1.0
SGDClassifier,test1,DEMO095,0,1.0
SGDClassifier,test1,DEMO096,0,1.0
SGDClassifier,test1,DEMO097,1,1.7665801840442656e-18
SGDClassifier,test1,DEMO098,0,1.6155909845777698e-57
SGDClassifier,test1,DEMO099,1,0.9999999999999993
SGDClassifier,test1,DEMO100,0,1.1093583259724232e-18
SGDClassifier,test1,DEMO101,0,0.08225561123991265
SGDClassifier,test1,DEMO102,0,1.0
SGDClassifier,test1,DEMO103,1,1.0
SGDClassifier,test1,DEMO104,0,0.9999996322861573
SGDClassifier,test1,DEMO105,1,2.6626205619852205e-27
SGDClassifier,test1,DEMO106,1,1.0
SGDClassifier,test1,DEMO107,1,1.8298828958386888e-13
SGDClassifier,test1,DEMO108,0,0.999983782126768
SGDClassifier,test2,DEMO109,1,6.41022983534919e-15
SGDClassifier,test2,DEMO110,0,1.878190206910705e-24
SGDClassifier,test2,DEMO111,0,8.911029774316862e-15
SGDClassifier,test2,DEMO112,1,0.008828081910264914
SGDClassifier,test2,DEMO113,1,0.005722797907316203
SGDClassifier,test2,DEMO114,1,1.5497996043957486e-23
SGDClassifier,test2,DEMO115,1,2.5146437788174364e-08
SGDClassifier,test2,DEMO116,0,1.0
SGDClassifier,test2,DEMO117,0,0.9999999999857794
SGDClassifier,test2,DEMO118,0,1.0
SGDClassifier,test2,DEMO119,1,7.183039191229839e-32
SGDClassifier,test2,DEMO120,0,0.9999986866359952
DecisionTree,train,DEMO001,0,0.125
DecisionTree,train,DEMO002,1,1.0
DecisionTree,train,DEMO003,1,0.125
DecisionTree,train,DEMO004,0,0.125
DecisionTree,train,DEMO005,0,0.125
DecisionTree,train,DEMO006,1,1.0
DecisionTree,train,DEMO007,1,0.125
DecisionTree,train,DEMO008,1,1.0
DecisionTree,train,DEMO009,1,0.125
DecisionTree,train,DEMO010,0,0.125
DecisionTree,train,DEMO011,0,0.125
DecisionTree,train,DEMO012,1,1.0
DecisionTree,train,DEMO013,1,1.0
DecisionTree,train,DEMO014,0,0.125
DecisionTree,train,DEMO015,0,0.125
DecisionTree,train,DEMO016,1,0.25
DecisionTree,train,DEMO017,0,0.125
DecisionTree,train,DEMO018,0,0.0
DecisionTree,train,DEMO019,0,0.125
DecisionTree,train,DEMO020,0,0.0
DecisionTree,train,DEMO021,0,0.125
DecisionTree,train,DEMO022,1,1.0
DecisionTree,train,DEMO023,0,0.0
DecisionTree,train,DEMO024,0,0.125
DecisionTree,train,DEMO025,1,1.0
DecisionTree,train,DEMO026,0,0.125
DecisionTree,train,DEMO027,0,0.0
DecisionTree,train,DEMO028,0,0.0
DecisionTree,train,DEMO029,1,1.0
DecisionTree,train,DEMO030,0,0.0
DecisionTree,train,DEMO031,1,1.0
DecisionTree,train,DEMO032,0,0.25
DecisionTree,train,DEMO033,0,0.0
DecisionTree,train,DEMO034,0,0.125
DecisionTree,train,DEMO035,0,0.125
DecisionTree,train,DEMO036,0,0.0
DecisionTree,train,DEMO037,0,0.125
DecisionTree,train,DEMO038,1,1.0
DecisionTree,train,DEMO039,0,0.125
DecisionTree,train,DEMO040,1,0.125
DecisionTree,train,DEMO041,0,0.25
DecisionTree,train,DEMO042,0,0.125
DecisionTree,train,DEMO043,0,0.125
DecisionTree,train,DEMO044,1,1.0
DecisionTree,train,DEMO045,0,0.125
DecisionTree,train,DEMO046,0,0.125
DecisionTree,train,DEMO047,0,0.125
DecisionTree,train,DEMO048,0,0.125
DecisionTree,train,DEMO049,1,1.0
DecisionTree,train,DEMO050,1,1.0
DecisionTree,train,DEMO051,0,0.125
DecisionTree,train,DEMO052,0,0.125
DecisionTree,train,DEMO053,0,0.125
DecisionTree,train,DEMO054,1,1.0
DecisionTree,train,DEMO055,0,0.125
DecisionTree,train,DEMO056,0,0.125
DecisionTree,train,DEMO057,0,0.125
DecisionTree,train,DEMO058,0,0.125
DecisionTree,train,DEMO059,0,0.0
DecisionTree,train,DEMO060,0,0.125
DecisionTree,train,DEMO061,0,0.125
DecisionTree,train,DEMO062,0,0.0
DecisionTree,train,DEMO063,0,0.125
DecisionTree,train,DEMO064,1,1.0
DecisionTree,train,DEMO065,0,0.125
DecisionTree,train,DEMO066,1,0.125
DecisionTree,train,DEMO067,0,0.125
DecisionTree,train,DEMO068,0,0.0
DecisionTree,train,DEMO069,0,0.25
DecisionTree,train,DEMO070,0,0.125
DecisionTree,train,DEMO071,1,1.0
DecisionTree,train,DEMO072,0,0.0
DecisionTree,val,DEMO073,0,0.125
DecisionTree,val,DEMO074,0,1.0
DecisionTree,val,DEMO075,1,1.0
DecisionTree,val,DEMO076,0,0.125
DecisionTree,val,DEMO077,0,0.125
DecisionTree,val,DEMO078,0,0.125
DecisionTree,val,DEMO079,1,0.125
DecisionTree,val,DEMO080,0,1.0
DecisionTree,val,DEMO081,1,1.0
DecisionTree,val,DEMO082,1,1.0
DecisionTree,val,DEMO083,0,0.125
DecisionTree,val,DEMO084,0,0.125
DecisionTree,val,DEMO085,1,0.125
DecisionTree,val,DEMO086,0,0.0
DecisionTree,val,DEMO087,0,0.125
DecisionTree,val,DEMO088,1,0.125
DecisionTree,val,DEMO089,0,0.125
DecisionTree,val,DEMO090,0,1.0
DecisionTree,test1,DEMO091,1,1.0
DecisionTree,test1,DEMO092,0,1.0
DecisionTree,test1,DEMO093,0,0.125
DecisionTree,test1,DEMO094,1,1.0
DecisionTree,test1,DEMO095,0,1.0
DecisionTree,test1,DEMO096,0,0.125
DecisionTree,test1,DEMO097,1,0.125
DecisionTree,test1,DEMO098,0,0.125
DecisionTree,test1,DEMO099,1,0.0
DecisionTree,test1,DEMO100,0,1.0
DecisionTree,test1,DEMO101,0,0.125
DecisionTree,test1,DEMO102,0,1.0
DecisionTree,test1,DEMO103,1,1.0
DecisionTree,test1,DEMO104,0,0.125
DecisionTree,test1,DEMO105,1,1.0
DecisionTree,test1,DEMO106,1,1.0
DecisionTree,test1,DEMO107,1,0.25
DecisionTree,test1,DEMO108,0,0.125
DecisionTree,test2,DEMO109,1,0.25
DecisionTree,test2,DEMO110,0,0.0
DecisionTree,test2,DEMO111,0,0.125
DecisionTree,test2,DEMO112,1,0.125
DecisionTree,test2,DEMO113,1,0.125
DecisionTree,test2,DEMO114,1,0.0
DecisionTree,test2,DEMO115,1,0.125
DecisionTree,test2,DEMO116,0,1.0
DecisionTree,test2,DEMO117,0,0.125
DecisionTree,test2,DEMO118,0,0.125
DecisionTree,test2,DEMO119,1,1.0
DecisionTree,test2,DEMO120,0,1.0
RotationForest,train,DEMO001,0,0.23722223294216266
RotationForest,train,DEMO002,1,0.33769842341835316
RotationForest,train,DEMO003,1,0.6233660130718953
RotationForest,train,DEMO004,0,0.23769842341835318
RotationForest,train,DEMO005,0,0.34853175675168646
RotationForest,train,DEMO006,1,0.3982866587124708
RotationForest,train,DEMO007,1,0.3982866587124708
RotationForest,train,DEMO008,1,0.4921215003414301
RotationForest,train,DEMO009,1,0.41519842341835317
RotationForest,train,DEMO010,0,0.2093834051033349
RotationForest,train,DEMO011,0,0.23769842341835318
RotationForest,train,DEMO012,1,0.3982866587124708
RotationForest,train,DEMO013,1,0.6233660130718953
RotationForest,train,DEMO014,0,0.23722223294216266
RotationForest,train,DEMO015,0,0.22769842341835317
RotationForest,train,DEMO016,1,0.47520973563554775
RotationForest,train,DEMO017,0,0.23722223294216266
RotationForest,train,DEMO018,0,0.23722223294216266
RotationForest,train,DEMO019,0,0.2093834051033349
RotationForest,train,DEMO020,0,0.2093834051033349
RotationForest,train,DEMO021,0,0.23722223294216266
RotationForest,train,DEMO022,1,0.3945871938518997
RotationForest,train,DEMO023,0,0.23769842341835318
RotationForest,train,DEMO024,0,0.23769842341835318
RotationForest,train,DEMO025,1,0.47520973563554775
RotationForest,train,DEMO026,0,0.24198413770406751
RotationForest,train,DEMO027,0,0.21414530986523958
RotationForest,train,DEMO028,0,0.23722223294216266
RotationForest,train,DEMO029,1,0.47520973563554775
RotationForest,train,DEMO030,0,0.2799716403974525
RotationForest,train,DEMO031,1,0.3372222329421627
RotationForest,train,DEMO032,0,0.23722223294216266
RotationForest,train,DEMO033,0,0.29828665871247084
RotationForest,train,DEMO034,0,0.2093834051033349
RotationForest,train,DEMO035,0,0.24198413770406751
RotationForest,train,DEMO036,0,0.2093834051033349
RotationForest,train,DEMO037,0,0.29828665871247084
RotationForest,train,DEMO038,1,0.6402777777777777
RotationForest,train,DEMO039,0,0.2146215003414301
RotationForest,train,DEMO040,1,0.4254548336747634
RotationForest,train,DEMO041,0,0.2093834051033349
RotationForest,train,DEMO042,0,0.2093834051033349
RotationForest,train,DEMO043,0,0.23722223294216266
RotationForest,train,DEMO044,1,0.47520973563554775
RotationForest,train,DEMO045,0,0.2324603281802579
RotationForest,train,DEMO046,0,0.2324603281802579
RotationForest,train,DEMO047,0,0.21414530986523958
RotationForest,train,DEMO048,0,0.2093834051033349
RotationForest,train,DEMO049,1,0.6233660130718953
RotationForest,train,DEMO050,1,0.41519842341835317
RotationForest,train,DEMO051,0,0.2093834051033349
RotationForest,train,DEMO052,0,0.2093834051033349
RotationForest,train,DEMO053,0,0.23769842341835318
RotationForest,train,DEMO054,1,0.41519842341835317
RotationForest,train,DEMO055,0,0.23769842341835318
RotationForest,train,DEMO056,0,0.2146215003414301
RotationForest,train,DEMO057,0,0.2189072146271444
RotationForest,train,DEMO058,0,0.23769842341835318
RotationForest,train,DEMO059,0,0.23722223294216266
RotationForest,train,DEMO060,0,0.23722223294216266
RotationForest,train,DEMO061,0,0.2093834051033349
RotationForest,train,DEMO062,0,0.247478643198573
RotationForest,train,DEMO063,0,0.2324603281802579
RotationForest,train,DEMO064,1,0.4141453098652396
RotationForest,train,DEMO065,0,0.23722223294216266
RotationForest,train,DEMO066,1,0.47520973563554775
RotationForest,train,DEMO067,0,0.2189072146271444
RotationForest,train,DEMO068,0,0.29828665871247084
RotationForest,train,DEMO069,0,0.29828665871247084
RotationForest,train,DEMO070,0,0.2189072146271444
RotationForest,train,DEMO071,1,0.47520973563554775
RotationForest,train,DEMO072,0,0.22769842341835317
RotationForest,val,DEMO073,0,0.2093834051033349
RotationForest,val,DEMO074,0,0.4046215003414301
RotationForest,val,DEMO075,1,0.23722223294216266
RotationForest,val,DEMO076,0,0.3146215003414301
RotationForest,val,DEMO077,0,0.30938340510333484
RotationForest,val,DEMO078,0,0.23769842341835318
RotationForest,val,DEMO079,1,0.29828665871247084
RotationForest,val,DEMO080,0,0.33769842341835316
RotationForest,val,DEMO081,1,0.3372222329421627
RotationForest,val,DEMO082,1,0.3193834051033349
RotationForest,val,DEMO083,0,0.2193834051033349
RotationForest,val,DEMO084,0,0.21414530986523958
RotationForest,val,DEMO085,1,0.46230158730158727
RotationForest,val,DEMO086,0,0.2324603281802579
RotationForest,val,DEMO087,0,0.41519842341835317
RotationForest,val,DEMO088,1,0.3372222329421627
RotationForest,val,DEMO089,0,0.41519842341835317
RotationForest,val,DEMO090,0,0.3982866587124708
RotationForest,test1,DEMO091,1,0.3372222329421627
RotationForest,test1,DEMO092,0,0.24198413770406751
RotationForest,test1,DEMO093,0,0.29828665871247084
RotationForest,test1,DEMO094,1,0.2324603281802579
RotationForest,test1,DEMO095,0,0.46230158730158727
RotationForest,test1,DEMO096,0,0.47520973563554775
RotationForest,test1,DEMO097,1,0.24198413770406751
RotationForest,test1,DEMO098,0,0.3799716403974525
RotationForest,test1,DEMO099,1,0.31414530986523964
RotationForest,test1,DEMO100,0,0.2093834051033349
RotationForest,test1,DEMO101,0,0.3030485634743756
RotationForest,test1,DEMO102,0,0.45277777777777767
RotationForest,test1,DEMO103,1,0.2876747216299455
RotationForest,test1,DEMO104,0,0.3030485634743756
RotationForest,test1,DEMO105,1,0.47520973563554775
RotationForest,test1,DEMO106,1,0.29828665871247084
RotationForest,test1,DEMO107,1,0.23722223294216266
RotationForest,test1,DEMO108,0,0.3372222329421627
RotationForest,test2,DEMO109,1,0.3030485634743756
RotationForest,test2,DEMO110,0,0.2093834051033349
RotationForest,test2,DEMO111,0,0.41519842341835317
RotationForest,test2,DEMO112,1,0.41075164470686854
RotationForest,test2,DEMO113,1,0.2324603281802579
RotationForest,test2,DEMO114,1,0.30938340510333484
RotationForest,test2,DEMO115,1,0.23769842341835318
RotationForest,test2,DEMO116,0,0.5233660130718953
RotationForest,test2,DEMO117,0,0.3372222329421627
RotationForest,test2,DEMO118,0,0.3982866587124708
RotationForest,test2,DEMO119,1,0.3146215003414301
RotationForest,test2,DEMO120,0,0.29828665871247084
ConditionalInferenceTree,train,DEMO001,0,0.305555555555556
ConditionalInferenceTree,train,DEMO002,1,0.305555555555556
ConditionalInferenceTree,train,DEMO003,1,0.305555555555556
ConditionalInferenceTree,train,DEMO004,0,0.305555555555556
ConditionalInferenceTree,train,DEMO005,0,0.305555555555556
ConditionalInferenceTree,train,DEMO006,1,0.305555555555556
ConditionalInferenceTree,train,DEMO007,1,0.305555555555556
ConditionalInferenceTree,train,DEMO008,1,0.305555555555556
ConditionalInferenceTree,train,DEMO009,1,0.305555555555556
ConditionalInferenceTree,train,DEMO010,0,0.305555555555556
ConditionalInferenceTree,train,DEMO011,0,0.305555555555556
ConditionalInferenceTree,train,DEMO012,1,0.305555555555556
ConditionalInferenceTree,train,DEMO013,1,0.305555555555556
ConditionalInferenceTree,train,DEMO014,0,0.305555555555556
ConditionalInferenceTree,train,DEMO015,0,0.305555555555556
ConditionalInferenceTree,train,DEMO016,1,0.305555555555556
ConditionalInferenceTree,train,DEMO017,0,0.305555555555556
ConditionalInferenceTree,train,DEMO018,0,0.305555555555556
ConditionalInferenceTree,train,DEMO019,0,0.305555555555556
ConditionalInferenceTree,train,DEMO020,0,0.305555555555556
ConditionalInferenceTree,train,DEMO021,0,0.305555555555556
ConditionalInferenceTree,train,DEMO022,1,0.305555555555556
ConditionalInferenceTree,train,DEMO023,0,0.305555555555556
ConditionalInferenceTree,train,DEMO024,0,0.305555555555556
ConditionalInferenceTree,train,DEMO025,1,0.305555555555556
ConditionalInferenceTree,train,DEMO026,0,0.305555555555556
ConditionalInferenceTree,train,DEMO027,0,0.305555555555556
ConditionalInferenceTree,train,DEMO028,0,0.305555555555556
ConditionalInferenceTree,train,DEMO029,1,0.305555555555556
ConditionalInferenceTree,train,DEMO030,0,0.305555555555556
ConditionalInferenceTree,train,DEMO031,1,0.305555555555556
ConditionalInferenceTree,train,DEMO032,0,0.305555555555556
ConditionalInferenceTree,train,DEMO033,0,0.305555555555556
ConditionalInferenceTree,train,DEMO034,0,0.305555555555556
ConditionalInferenceTree,train,DEMO035,0,0.305555555555556
ConditionalInferenceTree,train,DEMO036,0,0.305555555555556
ConditionalInferenceTree,train,DEMO037,0,0.305555555555556
ConditionalInferenceTree,train,DEMO038,1,0.305555555555556
ConditionalInferenceTree,train,DEMO039,0,0.305555555555556
ConditionalInferenceTree,train,DEMO040,1,0.305555555555556
ConditionalInferenceTree,train,DEMO041,0,0.305555555555556
ConditionalInferenceTree,train,DEMO042,0,0.305555555555556
ConditionalInferenceTree,train,DEMO043,0,0.305555555555556
ConditionalInferenceTree,train,DEMO044,1,0.305555555555556
ConditionalInferenceTree,train,DEMO045,0,0.305555555555556
ConditionalInferenceTree,train,DEMO046,0,0.305555555555556
ConditionalInferenceTree,train,DEMO047,0,0.305555555555556
ConditionalInferenceTree,train,DEMO048,0,0.305555555555556
ConditionalInferenceTree,train,DEMO049,1,0.305555555555556
ConditionalInferenceTree,train,DEMO050,1,0.305555555555556
ConditionalInferenceTree,train,DEMO051,0,0.305555555555556
ConditionalInferenceTree,train,DEMO052,0,0.305555555555556
ConditionalInferenceTree,train,DEMO053,0,0.305555555555556
ConditionalInferenceTree,train,DEMO054,1,0.305555555555556
ConditionalInferenceTree,train,DEMO055,0,0.305555555555556
ConditionalInferenceTree,train,DEMO056,0,0.305555555555556
ConditionalInferenceTree,train,DEMO057,0,0.305555555555556
ConditionalInferenceTree,train,DEMO058,0,0.305555555555556
ConditionalInferenceTree,train,DEMO059,0,0.305555555555556
ConditionalInferenceTree,train,DEMO060,0,0.305555555555556
ConditionalInferenceTree,train,DEMO061,0,0.305555555555556
ConditionalInferenceTree,train,DEMO062,0,0.305555555555556
ConditionalInferenceTree,train,DEMO063,0,0.305555555555556
ConditionalInferenceTree,train,DEMO064,1,0.305555555555556
ConditionalInferenceTree,train,DEMO065,0,0.305555555555556
ConditionalInferenceTree,train,DEMO066,1,0.305555555555556
ConditionalInferenceTree,train,DEMO067,0,0.305555555555556
ConditionalInferenceTree,train,DEMO068,0,0.305555555555556
ConditionalInferenceTree,train,DEMO069,0,0.305555555555556
ConditionalInferenceTree,train,DEMO070,0,0.305555555555556
ConditionalInferenceTree,train,DEMO071,1,0.305555555555556
ConditionalInferenceTree,train,DEMO072,0,0.305555555555556
ConditionalInferenceTree,val,DEMO073,0,0.305555555555556
ConditionalInferenceTree,val,DEMO074,0,0.305555555555556
ConditionalInferenceTree,val,DEMO075,1,0.305555555555556
ConditionalInferenceTree,val,DEMO076,0,0.305555555555556
ConditionalInferenceTree,val,DEMO077,0,0.305555555555556
ConditionalInferenceTree,val,DEMO078,0,0.305555555555556
ConditionalInferenceTree,val,DEMO079,1,0.305555555555556
ConditionalInferenceTree,val,DEMO080,0,0.305555555555556
ConditionalInferenceTree,val,DEMO081,1,0.305555555555556
ConditionalInferenceTree,val,DEMO082,1,0.305555555555556
ConditionalInferenceTree,val,DEMO083,0,0.305555555555556
ConditionalInferenceTree,val,DEMO084,0,0.305555555555556
ConditionalInferenceTree,val,DEMO085,1,0.305555555555556
ConditionalInferenceTree,val,DEMO086,0,0.305555555555556
ConditionalInferenceTree,val,DEMO087,0,0.305555555555556
ConditionalInferenceTree,val,DEMO088,1,0.305555555555556
ConditionalInferenceTree,val,DEMO089,0,0.305555555555556
ConditionalInferenceTree,val,DEMO090,0,0.305555555555556
ConditionalInferenceTree,test1,DEMO091,1,0.305555555555556
ConditionalInferenceTree,test1,DEMO092,0,0.305555555555556
ConditionalInferenceTree,test1,DEMO093,0,0.305555555555556
ConditionalInferenceTree,test1,DEMO094,1,0.305555555555556
ConditionalInferenceTree,test1,DEMO095,0,0.305555555555556
ConditionalInferenceTree,test1,DEMO096,0,0.305555555555556
ConditionalInferenceTree,test1,DEMO097,1,0.305555555555556
ConditionalInferenceTree,test1,DEMO098,0,0.305555555555556
ConditionalInferenceTree,test1,DEMO099,1,0.305555555555556
ConditionalInferenceTree,test1,DEMO100,0,0.305555555555556
ConditionalInferenceTree,test1,DEMO101,0,0.305555555555556
ConditionalInferenceTree,test1,DEMO102,0,0.305555555555556
ConditionalInferenceTree,test1,DEMO103,1,0.305555555555556
ConditionalInferenceTree,test1,DEMO104,0,0.305555555555556
ConditionalInferenceTree,test1,DEMO105,1,0.305555555555556
ConditionalInferenceTree,test1,DEMO106,1,0.305555555555556
ConditionalInferenceTree,test1,DEMO107,1,0.305555555555556
ConditionalInferenceTree,test1,DEMO108,0,0.305555555555556
ConditionalInferenceTree,test2,DEMO109,1,0.305555555555556
ConditionalInferenceTree,test2,DEMO110,0,0.305555555555556
ConditionalInferenceTree,test2,DEMO111,0,0.305555555555556
ConditionalInferenceTree,test2,DEMO112,1,0.305555555555556
ConditionalInferenceTree,test2,DEMO113,1,0.305555555555556
ConditionalInferenceTree,test2,DEMO114,1,0.305555555555556
ConditionalInferenceTree,test2,DEMO115,1,0.305555555555556
ConditionalInferenceTree,test2,DEMO116,0,0.305555555555556
ConditionalInferenceTree,test2,DEMO117,0,0.305555555555556
ConditionalInferenceTree,test2,DEMO118,0,0.305555555555556
ConditionalInferenceTree,test2,DEMO119,1,0.305555555555556
ConditionalInferenceTree,test2,DEMO120,0,0.305555555555556
GentleBoost,train,DEMO001,0,2.8788052778385886e-15
GentleBoost,train,DEMO002,1,0.9999999997668587
GentleBoost,train,DEMO003,1,0.9999989255710677
GentleBoost,train,DEMO004,0,8.9731729598388e-09
GentleBoost,train,DEMO005,0,1.4680178004137057e-09
GentleBoost,train,DEMO006,1,0.9999998613228883
GentleBoost,train,DEMO007,1,0.9999982981988154
GentleBoost,train,DEMO008,1,0.9999999212056416
GentleBoost,train,DEMO009,1,0.9999999280847333
GentleBoost,train,DEMO010,0,1.5307482276192798e-12
GentleBoost,train,DEMO011,0,4.393726055243639e-10
GentleBoost,train,DEMO012,1,0.9999999813524968
GentleBoost,train,DEMO013,1,0.9999995868625381
GentleBoost,train,DEMO014,0,3.1572830304862487e-16
GentleBoost,train,DEMO015,0,4.5283544559026334e-07
GentleBoost,train,DEMO016,1,0.9999996314327717
GentleBoost,train,DEMO017,0,5.656681516044092e-13
GentleBoost,train,DEMO018,0,5.243682539186063e-09
GentleBoost,train,DEMO019,0,3.2322160471566154e-10
GentleBoost,train,DEMO020,0,1.928749847963918e-22
GentleBoost,train,DEMO021,0,2.1655968015052592e-11
GentleBoost,train,DEMO022,1,0.9999998300992918
GentleBoost,train,DEMO023,0,4.908318973049289e-12
GentleBoost,train,DEMO024,0,1.3303833109557436e-13
GentleBoost,train,DEMO025,1,0.9999997261451548
GentleBoost,train,DEMO026,0,3.150140787690049e-08
GentleBoost,train,DEMO027,0,1.6336231638002677e-07
GentleBoost,train,DEMO028,0,4.4682297317233326e-07
GentleBoost,train,DEMO029,1,0.9999997134499443
GentleBoost,train,DEMO030,0,1.5080035537260902e-15
GentleBoost,train,DEMO031,1,0.9999999265666853
GentleBoost,train,DEMO032,0,8.322939991854778e-07
GentleBoost,train,DEMO033,0,1.9525547391271874e-07
GentleBoost,train,DEMO034,0,2.7416610335074424e-07
GentleBoost,train,DEMO035,0,6.211794890204244e-08
GentleBoost,train,DEMO036,0,1.8796634123426128e-11
GentleBoost,train,DEMO037,0,4.1465697517132043e-07
GentleBoost,train,DEMO038,1,0.9999999998485605
GentleBoost,train,DEMO039,0,7.35474435641691e-08
GentleBoost,train,DEMO040,1,0.9999996718578883
GentleBoost,train,DEMO041,0,2.684429061773678e-07
GentleBoost,train,DEMO042,0,9.183471128643393e-16
GentleBoost,train,DEMO043,0,2.76484447809466e-07
GentleBoost,train,DEMO044,1,0.9999999999999967
GentleBoost,train,DEMO045,0,2.16429577046271e-11
GentleBoost,train,DEMO046,0,9.800079121571096e-12
GentleBoost,train,DEMO047,0,7.252393974164707e-08
GentleBoost,train,DEMO048,0,2.3661638342894323e-08
GentleBoost,train,DEMO049,1,0.9999999999765388
GentleBoost,train,DEMO050,1,0.9999999913688861
GentleBoost,train,DEMO051,0,5.2831513652894074e-08
GentleBoost,train,DEMO052,0,1.3977314582730935e-12
GentleBoost,train,DEMO053,0,4.638717032744508e-16
GentleBoost,train,DEMO054,1,0.9999995179247562
GentleBoost,train,DEMO055,0,3.568223998944938e-16
GentleBoost,train,DEMO056,0,2.231418748302306e-11
GentleBoost,train,DEMO057,0,5.233181117719822e-07
GentleBoost,train,DEMO058,0,1.2988518427510303e-13
GentleBoost,train,DEMO059,0,5.581419309065101e-09
GentleBoost,train,DEMO060,0,7.148565941826019e-08
GentleBoost,train,DEMO061,0,2.2688193534875846e-11
GentleBoost,train,DEMO062,0,9.431171402076363e-09
GentleBoost,train,DEMO063,0,6.9960095785067565e-09
GentleBoost,train,DEMO064,1,0.9999999604880074
GentleBoost,train,DEMO065,0,1.557339807539354e-10
GentleBoost,train,DEMO066,1,0.9999994795038796
GentleBoost,train,DEMO067,0,3.2718932453145083e-21
GentleBoost,train,DEMO068,0,1.1951974990663143e-09
GentleBoost,train,DEMO069,0,5.023454362518758e-08
GentleBoost,train,DEMO070,0,4.236804254905115e-07
GentleBoost,train,DEMO071,1,0.9999998827394998
GentleBoost,train,DEMO072,0,1.6617138921086338e-10
GentleBoost,val,DEMO073,0,3.5728110111106323e-10
GentleBoost,val,DEMO074,0,1.9843939778724092e-05
GentleBoost,val,DEMO075,1,4.461030197706054e-09
GentleBoost,val,DEMO076,0,0.9901200869278632
GentleBoost,val,DEMO077,0,0.008280691784655323
GentleBoost,val,DEMO078,0,0.00012848471772214907
GentleBoost,val,DEMO079,1,1.9086309378339053e-06
GentleBoost,val,DEMO080,0,0.9998302345803906
GentleBoost,val,DEMO081,1,0.9999999999999991
GentleBoost,val,DEMO082,1,0.9999852648201888
GentleBoost,val,DEMO083,0,1.8101363534067938e-09
GentleBoost,val,DEMO084,0,0.0001379595587424603
GentleBoost,val,DEMO085,1,9.447930560397959e-06
GentleBoost,val,DEMO086,0,0.002126777521216592
GentleBoost,val,DEMO087,0,0.028920715369262804
GentleBoost,val,DEMO088,1,0.04589752112161712
GentleBoost,val,DEMO089,0,0.0024865641391625852
GentleBoost,val,DEMO090,0,0.9999970238787637
GentleBoost,test1,DEMO091,1,1.0
GentleBoost,test1,DEMO092,0,0.9816331324005864
GentleBoost,test1,DEMO093,0,0.01937971147234868
GentleBoost,test1,DEMO094,1,0.9999999664011974
GentleBoost,test1,DEMO095,0,4.314487543673709e-09
GentleBoost,test1,DEMO096,0,0.4697493735523931
GentleBoost,test1,DEMO097,1,9.387606168315035e-10
GentleBoost,test1,DEMO098,0,5.451693890931529e-18
GentleBoost,test1,DEMO099,1,0.0019903111444478936
GentleBoost,test1,DEMO100,0,0.9699659199529816
GentleBoost,test1,DEMO101,0,0.16477697422373347
GentleBoost,test1,DEMO102,0,0.9957075574138676
GentleBoost,test1,DEMO103,1,1.513039919686035e-05
GentleBoost,test1,DEMO104,0,0.7845328347287678
GentleBoost,test1,DEMO105,1,0.9999999999999998
GentleBoost,test1,DEMO106,1,0.0034177913175778476
GentleBoost,test1,DEMO107,1,1.9514664275070324e-09
GentleBoost,test1,DEMO108,0,8.138267555350521e-12
GentleBoost,test2,DEMO109,1,0.051229388339290735
GentleBoost,test2,DEMO110,0,1.4104254137272792e-10
GentleBoost,test2,DEMO111,0,3.806575857854063e-05
GentleBoost,test2,DEMO112,1,2.2891020381909002e-05
GentleBoost,test2,DEMO113,1,1.0373729879630576e-06
GentleBoost,test2,DEMO114,1,3.698511651413781e-13
GentleBoost,test2,DEMO115,1,3.3392452383494776e-07
GentleBoost,test2,DEMO116,0,0.9999683247639944
GentleBoost,test2,DEMO117,0,0.0001746247823330251
GentleBoost,test2,DEMO118,0,0.9899404349860986
GentleBoost,test2,DEMO119,1,0.999999986041971
GentleBoost,test2,DEMO120,0,0.0011646286176390287
LogitBoost,train,DEMO001,0,0.11873222293919368
LogitBoost,train,DEMO002,1,0.8568525119964576
LogitBoost,train,DEMO003,1,0.32663661354486956
LogitBoost,train,DEMO004,0,0.32663661354486956
LogitBoost,train,DEMO005,0,0.16715552046198714
LogitBoost,train,DEMO006,1,0.45681028316298344
LogitBoost,train,DEMO007,1,0.20959654772417624
LogitBoost,train,DEMO008,1,0.8191837460626207
LogitBoost,train,DEMO009,1,0.6759812858655343
LogitBoost,train,DEMO010,0,0.14385063881905125
LogitBoost,train,DEMO011,0,0.11873222293919368
LogitBoost,train,DEMO012,1,0.40275187846485677
LogitBoost,train,DEMO013,1,0.9154170764658727
LogitBoost,train,DEMO014,0,0.04458606759924039
LogitBoost,train,DEMO015,0,0.32663661354486956
LogitBoost,train,DEMO016,1,0.5703109200963603
LogitBoost,train,DEMO017,0,0.04458606759924039
LogitBoost,train,DEMO018,0,0.19304424923209684
LogitBoost,train,DEMO019,0,0.04458606759924039
LogitBoost,train,DEMO020,0,0.007855350178633782
LogitBoost,train,DEMO021,0,0.11873222293919368
LogitBoost,train,DEMO022,1,0.9221982553397919
LogitBoost,train,DEMO023,0,0.05269251223018909
LogitBoost,train,DEMO024,0,0.11873222293919368
LogitBoost,train,DEMO025,1,0.40275187846485677
LogitBoost,train,DEMO026,0,0.14385063881905125
LogitBoost,train,DEMO027,0,0.1383672311243234
LogitBoost,train,DEMO028,0,0.1383672311243234
LogitBoost,train,DEMO029,1,0.7082793655068531
LogitBoost,train,DEMO030,0,0.05269251223018909
LogitBoost,train,DEMO031,1,0.5703109200963603
LogitBoost,train,DEMO032,0,0.40275187846485677
LogitBoost,train,DEMO033,0,0.05269251223018909
LogitBoost,train,DEMO034,0,0.14385063881905125
LogitBoost,train,DEMO035,0,0.14385063881905125
LogitBoost,train,DEMO036,0,0.0329304361676695
LogitBoost,train,DEMO037,0,0.32663661354486956
LogitBoost,train,DEMO038,1,0.9221982553397919
LogitBoost,train,DEMO039,0,0.32663661354486956
LogitBoost,train,DEMO040,1,0.6759812858655343
LogitBoost,train,DEMO041,0,0.4482848793401614
LogitBoost,train,DEMO042,0,0.14385063881905125
LogitBoost,train,DEMO043,0,0.20959654772417624
LogitBoost,train,DEMO044,1,0.8568525119964576
LogitBoost,train,DEMO045,0,0.14385063881905125
LogitBoost,train,DEMO046,0,0.04458606759924039
LogitBoost,train,DEMO047,0,0.11873222293919368
LogitBoost,train,DEMO048,0,0.14385063881905125
LogitBoost,train,DEMO049,1,0.9221982553397919
LogitBoost,train,DEMO050,1,0.9376768413240181
LogitBoost,train,DEMO051,0,0.16715552046198714
LogitBoost,train,DEMO052,0,0.14385063881905125
LogitBoost,train,DEMO053,0,0.04458606759924039
LogitBoost,train,DEMO054,1,0.7834032936030101
LogitBoost,train,DEMO055,0,0.04458606759924039
LogitBoost,train,DEMO056,0,0.11873222293919368
LogitBoost,train,DEMO057,0,0.14385063881905125
LogitBoost,train,DEMO058,0,0.11873222293919368
LogitBoost,train,DEMO059,0,0.19304424923209684
LogitBoost,train,DEMO060,0,0.04458606759924039
LogitBoost,train,DEMO061,0,0.0363728187624022
LogitBoost,train,DEMO062,0,0.05269251223018909
LogitBoost,train,DEMO063,0,0.32663661354486956
LogitBoost,train,DEMO064,1,0.7082793655068531
LogitBoost,train,DEMO065,0,0.04458606759924039
LogitBoost,train,DEMO066,1,0.532813255819197
LogitBoost,train,DEMO067,0,0.00659879901630563
LogitBoost,train,DEMO068,0,0.05269251223018909
LogitBoost,train,DEMO069,0,0.18934920535320174
LogitBoost,train,DEMO070,0,0.32663661354486956
LogitBoost,train,DEMO071,1,0.9163159246482402
LogitBoost,train,DEMO072,0,0.1383672311243234
LogitBoost,val,DEMO073,0,0.14385063881905125
LogitBoost,val,DEMO074,0,0.5327804046204425
LogitBoost,val,DEMO075,1,0.18934920535320174
LogitBoost,val,DEMO076,0,0.32663661354486956
LogitBoost,val,DEMO077,0,0.32663661354486956
LogitBoost,val,DEMO078,0,0.11873222293919368
LogitBoost,val,DEMO079,1,0.32663661354486956
LogitBoost,val,DEMO080,0,0.5130035910341184
LogitBoost,val,DEMO081,1,0.9626080649837371
LogitBoost,val,DEMO082,1,0.46005198686696824
LogitBoost,val,DEMO083,0,0.04458606759924039
LogitBoost,val,DEMO084,0,0.32663661354486956
LogitBoost,val,DEMO085,1,0.32663661354486956
LogitBoost,val,DEMO086,0,0.16685306657983504
LogitBoost,val,DEMO087,0,0.32663661354486956
LogitBoost,val,DEMO088,1,0.11873222293919368
LogitBoost,val,DEMO089,0,0.32663661354486956
LogitBoost,val,DEMO090,0,0.40275187846485677
LogitBoost,test1,DEMO091,1,0.9626080649837371
LogitBoost,test1,DEMO092,0,0.5011391368477411
LogitBoost,test1,DEMO093,0,0.11873222293919368
LogitBoost,test1,DEMO094,1,0.45681028316298344
LogitBoost,test1,DEMO095,0,0.9154170764658727
LogitBoost,test1,DEMO096,0,0.32663661354486956
LogitBoost,test1,DEMO097,1,0.04458606759924039
LogitBoost,test1,DEMO098,0,0.0277751336716577
LogitBoost,test1,DEMO099,1,0.1383672311243234
LogitBoost,test1,DEMO100,0,0.5130035910341184
LogitBoost,test1,DEMO101,0,0.32663661354486956
LogitBoost,test1,DEMO102,0,0.9221982553397919
LogitBoost,test1,DEMO103,1,0.7503712826623204
LogitBoost,test1,DEMO104,0,0.32663661354486956
LogitBoost,test1,DEMO105,1,0.9626080649837371
LogitBoost,test1,DEMO106,1,0.9154170764658727
LogitBoost,test1,DEMO107,1,0.18934920535320174
LogitBoost,test1,DEMO108,0,0.32663661354486956
LogitBoost,test2,DEMO109,1,0.18934920535320174
LogitBoost,test2,DEMO110,0,0.05269251223018909
LogitBoost,test2,DEMO111,0,0.16715552046198714
LogitBoost,test2,DEMO112,1,0.11873222293919368
LogitBoost,test2,DEMO113,1,0.14385063881905125
LogitBoost,test2,DEMO114,1,0.16685306657983504
LogitBoost,test2,DEMO115,1,0.04458606759924039
LogitBoost,test2,DEMO116,0,0.9221982553397919
LogitBoost,test2,DEMO117,0,0.32663661354486956
LogitBoost,test2,DEMO118,0,0.11873222293919368
LogitBoost,test2,DEMO119,1,0.46005198686696824
LogitBoost,test2,DEMO120,0,0.18934920535320174
RDA,train,DEMO001,0,0.3260700119521585
RDA,train,DEMO002,1,0.19314753529192683
RDA,train,DEMO003,1,0.22261636520774905
RDA,train,DEMO004,0,0.26544961584752963
RDA,train,DEMO005,0,0.3008599587759295
RDA,train,DEMO006,1,0.43860784228450966
RDA,train,DEMO007,1,0.21580082442793116
RDA,train,DEMO008,1,0.65361517359573
RDA,train,DEMO009,1,0.6287369541816599
RDA,train,DEMO010,0,0.12515410502013036
RDA,train,DEMO011,0,0.29691038435831557
RDA,train,DEMO012,1,0.402477927691923
RDA,train,DEMO013,1,0.3968955436772264
RDA,train,DEMO014,0,0.19028425061356302
RDA,train,DEMO015,0,0.4294084458734669
RDA,train,DEMO016,1,0.2485944843566478
RDA,train,DEMO017,0,0.32529362130173944
RDA,train,DEMO018,0,0.29012805300304495
RDA,train,DEMO019,0,0.122472937142885
RDA,train,DEMO020,0,0.12383165003594343
RDA,train,DEMO021,0,0.42830883314322055
RDA,train,DEMO022,1,0.28663082962795233
RDA,train,DEMO023,0,0.39099073275743457
RDA,train,DEMO024,0,0.1619949182891042
RDA,train,DEMO025,1,0.23953296397462193
RDA,train,DEMO026,0,0.3234126039978026
RDA,train,DEMO027,0,0.513956245647756
RDA,train,DEMO028,0,0.584118761268683
RDA,train,DEMO029,1,0.2760567397000334
RDA,train,DEMO030,0,0.13407154538195734
RDA,train,DEMO031,1,0.42642641089279987
RDA,train,DEMO032,0,0.5574143186551863
RDA,train,DEMO033,0,0.28197337582462734
RDA,train,DEMO034,0,0.18276518767444722
RDA,train,DEMO035,0,0.3285992738053305
RDA,train,DEMO036,0,0.22552681708149802
RDA,train,DEMO037,0,0.2923821495973858
RDA,train,DEMO038,1,0.5090024011215852
RDA,train,DEMO039,0,0.2573995640267453
RDA,train,DEMO040,1,0.4338055641724432
RDA,train,DEMO041,0,0.25840004952386486
RDA,train,DEMO042,0,0.1117513056456034
RDA,train,DEMO043,0,0.2651402790332434
RDA,train,DEMO044,1,0.23462725524061925
RDA,train,DEMO045,0,0.3574099002304479
RDA,train,DEMO046,0,0.24631987080736706
RDA,train,DEMO047,0,0.2887646495321479
RDA,train,DEMO048,0,0.09561751124120456
RDA,train,DEMO049,1,0.3620589069193996
RDA,train,DEMO050,1,0.7543172290701354
RDA,train,DEMO051,0,0.30843990148615325
RDA,train,DEMO052,0,0.09610464938144059
RDA,train,DEMO053,0,0.17334199344221363
RDA,train,DEMO054,1,0.3114428717327483
RDA,train,DEMO055,0,0.1393560695210295
RDA,train,DEMO056,0,0.1966939893800216
RDA,train,DEMO057,0,0.26398951387113884
RDA,train,DEMO058,0,0.29432110984179166
RDA,train,DEMO059,0,0.39499485142048957
RDA,train,DEMO060,0,0.33077259583681784
RDA,train,DEMO061,0,0.04673744836303216
RDA,train,DEMO062,0,0.22574723196680901
RDA,train,DEMO063,0,0.25378458672793774
RDA,train,DEMO064,1,0.3802169672543508
RDA,train,DEMO065,0,0.30559251686529565
RDA,train,DEMO066,1,0.34380175910318767
RDA,train,DEMO067,0,0.15115020064779938
RDA,train,DEMO068,0,0.23679337623801586
RDA,train,DEMO069,0,0.4222298688930129
RDA,train,DEMO070,0,0.20756139353213035
RDA,train,DEMO071,1,0.24636805633655032
RDA,train,DEMO072,0,0.3924855587741469
RDA,val,DEMO073,0,0.23050110495855763
RDA,val,DEMO074,0,0.28135232277920896
RDA,val,DEMO075,1,0.29144547826562844
RDA,val,DEMO076,0,0.2922185268994282
RDA,val,DEMO077,0,0.22597792744545103
RDA,val,DEMO078,0,0.34238615808193146
RDA,val,DEMO079,1,0.26568540258410595
RDA,val,DEMO080,0,0.26882620389305945
RDA,val,DEMO081,1,0.5466646968149941
RDA,val,DEMO082,1,0.12536645262337687
RDA,val,DEMO083,0,0.1163246373716874
RDA,val,DEMO084,0,0.32349669379721524
RDA,val,DEMO085,1,0.1685789999338553
RDA,val,DEMO086,0,0.23535284423670105
RDA,val,DEMO087,0,0.6168991393873521
RDA,val,DEMO088,1,0.5414069971538754
RDA,val,DEMO089,0,0.541150023827939
RDA,val,DEMO090,0,0.3391514099369892
RDA,test1,DEMO091,1,0.3814229306598624
RDA,test1,DEMO092,0,0.32134896891865317
RDA,test1,DEMO093,0,0.2098100679793066
RDA,test1,DEMO094,1,0.3332085813056877
RDA,test1,DEMO095,0,0.528714954102274
RDA,test1,DEMO096,0,0.36740933729137465
RDA,test1,DEMO097,1,0.23033629362803465
RDA,test1,DEMO098,0,0.08440845121941566
RDA,test1,DEMO099,1,0.4856669314584905
RDA,test1,DEMO100,0,0.1133006405851088
RDA,test1,DEMO101,0,0.11993663144130517
RDA,test1,DEMO102,0,0.16349689533581702
RDA,test1,DEMO103,1,0.5112523069256711
RDA,test1,DEMO104,0,0.22160936011470367
RDA,test1,DEMO105,1,0.28308943934004743
RDA,test1,DEMO106,1,0.5686288918410013
RDA,test1,DEMO107,1,0.4115953857383964
RDA,test1,DEMO108,0,0.31870691275583446
RDA,test2,DEMO109,1,0.22054179136214094
RDA,test2,DEMO110,0,0.22847388827737183
RDA,test2,DEMO111,0,0.46472448967832325
RDA,test2,DEMO112,1,0.3463553493637851
RDA,test2,DEMO113,1,0.29998078028722636
RDA,test2,DEMO114,1,0.2280228844800432
RDA,test2,DEMO115,1,0.17940792078321177
RDA,test2,DEMO116,0,0.17925564814567185
RDA,test2,DEMO117,0,0.3903565620491152
RDA,test2,DEMO118,0,0.4964204923215771
RDA,test2,DEMO119,1,0.13179941179095261
RDA,test2,DEMO120,0,0.39931170441729946
