model,cohort,ID,y_true,y_prob
MLP,train,DEMO001,0,0.01342315500212551
MLP,train,DEMO002,1,0.9596098745813865
MLP,train,DEMO003,1,0.9880284891574094
MLP,train,DEMO004,0,0.005062102065304667
MLP,train,DEMO005,0,0.0011845874969246969
MLP,train,DEMO006,1,0.9961915929691733
MLP,train,DEMO007,1,0.981404466543773
MLP,train,DEMO008,1,0.9844810528637518
MLP,train,DEMO009,1,0.9997695319962318
MLP,train,DEMO010,0,0.0019677008779068316
MLP,train,DEMO011,0,0.004065397076349585
MLP,train,DEMO012,1,0.9781442818560343
MLP,train,DEMO013,1,0.9915282852310894
MLP,train,DEMO014,0,0.027792214823490077
MLP,train,DEMO015,0,0.010876917326438989
MLP,train,DEMO016,1,0.9889097997020748
MLP,train,DEMO017,0,0.0013435143659732327
MLP,train,DEMO018,0,0.00033571133533674626
MLP,train,DEMO019,0,0.01432268496645362
MLP,train,DEMO020,0,0.004843691306020426
MLP,train,DEMO021,0,0.010441169150522027
MLP,train,DEMO022,1,0.9890269771520622
MLP,train,DEMO023,0,0.02126607319874736
MLP,train,DEMO024,0,3.684552606666022e-05
MLP,train,DEMO025,1,0.9852901362586501
MLP,train,DEMO026,0,0.0004287160985134374
MLP,train,DEMO027,0,3.991242376049292e-05
MLP,train,DEMO028,0,0.0008814825712018691
MLP,train,DEMO029,1,0.9637350150538616
MLP,train,DEMO030,0,3.857186444138459e-06
MLP,train,DEMO031,1,0.9895214930732402
MLP,train,DEMO032,0,0.002683011573935184
MLP,train,DEMO033,0,0.005431411474928195
MLP,train,DEMO034,0,6.235754638572223e-06
MLP,train,DEMO035,0,0.0022234334804955088
MLP,train,DEMO036,0,0.002063400703134519
MLP,train,DEMO037,0,9.982026140777909e-13
MLP,train,DEMO038,1,0.9831918125064444
MLP,train,DEMO039,0,3.4067575534908635e-09
MLP,train,DEMO040,1,0.97972124056733
MLP,train,DEMO041,0,0.014145467243976058
MLP,train,DEMO042,0,0.00023387576792632987
MLP,train,DEMO043,0,2.0454463682860427e-08
MLP,train,DEMO044,1,0.9999944231989184
MLP,train,DEMO045,0,0.027384810487003218
MLP,train,DEMO046,0,0.00822112308108951
MLP,train,DEMO047,0,2.9630141889037008e-06
MLP,train,DEMO048,0,0.01598439888397932
MLP,train,DEMO049,1,0.9947107976939238
MLP,train,DEMO050,1,0.9768868192662782
MLP,train,DEMO051,0,0.004522320803869372
MLP,train,DEMO052,0,0.004821029866449397
MLP,train,DEMO053,0,0.00048190929813948986
MLP,train,DEMO054,1,0.950018701351208
MLP,train,DEMO055,0,0.015597871193666513
MLP,train,DEMO056,0,0.00023315234680396004
MLP,train,DEMO057,0,0.0005165741910116283
MLP,train,DEMO058,0,0.0005113534055967378
MLP,train,DEMO059,0,3.3609900595663125e-05
MLP,train,DEMO060,0,0.00653136671220331
MLP,train,DEMO061,0,0.010257732673707207
MLP,train,DEMO062,0,0.021424666148950652
MLP,train,DEMO063,0,0.0011129658243024497
MLP,train,DEMO064,1,0.9824573551651881
MLP,train,DEMO065,0,0.021128284224854976
MLP,train,DEMO066,1,0.9995061433565227
MLP,train,DEMO067,0,0.02521196030319107
MLP,train,DEMO068,0,0.001014128253487425
MLP,train,DEMO069,0,0.002547650196481587
MLP,train,DEMO070,0,0.0018437629793514574
MLP,train,DEMO071,1,0.9945836345164777
MLP,train,DEMO072,0,8.294608626769762e-05
MLP,val,DEMO073,0,2.2565547805447002e-05
MLP,val,DEMO074,0,0.14310149842959485
MLP,val,DEMO075,1,2.439373992968667e-06
MLP,val,DEMO076,0,0.7646921108335176
MLP,val,DEMO077,0,5.2392099617980725e-08
MLP,val,DEMO078,0,0.9973267554793293
MLP,val,DEMO079,1,0.24840024545911052
MLP,val,DEMO080,0,0.04918455666007402
MLP,val,DEMO081,1,0.9143374426141279
MLP,val,DEMO082,1,0.00013101857867735828
MLP,val,DEMO083,0,0.03438249160203989
MLP,val,DEMO084,0,0.39997729621720307
MLP,val,DEMO085,1,5.533288805424832e-06
MLP,val,DEMO086,0,0.28170411737562906
MLP,val,DEMO087,0,0.29337792354202735
MLP,val,DEMO088,1,0.07377437185406466
MLP,val,DEMO089,0,4.751268719695825e-08
MLP,val,DEMO090,0,0.3215198093246704
MLP,test1,DEMO091,1,2.3253419984822507e-06
MLP,test1,DEMO092,0,0.00018349584777858628
MLP,test1,DEMO093,0,0.060811298978810144
MLP,test1,DEMO094,1,1.3428274104339847e-07
MLP,test1,DEMO095,0,0.0016799832698835239
MLP,test1,DEMO096,0,0.9225673105713226
MLP,test1,DEMO097,1,0.8007893121010025
MLP,test1,DEMO098,0,0.838175939338103
MLP,test1,DEMO099,1,0.0603825230396777
MLP,test1,DEMO100,0,0.00045535701665454703
MLP,test1,DEMO101,0,0.9975022431939973
MLP,test1,DEMO102,0,0.0010018617455582394
MLP,test1,DEMO103,1,0.8974529258250138
MLP,test1,DEMO104,0,0.003962063673313099
MLP,test1,DEMO105,1,0.12308566519307675
MLP,test1,DEMO106,1,0.9984823596733999
MLP,test1,DEMO107,1,3.775568018957233e-10
MLP,test1,DEMO108,0,0.9863833298037322
MLP,test2,DEMO109,1,0.005914511338501024
MLP,test2,DEMO110,0,2.566316683146247e-05
MLP,test2,DEMO111,0,4.381467648699371e-07
MLP,test2,DEMO112,1,0.04997772877346219
MLP,test2,DEMO113,1,0.9907369325845216
MLP,test2,DEMO114,1,0.030971217302319876
MLP,test2,DEMO115,1,0.6482619251200703
MLP,test2,DEMO116,0,0.0001739810995547908
MLP,test2,DEMO117,0,0.021767126686839878
MLP,test2,DEMO118,0,0.17265176259350157
MLP,test2,DEMO119,1,0.9597872819838124
MLP,test2,DEMO120,0,0.18032525957198345
XGBoost,train,DEMO001,0,0.02998420223593712
XGBoost,train,DEMO002,1,0.7584333419799805
XGBoost,train,DEMO003,1,0.9114789962768555
XGBoost,train,DEMO004,0,0.040886618196964264
XGBoost,train,DEMO005,0,0.06822440028190613
XGBoost,train,DEMO006,1,0.9177740216255188
XGBoost,train,DEMO007,1,0.7423728108406067
XGBoost,train,DEMO008,1,0.8224503397941589
XGBoost,train,DEMO009,1,0.8709459900856018
XGBoost,train,DEMO010,0,0.03957907110452652
XGBoost,train,DEMO011,0,0.13129763305187225
XGBoost,train,DEMO012,1,0.7146808505058289
XGBoost,train,DEMO013,1,0.8638229370117188
XGBoost,train,DEMO014,0,0.00785818975418806
XGBoost,train,DEMO015,0,0.07164487987756729
XGBoost,train,DEMO016,1,0.8836231231689453
XGBoost,train,DEMO017,0,0.023409688845276833
XGBoost,train,DEMO018,0,0.10979373753070831
XGBoost,train,DEMO019,0,0.0740748718380928
XGBoost,train,DEMO020,0,0.11834031343460083
XGBoost,train,DEMO021,0,0.04012633115053177
XGBoost,train,DEMO022,1,0.9245976209640503
XGBoost,train,DEMO023,0,0.06925106048583984
XGBoost,train,DEMO024,0,0.00649050110951066
XGBoost,train,DEMO025,1,0.9194582104682922
XGBoost,train,DEMO026,0,0.006079671438783407
XGBoost,train,DEMO027,0,0.09721015393733978
XGBoost,train,DEMO028,0,0.1079438254237175
XGBoost,train,DEMO029,1,0.8837212324142456
XGBoost,train,DEMO030,0,0.04895032197237015
XGBoost,train,DEMO031,1,0.9166844487190247
XGBoost,train,DEMO032,0,0.04228563606739044
XGBoost,train,DEMO033,0,0.06399615108966827
XGBoost,train,DEMO034,0,0.012944979593157768
XGBoost,train,DEMO035,0,0.07826300710439682
XGBoost,train,DEMO036,0,0.002534878673031926
XGBoost,train,DEMO037,0,0.012001683935523033
XGBoost,train,DEMO038,1,0.880925714969635
XGBoost,train,DEMO039,0,0.00567268580198288
XGBoost,train,DEMO040,1,0.8250977396965027
XGBoost,train,DEMO041,0,0.04571407660841942
XGBoost,train,DEMO042,0,0.05087178573012352
XGBoost,train,DEMO043,0,0.09197227656841278
XGBoost,train,DEMO044,1,0.9650649428367615
XGBoost,train,DEMO045,0,0.08774424344301224
XGBoost,train,DEMO046,0,0.059793028980493546
XGBoost,train,DEMO047,0,0.08324039727449417
XGBoost,train,DEMO048,0,0.24052244424819946
XGBoost,train,DEMO049,1,0.8026241660118103
XGBoost,train,DEMO050,1,0.8758537769317627
XGBoost,train,DEMO051,0,0.0020177632104605436
XGBoost,train,DEMO052,0,0.056003402918577194
XGBoost,train,DEMO053,0,0.007453062571585178
XGBoost,train,DEMO054,1,0.9463860392570496
XGBoost,train,DEMO055,0,0.0910809338092804
XGBoost,train,DEMO056,0,0.03184474632143974
XGBoost,train,DEMO057,0,0.07074758410453796
XGBoost,train,DEMO058,0,0.029007410630583763
XGBoost,train,DEMO059,0,0.009605654515326023
XGBoost,train,DEMO060,0,0.11201468855142593
XGBoost,train,DEMO061,0,0.11418550461530685
XGBoost,train,DEMO062,0,0.02855464443564415
XGBoost,train,DEMO063,0,0.05306034907698631
XGBoost,train,DEMO064,1,0.8110970258712769
XGBoost,train,DEMO065,0,0.005511048249900341
XGBoost,train,DEMO066,1,0.9009915590286255
XGBoost,train,DEMO067,0,0.10823734104633331
XGBoost,train,DEMO068,0,0.04863175377249718
XGBoost,train,DEMO069,0,0.07042665034532547
XGBoost,train,DEMO070,0,0.033022310584783554
XGBoost,train,DEMO071,1,0.9355015754699707
XGBoost,train,DEMO072,0,0.08619251847267151
XGBoost,val,DEMO073,0,0.07505116611719131
XGBoost,val,DEMO074,0,0.5767227411270142
XGBoost,val,DEMO075,1,0.17215877771377563
XGBoost,val,DEMO076,0,0.036034151911735535
XGBoost,val,DEMO077,0,0.1386539787054062
XGBoost,val,DEMO078,0,0.05267918482422829
XGBoost,val,DEMO079,1,0.09615116566419601
XGBoost,val,DEMO080,0,0.7025455832481384
XGBoost,val,DEMO081,1,0.3440513610839844
XGBoost,val,DEMO082,1,0.7878987789154053
XGBoost,val,DEMO083,0,0.5016401410102844
XGBoost,val,DEMO084,0,0.7163823246955872
XGBoost,val,DEMO085,1,0.3019244968891144
XGBoost,val,DEMO086,0,0.05132448300719261
XGBoost,val,DEMO087,0,0.11986139416694641
XGBoost,val,DEMO088,1,0.07599149644374847
XGBoost,val,DEMO089,0,0.01979411207139492
XGBoost,val,DEMO090,0,0.537411630153656
XGBoost,test1,DEMO091,1,0.5975287556648254
XGBoost,test1,DEMO092,0,0.10012336075305939
XGBoost,test1,DEMO093,0,0.06885520368814468
XGBoost,test1,DEMO094,1,0.09325902163982391
XGBoost,test1,DEMO095,0,0.5330540537834167
XGBoost,test1,DEMO096,0,0.5623016953468323
XGBoost,test1,DEMO097,1,0.025925951078534126
XGBoost,test1,DEMO098,0,0.7969543933868408
XGBoost,test1,DEMO099,1,0.04417353495955467
XGBoost,test1,DEMO100,0,0.1524638831615448
XGBoost,test1,DEMO101,0,0.29130467772483826
XGBoost,test1,DEMO102,0,0.056731294840574265
XGBoost,test1,DEMO103,1,0.3377678096294403
XGBoost,test1,DEMO104,0,0.08772621303796768
XGBoost,test1,DEMO105,1,0.7878987789154053
XGBoost,test1,DEMO106,1,0.7616994380950928
XGBoost,test1,DEMO107,1,0.10157462954521179
XGBoost,test1,DEMO108,0,0.041686415672302246
XGBoost,test2,DEMO109,1,0.0698951706290245
XGBoost,test2,DEMO110,0,0.12643355131149292
XGBoost,test2,DEMO111,0,0.6481099724769592
XGBoost,test2,DEMO112,1,0.10507484525442123
XGBoost,test2,DEMO113,1,0.872292697429657
XGBoost,test2,DEMO114,1,0.6398218870162964
XGBoost,test2,DEMO115,1,0.027241256088018417
XGBoost,test2,DEMO116,0,0.34292420744895935
XGBoost,test2,DEMO117,0,0.49584099650382996
XGBoost,test2,DEMO118,0,0.006776105612516403
XGBoost,test2,DEMO119,1,0.7878987789154053
XGBoost,test2,DEMO120,0,0.4234878718852997
CatBoost,train,DEMO001,0,0.027962173102863145
CatBoost,train,DEMO002,1,0.8867118262551824
CatBoost,train,DEMO003,1,0.9412263659795637
CatBoost,train,DEMO004,0,0.014579638977246283
CatBoost,train,DEMO005,0,0.04219406059819729
CatBoost,train,DEMO006,1,0.9373981239068876
CatBoost,train,DEMO007,1,0.9614504349110466
CatBoost,train,DEMO008,1,0.9551148337765575
CatBoost,train,DEMO009,1,0.9536332876890884
CatBoost,train,DEMO010,0,0.03276063523623079
CatBoost,train,DEMO011,0,0.02479660262380868
CatBoost,train,DEMO012,1,0.8691651045483592
CatBoost,train,DEMO013,1,0.9711652756342124
CatBoost,train,DEMO014,0,0.023142766448461624
CatBoost,train,DEMO015,0,0.017835475321699424
CatBoost,train,DEMO016,1,0.9640403048104722
CatBoost,train,DEMO017,0,0.014939962983233275
CatBoost,train,DEMO018,0,0.012754389887593656
CatBoost,train,DEMO019,0,0.022951499426824097
CatBoost,train,DEMO020,0,0.02936941903996942
CatBoost,train,DEMO021,0,0.022255051888361795
CatBoost,train,DEMO022,1,0.9605430490287161
CatBoost,train,DEMO023,0,0.03209669157234979
CatBoost,train,DEMO024,0,0.007736381418828797
CatBoost,train,DEMO025,1,0.9725896465144822
CatBoost,train,DEMO026,0,0.018352513848556597
CatBoost,train,DEMO027,0,0.011001787143704372
CatBoost,train,DEMO028,0,0.04012292818543192
CatBoost,train,DEMO029,1,0.9445458398008562
CatBoost,train,DEMO030,0,0.017500803814564144
CatBoost,train,DEMO031,1,0.9467089727165816
CatBoost,train,DEMO032,0,0.019283483812956144
CatBoost,train,DEMO033,0,0.012992631253067837
CatBoost,train,DEMO034,0,0.007194111919033508
CatBoost,train,DEMO035,0,0.05975660001273812
CatBoost,train,DEMO036,0,0.008074056768313707
CatBoost,train,DEMO037,0,0.008393540559924514
CatBoost,train,DEMO038,1,0.9475064105932911
CatBoost,train,DEMO039,0,0.0052441371744235505
CatBoost,train,DEMO040,1,0.9126970939561275
CatBoost,train,DEMO041,0,0.027447142130127108
CatBoost,train,DEMO042,0,0.009248442508576735
CatBoost,train,DEMO043,0,0.020920209756813347
CatBoost,train,DEMO044,1,0.9834674348281917
CatBoost,train,DEMO045,0,0.04930604038252828
CatBoost,train,DEMO046,0,0.031646135846856376
CatBoost,train,DEMO047,0,0.01965527369758739
CatBoost,train,DEMO048,0,0.05102697353693457
CatBoost,train,DEMO049,1,0.9505515550576857
CatBoost,train,DEMO050,1,0.9242064874324387
CatBoost,train,DEMO051,0,0.009427616944364739
CatBoost,train,DEMO052,0,0.02714720843147435
CatBoost,train,DEMO053,0,0.009158303100439314
CatBoost,train,DEMO054,1,0.9534783116153979
CatBoost,train,DEMO055,0,0.03233644702187949
CatBoost,train,DEMO056,0,0.010222187674672464
CatBoost,train,DEMO057,0,0.014494181743244678
CatBoost,train,DEMO058,0,0.02278278789553804
CatBoost,train,DEMO059,0,0.0263626105404463
CatBoost,train,DEMO060,0,0.011196098285811957
CatBoost,train,DEMO061,0,0.02489387178732975
CatBoost,train,DEMO062,0,0.015548280137853202
CatBoost,train,DEMO063,0,0.028146385929416238
CatBoost,train,DEMO064,1,0.9291405445504003
CatBoost,train,DEMO065,0,0.016565694460537742
CatBoost,train,DEMO066,1,0.9723256373397828
CatBoost,train,DEMO067,0,0.045404816924651245
CatBoost,train,DEMO068,0,0.020616199573264847
CatBoost,train,DEMO069,0,0.019231198210920356
CatBoost,train,DEMO070,0,0.02450375882216086
CatBoost,train,DEMO071,1,0.9619003558105271
CatBoost,train,DEMO072,0,0.0263438367936818
CatBoost,val,DEMO073,0,0.2892544273647526
CatBoost,val,DEMO074,0,0.1968059406335451
CatBoost,val,DEMO075,1,0.01614867617429964
CatBoost,val,DEMO076,0,0.0811685082071674
CatBoost,val,DEMO077,0,0.16196599088624672
CatBoost,val,DEMO078,0,0.08997999383899839
CatBoost,val,DEMO079,1,0.19734671436775708
CatBoost,val,DEMO080,0,0.47756682349630447
CatBoost,val,DEMO081,1,0.21582699213826123
CatBoost,val,DEMO082,1,0.9632151346138063
CatBoost,val,DEMO083,0,0.09777908125213841
CatBoost,val,DEMO084,0,0.6653225301568171
CatBoost,val,DEMO085,1,0.059169347830564316
CatBoost,val,DEMO086,0,0.056972967819184143
CatBoost,val,DEMO087,0,0.07629243072451962
CatBoost,val,DEMO088,1,0.044878671280440985
CatBoost,val,DEMO089,0,0.015968524519317472
CatBoost,val,DEMO090,0,0.6496577696413683
CatBoost,test1,DEMO091,1,0.29196557906241355
CatBoost,test1,DEMO092,0,0.10481979948591015
CatBoost,test1,DEMO093,0,0.08622006153250303
CatBoost,test1,DEMO094,1,0.046948329217410635
CatBoost,test1,DEMO095,0,0.3302693103317071
CatBoost,test1,DEMO096,0,0.8115107862726251
CatBoost,test1,DEMO097,1,0.028110382006546843
CatBoost,test1,DEMO098,0,0.7863663247400702
CatBoost,test1,DEMO099,1,0.094801266026781
CatBoost,test1,DEMO100,0,0.053500809826283476
CatBoost,test1,DEMO101,0,0.5055172796432535
CatBoost,test1,DEMO102,0,0.08223031656607555
CatBoost,test1,DEMO103,1,0.3806415632965042
CatBoost,test1,DEMO104,0,0.11027734461448294
CatBoost,test1,DEMO105,1,0.8711130343454797
CatBoost,test1,DEMO106,1,0.9737634799676969
CatBoost,test1,DEMO107,1,0.022145675919613333
CatBoost,test1,DEMO108,0,0.060103801201405155
CatBoost,test2,DEMO109,1,0.04769274832897432
CatBoost,test2,DEMO110,0,0.16207324558345573
CatBoost,test2,DEMO111,0,0.026443204412709007
CatBoost,test2,DEMO112,1,0.15112390265904113
CatBoost,test2,DEMO113,1,0.8110450655760694
CatBoost,test2,DEMO114,1,0.039601215563164344
CatBoost,test2,DEMO115,1,0.059861324898931624
CatBoost,test2,DEMO116,0,0.5259860951782249
CatBoost,test2,DEMO117,0,0.26384292327072834
CatBoost,test2,DEMO118,0,0.01386812128862974
CatBoost,test2,DEMO119,1,0.46357972015539856
CatBoost,test2,DEMO120,0,0.2153193728012047
SVM,train,DEMO001,0,0.3888628121946943
SVM,train,DEMO002,1,0.2493109358592047
SVM,train,DEMO003,1,0.37020951823823195
SVM,train,DEMO004,0,0.2895562583140034
SVM,train,DEMO005,0,0.21576481620971175
SVM,train,DEMO006,1,0.37730274533386216
SVM,train,DEMO007,1,0.42196869870492026
SVM,train,DEMO008,1,0.34190821599330223
SVM,train,DEMO009,1,0.6830974303041119
SVM,train,DEMO010,0,0.26252351251259504
SVM,train,DEMO011,0,0.26475501604104557
SVM,train,DEMO012,1,0.2352850109046253
SVM,train,DEMO013,1,0.508043802284651
SVM,train,DEMO014,0,0.35917212230681267
SVM,train,DEMO015,0,0.2626984348108904
SVM,train,DEMO016,1,0.454275464445653
SVM,train,DEMO017,0,0.2802271592411772
SVM,train,DEMO018,0,0.2626429877534781
SVM,train,DEMO019,0,0.2625562520416426
SVM,train,DEMO020,0,0.2626729032104814
SVM,train,DEMO021,0,0.26259216051125067
SVM,train,DEMO022,1,0.5292227261776835
SVM,train,DEMO023,0,0.2721368369983513
SVM,train,DEMO024,0,0.2558217339787685
SVM,train,DEMO025,1,0.5
SVM,train,DEMO026,0,0.2333525107235579
SVM,train,DEMO027,0,0.25395708806553696
SVM,train,DEMO028,0,0.26263488871567264
SVM,train,DEMO029,1,0.36586270291635337
SVM,train,DEMO030,0,0.2625970048635202
SVM,train,DEMO031,1,0.3601897930973209
SVM,train,DEMO032,0,0.26234652634703987
SVM,train,DEMO033,0,0.26259593117968544
SVM,train,DEMO034,0,0.2625795054073254
SVM,train,DEMO035,0,0.27497637505440575
SVM,train,DEMO036,0,0.2625393293877383
SVM,train,DEMO037,0,0.2625435214546263
SVM,train,DEMO038,1,0.5
SVM,train,DEMO039,0,0.2094556984821118
SVM,train,DEMO040,1,0.34848289318639436
SVM,train,DEMO041,0,0.2625702803089341
SVM,train,DEMO042,0,0.26260413403310284
SVM,train,DEMO043,0,0.2626774536957317
SVM,train,DEMO044,1,0.6159741924713817
SVM,train,DEMO045,0,0.28862173683667125
SVM,train,DEMO046,0,0.26254941516957925
SVM,train,DEMO047,0,0.26255146110701
SVM,train,DEMO048,0,0.4903380228796146
SVM,train,DEMO049,1,0.5233886090313083
SVM,train,DEMO050,1,0.33238605547344324
SVM,train,DEMO051,0,0.26265973740471954
SVM,train,DEMO052,0,0.2626237063982091
SVM,train,DEMO053,0,0.2569330553287176
SVM,train,DEMO054,1,0.26577929648481596
SVM,train,DEMO055,0,0.2626984382924988
SVM,train,DEMO056,0,0.26268266484932146
SVM,train,DEMO057,0,0.26271135385705974
SVM,train,DEMO058,0,0.26270038414583685
SVM,train,DEMO059,0,0.2438145688078423
SVM,train,DEMO060,0,0.2626430701483886
SVM,train,DEMO061,0,0.2924665599357512
SVM,train,DEMO062,0,0.26258160343822695
SVM,train,DEMO063,0,0.26270102543193774
SVM,train,DEMO064,1,0.30834660151908877
SVM,train,DEMO065,0,0.2645183186600244
SVM,train,DEMO066,1,0.5
SVM,train,DEMO067,0,0.24373698113191658
SVM,train,DEMO068,0,0.2402249841881715
SVM,train,DEMO069,0,0.26263466431544874
SVM,train,DEMO070,0,0.2626624346094492
SVM,train,DEMO071,1,0.5330476261110292
SVM,train,DEMO072,0,0.21844890685183538
SVM,val,DEMO073,0,0.2618654968790941
SVM,val,DEMO074,0,0.3713538861213871
SVM,val,DEMO075,1,0.2102428823461355
SVM,val,DEMO076,0,0.3671869489428441
SVM,val,DEMO077,0,0.20197173475725536
SVM,val,DEMO078,0,0.528450210283893
SVM,val,DEMO079,1,0.37682216159756804
SVM,val,DEMO080,0,0.3777525650803012
SVM,val,DEMO081,1,0.40382808972245127
SVM,val,DEMO082,1,0.3506474749751733
SVM,val,DEMO083,0,0.26960152209233607
SVM,val,DEMO084,0,0.37921463494638324
SVM,val,DEMO085,1,0.279571421464255
SVM,val,DEMO086,0,0.23325194311633168
SVM,val,DEMO087,0,0.32130619142420214
SVM,val,DEMO088,1,0.3599515950511374
SVM,val,DEMO089,0,0.24157098937628754
SVM,val,DEMO090,0,0.37600718161520097
SVM,test1,DEMO091,1,0.26785143876654266
SVM,test1,DEMO092,0,0.23822712128391588
SVM,test1,DEMO093,0,0.30148934683920964
SVM,test1,DEMO094,1,0.2795272033007174
SVM,test1,DEMO095,0,0.3817646790533921
SVM,test1,DEMO096,0,0.3574402333284488
SVM,test1,DEMO097,1,0.2887130402248163
SVM,test1,DEMO098,0,0.43198776690676144
SVM,test1,DEMO099,1,0.23251279255176147
SVM,test1,DEMO100,0,0.2254789540689306
SVM,test1,DEMO101,0,0.5896513774368636
SVM,test1,DEMO102,0,0.3190735868814957
SVM,test1,DEMO103,1,0.5
SVM,test1,DEMO104,0,0.3628018886957768
SVM,test1,DEMO105,1,0.37898032056824066
SVM,test1,DEMO106,1,0.6120771577045783
SVM,test1,DEMO107,1,0.24095017489948667
SVM,test1,DEMO108,0,0.4499738862189826
SVM,test2,DEMO109,1,0.2509781283599489
SVM,test2,DEMO110,0,0.23860348776884707
SVM,test2,DEMO111,0,0.2496917495994429
SVM,test2,DEMO112,1,0.24426164771272169
SVM,test2,DEMO113,1,0.5548244881812276
SVM,test2,DEMO114,1,0.2855418038967007
SVM,test2,DEMO115,1,0.2366126989585675
SVM,test2,DEMO116,0,0.37747313666378135
SVM,test2,DEMO117,0,0.32867925676784426
SVM,test2,DEMO118,0,0.254585215030801
SVM,test2,DEMO119,1,0.5
SVM,test2,DEMO120,0,0.4294319294213936
ExtraTrees,train,DEMO001,0,0.2900611457423841
ExtraTrees,train,DEMO002,1,0.3187595825320888
ExtraTrees,train,DEMO003,1,0.6558798305887854
ExtraTrees,train,DEMO004,0,0.24363108809226644
ExtraTrees,train,DEMO005,0,0.23911935468213774
ExtraTrees,train,DEMO006,1,0.5071416046597447
ExtraTrees,train,DEMO007,1,0.7060847861106951
ExtraTrees,train,DEMO008,1,0.4537633138223829
ExtraTrees,train,DEMO009,1,0.7484582081003146
ExtraTrees,train,DEMO010,0,0.2080966965547983
ExtraTrees,train,DEMO011,0,0.16269037295922226
ExtraTrees,train,DEMO012,1,0.3202222138333237
ExtraTrees,train,DEMO013,1,0.6055867302746151
ExtraTrees,train,DEMO014,0,0.23873588982234897
ExtraTrees,train,DEMO015,0,0.12982523528893664
ExtraTrees,train,DEMO016,1,0.7444651224666746
ExtraTrees,train,DEMO017,0,0.2747703898971084
ExtraTrees,train,DEMO018,0,0.19423710522408544
ExtraTrees,train,DEMO019,0,0.20914950281781589
ExtraTrees,train,DEMO020,0,0.15680000415037135
ExtraTrees,train,DEMO021,0,0.20204961305156147
ExtraTrees,train,DEMO022,1,0.5371027947800676
ExtraTrees,train,DEMO023,0,0.2746317259837173
ExtraTrees,train,DEMO024,0,0.14795435759130324
ExtraTrees,train,DEMO025,1,0.5287452268532404
ExtraTrees,train,DEMO026,0,0.18272523456514198
ExtraTrees,train,DEMO027,0,0.11280319698016533
ExtraTrees,train,DEMO028,0,0.14979378673818158
ExtraTrees,train,DEMO029,1,0.5624099917738995
ExtraTrees,train,DEMO030,0,0.13793599009430463
ExtraTrees,train,DEMO031,1,0.4502092283015752
ExtraTrees,train,DEMO032,0,0.24094222577771698
ExtraTrees,train,DEMO033,0,0.17667568895217398
ExtraTrees,train,DEMO034,0,0.19261429001392982
ExtraTrees,train,DEMO035,0,0.2292285307723529
ExtraTrees,train,DEMO036,0,0.1376053718128259
ExtraTrees,train,DEMO037,0,0.06257393338484642
ExtraTrees,train,DEMO038,1,0.6848891379462572
ExtraTrees,train,DEMO039,0,0.09064811797031701
ExtraTrees,train,DEMO040,1,0.5878178012299482
ExtraTrees,train,DEMO041,0,0.22411913222625798
ExtraTrees,train,DEMO042,0,0.13712946542945198
ExtraTrees,train,DEMO043,0,0.16653491582060853
ExtraTrees,train,DEMO044,1,0.7976909556369609
ExtraTrees,train,DEMO045,0,0.27059124060719864
ExtraTrees,train,DEMO046,0,0.19863123090200116
ExtraTrees,train,DEMO047,0,0.1695559348094364
ExtraTrees,train,DEMO048,0,0.3160570641260039
ExtraTrees,train,DEMO049,1,0.5743170010043731
ExtraTrees,train,DEMO050,1,0.3910564816750305
ExtraTrees,train,DEMO051,0,0.21026339620174486
ExtraTrees,train,DEMO052,0,0.1479546964049584
ExtraTrees,train,DEMO053,0,0.16660343613039277
ExtraTrees,train,DEMO054,1,0.3693293643104516
ExtraTrees,train,DEMO055,0,0.14080577059782984
ExtraTrees,train,DEMO056,0,0.1882523765496086
ExtraTrees,train,DEMO057,0,0.19616690267763656
ExtraTrees,train,DEMO058,0,0.25487584176684075
ExtraTrees,train,DEMO059,0,0.15486541565481568
ExtraTrees,train,DEMO060,0,0.1593926733028756
ExtraTrees,train,DEMO061,0,0.1417686960509357
ExtraTrees,train,DEMO062,0,0.25010907050056874
ExtraTrees,train,DEMO063,0,0.20019615126689846
ExtraTrees,train,DEMO064,1,0.49255021375744473
ExtraTrees,train,DEMO065,0,0.18696812169476226
ExtraTrees,train,DEMO066,1,0.8028403892630401
ExtraTrees,train,DEMO067,0,0.2613414749521704
ExtraTrees,train,DEMO068,0,0.18008563828855262
ExtraTrees,train,DEMO069,0,0.2181371624458427
ExtraTrees,train,DEMO070,0,0.14411460773660217
ExtraTrees,train,DEMO071,1,0.6063359017783146
ExtraTrees,train,DEMO072,0,0.1845248542367677
ExtraTrees,val,DEMO073,0,0.3906002253676727
ExtraTrees,val,DEMO074,0,0.3236547667631765
ExtraTrees,val,DEMO075,1,0.18733453224108143
ExtraTrees,val,DEMO076,0,0.30787248959695285
ExtraTrees,val,DEMO077,0,0.3118456221284587
ExtraTrees,val,DEMO078,0,0.34769827799466957
ExtraTrees,val,DEMO079,1,0.3805625226641318
ExtraTrees,val,DEMO080,0,0.42105733523993055
ExtraTrees,val,DEMO081,1,0.46880973700488815
ExtraTrees,val,DEMO082,1,0.7609923178981151
ExtraTrees,val,DEMO083,0,0.3065989883796303
ExtraTrees,val,DEMO084,0,0.38809960153701917
ExtraTrees,val,DEMO085,1,0.15085947082683515
ExtraTrees,val,DEMO086,0,0.3131782158420163
ExtraTrees,val,DEMO087,0,0.3290768960763307
ExtraTrees,val,DEMO088,1,0.33528097314187166
ExtraTrees,val,DEMO089,0,0.19746293423491645
ExtraTrees,val,DEMO090,0,0.31289527541796797
ExtraTrees,test1,DEMO091,1,0.48602914977635703
ExtraTrees,test1,DEMO092,0,0.26949159012136437
ExtraTrees,test1,DEMO093,0,0.3314585041686786
ExtraTrees,test1,DEMO094,1,0.3136348950750495
ExtraTrees,test1,DEMO095,0,0.24107793357077933
ExtraTrees,test1,DEMO096,0,0.3548482090903238
ExtraTrees,test1,DEMO097,1,0.231382552481299
ExtraTrees,test1,DEMO098,0,0.5690891375849787
ExtraTrees,test1,DEMO099,1,0.2665473309005756
ExtraTrees,test1,DEMO100,0,0.1997214003062885
ExtraTrees,test1,DEMO101,0,0.4702995329393851
ExtraTrees,test1,DEMO102,0,0.34946976559504084
ExtraTrees,test1,DEMO103,1,0.3551579357061585
ExtraTrees,test1,DEMO104,0,0.3300906363388722
ExtraTrees,test1,DEMO105,1,0.7656024172684632
ExtraTrees,test1,DEMO106,1,0.5067433517669229
ExtraTrees,test1,DEMO107,1,0.28475711135971965
ExtraTrees,test1,DEMO108,0,0.29726920667412526
ExtraTrees,test2,DEMO109,1,0.2951567358146347
ExtraTrees,test2,DEMO110,0,0.2621445095569606
ExtraTrees,test2,DEMO111,0,0.3060082360407458
ExtraTrees,test2,DEMO112,1,0.2827429070874649
ExtraTrees,test2,DEMO113,1,0.5301885507171159
ExtraTrees,test2,DEMO114,1,0.25315769103530866
ExtraTrees,test2,DEMO115,1,0.2489142737178512
ExtraTrees,test2,DEMO116,0,0.3512225388589131
ExtraTrees,test2,DEMO117,0,0.2905747964541266
ExtraTrees,test2,DEMO118,0,0.23771473560116196
ExtraTrees,test2,DEMO119,1,0.5374987530362794
ExtraTrees,test2,DEMO120,0,0.40574285685538375
RandomForest,train,DEMO001,0,0.12619909530902174
RandomForest,train,DEMO002,1,0.4238480275717008
RandomForest,train,DEMO003,1,0.6914729449562784
RandomForest,train,DEMO004,0,0.18179987047659388
RandomForest,train,DEMO005,0,0.11417803173265256
RandomForest,train,DEMO006,1,0.6723637845680797
RandomForest,train,DEMO007,1,0.7522039252170831
RandomForest,train,DEMO008,1,0.7096648488208777
RandomForest,train,DEMO009,1,0.793876462317639
RandomForest,train,DEMO010,0,0.2073483167895863
RandomForest,train,DEMO011,0,0.23003104323877868
RandomForest,train,DEMO012,1,0.5305357402674398
RandomForest,train,DEMO013,1,0.7351433700925392
RandomForest,train,DEMO014,0,0.17321779270112608
RandomForest,train,DEMO015,0,0.12404566268249131
RandomForest,train,DEMO016,1,0.7277449075801059
RandomForest,train,DEMO017,0,0.14608099529744642
RandomForest,train,DEMO018,0,0.12279217943433096
RandomForest,train,DEMO019,0,0.21356963049191355
RandomForest,train,DEMO020,0,0.0975003754817471
RandomForest,train,DEMO021,0,0.13992637770150318
RandomForest,train,DEMO022,1,0.7744219011705455
RandomForest,train,DEMO023,0,0.17618543688377214
RandomForest,train,DEMO024,0,0.05447047278641187
RandomForest,train,DEMO025,1,0.7781569072038782
RandomForest,train,DEMO026,0,0.03564159733992302
RandomForest,train,DEMO027,0,0.08490363932938233
RandomForest,train,DEMO028,0,0.19694875019339822
RandomForest,train,DEMO029,1,0.7320029416235938
RandomForest,train,DEMO030,0,0.15104819013830098
RandomForest,train,DEMO031,1,0.6694445158393133
RandomForest,train,DEMO032,0,0.1594666988423329
RandomForest,train,DEMO033,0,0.12462784734913486
RandomForest,train,DEMO034,0,0.07034636858587072
RandomForest,train,DEMO035,0,0.2055034322241443
RandomForest,train,DEMO036,0,0.06532077476619741
RandomForest,train,DEMO037,0,0.08368943402276734
RandomForest,train,DEMO038,1,0.8248018046768046
RandomForest,train,DEMO039,0,0.033084878411348995
RandomForest,train,DEMO040,1,0.6509642156886405
RandomForest,train,DEMO041,0,0.16999847580847324
RandomForest,train,DEMO042,0,0.08739860901625605
RandomForest,train,DEMO043,0,0.1380930619414393
RandomForest,train,DEMO044,1,0.7345371791058065
RandomForest,train,DEMO045,0,0.23101014552898372
RandomForest,train,DEMO046,0,0.08971315545589471
RandomForest,train,DEMO047,0,0.101938337328651
RandomForest,train,DEMO048,0,0.3114397892530884
RandomForest,train,DEMO049,1,0.6539848198403297
RandomForest,train,DEMO050,1,0.6005424045801872
RandomForest,train,DEMO051,0,0.05787896506613961
RandomForest,train,DEMO052,0,0.2656918147665696
RandomForest,train,DEMO053,0,0.05478170691106707
RandomForest,train,DEMO054,1,0.6203714447480622
RandomForest,train,DEMO055,0,0.16964991953674818
RandomForest,train,DEMO056,0,0.11718240640409261
RandomForest,train,DEMO057,0,0.1968326254894883
RandomForest,train,DEMO058,0,0.1073450998766954
RandomForest,train,DEMO059,0,0.09574597848709016
RandomForest,train,DEMO060,0,0.1455138010831278
RandomForest,train,DEMO061,0,0.13756103011240686
RandomForest,train,DEMO062,0,0.12211863320063979
RandomForest,train,DEMO063,0,0.0911719672484378
RandomForest,train,DEMO064,1,0.7074588281319836
RandomForest,train,DEMO065,0,0.10970883320862948
RandomForest,train,DEMO066,1,0.7978495549041603
RandomForest,train,DEMO067,0,0.16563167802769949
RandomForest,train,DEMO068,0,0.11133351657205964
RandomForest,train,DEMO069,0,0.2063882231325859
RandomForest,train,DEMO070,0,0.18317015866581088
RandomForest,train,DEMO071,1,0.7903575746444034
RandomForest,train,DEMO072,0,0.14131577568144876
RandomForest,val,DEMO073,0,0.44218369073307157
RandomForest,val,DEMO074,0,0.35523594901267236
RandomForest,val,DEMO075,1,0.12123162961251109
RandomForest,val,DEMO076,0,0.26528173655693
RandomForest,val,DEMO077,0,0.33932273097273097
RandomForest,val,DEMO078,0,0.22777034846161787
RandomForest,val,DEMO079,1,0.4010211093916016
RandomForest,val,DEMO080,0,0.4442316022542738
RandomForest,val,DEMO081,1,0.34761653421158073
RandomForest,val,DEMO082,1,0.7507575757575757
RandomForest,val,DEMO083,0,0.26641439890628676
RandomForest,val,DEMO084,0,0.5487608757838268
RandomForest,val,DEMO085,1,0.29623951788951797
RandomForest,val,DEMO086,0,0.1820902771640931
RandomForest,val,DEMO087,0,0.22496902363777366
RandomForest,val,DEMO088,1,0.23658430879278602
RandomForest,val,DEMO089,0,0.1152427494667345
RandomForest,val,DEMO090,0,0.5036043569270551
RandomForest,test1,DEMO091,1,0.4155297608637779
RandomForest,test1,DEMO092,0,0.3201532700143273
RandomForest,test1,DEMO093,0,0.21909149539654124
RandomForest,test1,DEMO094,1,0.27277949243929633
RandomForest,test1,DEMO095,0,0.33646142876217167
RandomForest,test1,DEMO096,0,0.33237391300927893
RandomForest,test1,DEMO097,1,0.141138369407899
RandomForest,test1,DEMO098,0,0.6333868576713227
RandomForest,test1,DEMO099,1,0.16626506864210333
RandomForest,test1,DEMO100,0,0.2870656501723494
RandomForest,test1,DEMO101,0,0.45530160721787666
RandomForest,test1,DEMO102,0,0.29124857673191007
RandomForest,test1,DEMO103,1,0.40903928593625644
RandomForest,test1,DEMO104,0,0.3113173220700257
RandomForest,test1,DEMO105,1,0.6926759132680186
RandomForest,test1,DEMO106,1,0.6629312063871527
RandomForest,test1,DEMO107,1,0.27903881763782257
RandomForest,test1,DEMO108,0,0.24031991926444676
RandomForest,test2,DEMO109,1,0.13671944402406488
RandomForest,test2,DEMO110,0,0.28451626710931827
RandomForest,test2,DEMO111,0,0.30776733191393746
RandomForest,test2,DEMO112,1,0.2891940768951158
RandomForest,test2,DEMO113,1,0.6391691461537128
RandomForest,test2,DEMO114,1,0.308650650214527
RandomForest,test2,DEMO115,1,0.11531906716361805
RandomForest,test2,DEMO116,0,0.43557541668571065
RandomForest,test2,DEMO117,0,0.3955590330693272
RandomForest,test2,DEMO118,0,0.14633931020555876
RandomForest,test2,DEMO119,1,0.44874415227253206
RandomForest,test2,DEMO120,0,0.48927614729241675
RidgeLR,train,DEMO001,0,0.45999666939191974
RidgeLR,train,DEMO002,1,0.38152506747129067
RidgeLR,train,DEMO003,1,0.3253670250079113
RidgeLR,train,DEMO004,0,0.4101867959614376
RidgeLR,train,DEMO005,0,0.4531186933527027
RidgeLR,train,DEMO006,1,0.4790336992125516
RidgeLR,train,DEMO007,1,0.45148738870762706
RidgeLR,train,DEMO008,1,0.3861865860910763
RidgeLR,train,DEMO009,1,0.5324341915401198
RidgeLR,train,DEMO010,0,0.3913892036754095
RidgeLR,train,DEMO011,0,0.456821583217659
RidgeLR,train,DEMO012,1,0.3624107134200876
RidgeLR,train,DEMO013,1,0.4304764812616473
RidgeLR,train,DEMO014,0,0.37140904004171665
RidgeLR,train,DEMO015,0,0.45867914008547533
RidgeLR,train,DEMO016,1,0.5229569938174439
RidgeLR,train,DEMO017,0,0.46971237942016925
RidgeLR,train,DEMO018,0,0.4048413301313421
RidgeLR,train,DEMO019,0,0.38962005112840753
RidgeLR,train,DEMO020,0,0.3455508051862946
RidgeLR,train,DEMO021,0,0.396751437624666
RidgeLR,train,DEMO022,1,0.4558546797672009
RidgeLR,train,DEMO023,0,0.46180182407332443
RidgeLR,train,DEMO024,0,0.2994022638293566
RidgeLR,train,DEMO025,1,0.4403563499986725
RidgeLR,train,DEMO026,0,0.35704889879179136
RidgeLR,train,DEMO027,0,0.38110962448003616
RidgeLR,train,DEMO028,0,0.29122482483058
RidgeLR,train,DEMO029,1,0.4346877720365435
RidgeLR,train,DEMO030,0,0.33322664537827607
RidgeLR,train,DEMO031,1,0.4171821457404902
RidgeLR,train,DEMO032,0,0.4091858294667028
RidgeLR,train,DEMO033,0,0.3710830088869996
RidgeLR,train,DEMO034,0,0.4152822423472293
RidgeLR,train,DEMO035,0,0.36190880420260374
RidgeLR,train,DEMO036,0,0.3494541875960685
RidgeLR,train,DEMO037,0,0.2503311922850644
RidgeLR,train,DEMO038,1,0.4363132133243996
RidgeLR,train,DEMO039,0,0.2986612955022313
RidgeLR,train,DEMO040,1,0.39680063550048567
RidgeLR,train,DEMO041,0,0.3869842106906994
RidgeLR,train,DEMO042,0,0.38243966830396825
RidgeLR,train,DEMO043,0,0.3982718937949867
RidgeLR,train,DEMO044,1,0.5184455359750677
RidgeLR,train,DEMO045,0,0.40933484688769944
RidgeLR,train,DEMO046,0,0.4441881887301721
RidgeLR,train,DEMO047,0,0.33106543508245506
RidgeLR,train,DEMO048,0,0.4863208491562632
RidgeLR,train,DEMO049,1,0.41380480857900753
RidgeLR,train,DEMO050,1,0.3864123154165175
RidgeLR,train,DEMO051,0,0.4193409376599763
RidgeLR,train,DEMO052,0,0.35298082353461435
RidgeLR,train,DEMO053,0,0.3614381017839974
RidgeLR,train,DEMO054,1,0.42959169092702265
RidgeLR,train,DEMO055,0,0.46201641187985626
RidgeLR,train,DEMO056,0,0.35304977428039813
RidgeLR,train,DEMO057,0,0.49385261982899575
RidgeLR,train,DEMO058,0,0.4413075283949263
RidgeLR,train,DEMO059,0,0.328691254685001
RidgeLR,train,DEMO060,0,0.46071977584529145
RidgeLR,train,DEMO061,0,0.3774380086910609
RidgeLR,train,DEMO062,0,0.4336047692154278
RidgeLR,train,DEMO063,0,0.34953416987665625
RidgeLR,train,DEMO064,1,0.40958879841503576
RidgeLR,train,DEMO065,0,0.3688610923344219
RidgeLR,train,DEMO066,1,0.3335035973983041
RidgeLR,train,DEMO067,0,0.422218259801153
RidgeLR,train,DEMO068,0,0.42252167190929674
RidgeLR,train,DEMO069,0,0.49050927819664697
RidgeLR,train,DEMO070,0,0.43657512821090244
RidgeLR,train,DEMO071,1,0.4773339207566223
RidgeLR,train,DEMO072,0,0.3631476727915219
RidgeLR,val,DEMO073,0,0.2973983030415323
RidgeLR,val,DEMO074,0,0.3835837882824559
RidgeLR,val,DEMO075,1,0.4113365754947961
RidgeLR,val,DEMO076,0,0.3745791550587905
RidgeLR,val,DEMO077,0,0.34101044869515473
RidgeLR,val,DEMO078,0,0.42664005424725915
RidgeLR,val,DEMO079,1,0.46870183775562213
RidgeLR,val,DEMO080,0,0.5027472890776818
RidgeLR,val,DEMO081,1,0.3474242545681303
RidgeLR,val,DEMO082,1,0.48732032427075267
RidgeLR,val,DEMO083,0,0.4282302622905263
RidgeLR,val,DEMO084,0,0.4524374520899703
RidgeLR,val,DEMO085,1,0.37026127007935383
RidgeLR,val,DEMO086,0,0.36440545200082886
RidgeLR,val,DEMO087,0,0.43601601369356985
RidgeLR,val,DEMO088,1,0.4765254005826924
RidgeLR,val,DEMO089,0,0.2838164341236167
RidgeLR,val,DEMO090,0,0.46341793513481516
RidgeLR,test1,DEMO091,1,0.43907568206097286
RidgeLR,test1,DEMO092,0,0.31933280024230104
RidgeLR,test1,DEMO093,0,0.4253753462002222
RidgeLR,test1,DEMO094,1,0.3530856603241163
RidgeLR,test1,DEMO095,0,0.4111137637657704
RidgeLR,test1,DEMO096,0,0.3553419029475881
RidgeLR,test1,DEMO097,1,0.37860892494490894
RidgeLR,test1,DEMO098,0,0.38793881138697045
RidgeLR,test1,DEMO099,1,0.4007156151980013
RidgeLR,test1,DEMO100,0,0.3506783070191904
RidgeLR,test1,DEMO101,0,0.4602064140261405
RidgeLR,test1,DEMO102,0,0.35318113675333057
RidgeLR,test1,DEMO103,1,0.48816252269020444
RidgeLR,test1,DEMO104,0,0.39083861745833354
RidgeLR,test1,DEMO105,1,0.4037543263603256
RidgeLR,test1,DEMO106,1,0.44433321699711165
RidgeLR,test1,DEMO107,1,0.5121294502211687
RidgeLR,test1,DEMO108,0,0.42432952416460556
RidgeLR,test2,DEMO109,1,0.385941660100202
RidgeLR,test2,DEMO110,0,0.3104641996158821
RidgeLR,test2,DEMO111,0,0.5044517037733474
RidgeLR,test2,DEMO112,1,0.3928746689101103
RidgeLR,test2,DEMO113,1,0.46540875671247395
RidgeLR,test2,DEMO114,1,0.4306123645633347
RidgeLR,test2,DEMO115,1,0.37723263229832377
RidgeLR,test2,DEMO116,0,0.41984964825398396
RidgeLR,test2,DEMO117,0,0.3556740318459681
RidgeLR,test2,DEMO118,0,0.37464951831470783
RidgeLR,test2,DEMO119,1,0.4544625796560363
RidgeLR,test2,DEMO120,0,0.4860452270246623
GradientBoosting,train,DEMO001,0,0.09119084314395784
GradientBoosting,train,DEMO002,1,0.6358269693123527
GradientBoosting,train,DEMO003,1,0.8671028148150388
GradientBoosting,train,DEMO004,0,0.026309727004711122
GradientBoosting,train,DEMO005,0,0.10377449951847698
GradientBoosting,train,DEMO006,1,0.7957962463385838
GradientBoosting,train,DEMO007,1,0.8800926004086147
GradientBoosting,train,DEMO008,1,0.8730414921464725
GradientBoosting,train,DEMO009,1,0.861260981362873
GradientBoosting,train,DEMO010,0,0.12640912661766152
GradientBoosting,train,DEMO011,0,0.04572624323938327
GradientBoosting,train,DEMO012,1,0.6273305113541728
GradientBoosting,train,DEMO013,1,0.8780037321260267
GradientBoosting,train,DEMO014,0,0.03461220094136054
GradientBoosting,train,DEMO015,0,0.04283816725078557
GradientBoosting,train,DEMO016,1,0.9405979111756312
GradientBoosting,train,DEMO017,0,0.040751460154223165
GradientBoosting,train,DEMO018,0,0.0425561971634363
GradientBoosting,train,DEMO019,0,0.1401094673729615
GradientBoosting,train,DEMO020,0,0.09436186414332762
GradientBoosting,train,DEMO021,0,0.04007963617126188
GradientBoosting,train,DEMO022,1,0.8902802861181236
GradientBoosting,train,DEMO023,0,0.05392481330195904
GradientBoosting,train,DEMO024,0,0.006955562676730532
GradientBoosting,train,DEMO025,1,0.9174990723396711
GradientBoosting,train,DEMO026,0,0.024744585915103364
GradientBoosting,train,DEMO027,0,0.03776530589262737
GradientBoosting,train,DEMO028,0,0.13638966957387172
GradientBoosting,train,DEMO029,1,0.8647544971988965
GradientBoosting,train,DEMO030,0,0.03853680556204552
GradientBoosting,train,DEMO031,1,0.8677907465027147
GradientBoosting,train,DEMO032,0,0.06365523917510314
GradientBoosting,train,DEMO033,0,0.05603066759455198
GradientBoosting,train,DEMO034,0,0.05461034557331458
GradientBoosting,train,DEMO035,0,0.2395008865910125
GradientBoosting,train,DEMO036,0,0.019009990399135108
GradientBoosting,train,DEMO037,0,0.01566281982312142
GradientBoosting,train,DEMO038,1,0.8771132847021104
GradientBoosting,train,DEMO039,0,0.028735826542566116
GradientBoosting,train,DEMO040,1,0.8546042251330717
GradientBoosting,train,DEMO041,0,0.0773641374693587
GradientBoosting,train,DEMO042,0,0.03862195186452808
GradientBoosting,train,DEMO043,0,0.07785033441155027
GradientBoosting,train,DEMO044,1,0.9539892903855488
GradientBoosting,train,DEMO045,0,0.12759083061489035
GradientBoosting,train,DEMO046,0,0.03905739651853224
GradientBoosting,train,DEMO047,0,0.04872658649236704
GradientBoosting,train,DEMO048,0,0.13202256228448445
GradientBoosting,train,DEMO049,1,0.781072709810591
GradientBoosting,train,DEMO050,1,0.7229116969115086
GradientBoosting,train,DEMO051,0,0.03437512194674661
GradientBoosting,train,DEMO052,0,0.1073562669904831
GradientBoosting,train,DEMO053,0,0.014150637741702471
GradientBoosting,train,DEMO054,1,0.7969283982160743
GradientBoosting,train,DEMO055,0,0.059371086995719996
GradientBoosting,train,DEMO056,0,0.04449023293544602
GradientBoosting,train,DEMO057,0,0.09619706711082941
GradientBoosting,train,DEMO058,0,0.08196473162812497
GradientBoosting,train,DEMO059,0,0.015899724555820158
GradientBoosting,train,DEMO060,0,0.06328947345698613
GradientBoosting,train,DEMO061,0,0.02000509175150964
GradientBoosting,train,DEMO062,0,0.036681741228183976
GradientBoosting,train,DEMO063,0,0.07015591464484904
GradientBoosting,train,DEMO064,1,0.8252901231981743
GradientBoosting,train,DEMO065,0,0.021577507478817627
GradientBoosting,train,DEMO066,1,0.9436300691118892
GradientBoosting,train,DEMO067,0,0.1383881182520023
GradientBoosting,train,DEMO068,0,0.061206138601875106
GradientBoosting,train,DEMO069,0,0.09368407583983494
GradientBoosting,train,DEMO070,0,0.09144134887905696
GradientBoosting,train,DEMO071,1,0.907588365104011
GradientBoosting,train,DEMO072,0,0.2458387226792635
GradientBoosting,val,DEMO073,0,0.6371942645784929
GradientBoosting,val,DEMO074,0,0.43278131218056426
GradientBoosting,val,DEMO075,1,0.21236944476412833
GradientBoosting,val,DEMO076,0,0.16507232120233706
GradientBoosting,val,DEMO077,0,0.2057551009588583
GradientBoosting,val,DEMO078,0,0.11245044234231151
GradientBoosting,val,DEMO079,1,0.2657269564355313
GradientBoosting,val,DEMO080,0,0.5640763497023471
GradientBoosting,val,DEMO081,1,0.14301222179998205
GradientBoosting,val,DEMO082,1,0.9748706644089615
GradientBoosting,val,DEMO083,0,0.17764972864295245
GradientBoosting,val,DEMO084,0,0.642470861243171
GradientBoosting,val,DEMO085,1,0.14371241951253014
GradientBoosting,val,DEMO086,0,0.03101646545574876
GradientBoosting,val,DEMO087,0,0.09119084314395784
GradientBoosting,val,DEMO088,1,0.07900754582616439
GradientBoosting,val,DEMO089,0,0.03243697781964008
GradientBoosting,val,DEMO090,0,0.9403344827481462
GradientBoosting,test1,DEMO091,1,0.15068204019532233
GradientBoosting,test1,DEMO092,0,0.5346580650364643
GradientBoosting,test1,DEMO093,0,0.0691739054219971
GradientBoosting,test1,DEMO094,1,0.03433796123759118
GradientBoosting,test1,DEMO095,0,0.28794284173802814
GradientBoosting,test1,DEMO096,0,0.5190239371740887
GradientBoosting,test1,DEMO097,1,0.015954812023864572
GradientBoosting,test1,DEMO098,0,0.475228425847728
GradientBoosting,test1,DEMO099,1,0.04202289705482349
GradientBoosting,test1,DEMO100,0,0.24602977937574347
GradientBoosting,test1,DEMO101,0,0.26016863139193314
GradientBoosting,test1,DEMO102,0,0.11374809321954331
GradientBoosting,test1,DEMO103,1,0.4599551470684464
GradientBoosting,test1,DEMO104,0,0.6612347113688567
GradientBoosting,test1,DEMO105,1,0.5846102350099096
GradientBoosting,test1,DEMO106,1,0.7494876038645932
GradientBoosting,test1,DEMO107,1,0.07009455654604102
GradientBoosting,test1,DEMO108,0,0.10258504833228675
GradientBoosting,test2,DEMO109,1,0.058301754413342566
GradientBoosting,test2,DEMO110,0,0.5303254622488546
GradientBoosting,test2,DEMO111,0,0.18930667093934384
GradientBoosting,test2,DEMO112,1,0.28651964104727506
GradientBoosting,test2,DEMO113,1,0.7070506537569233
GradientBoosting,test2,DEMO114,1,0.15173914913658915
GradientBoosting,test2,DEMO115,1,0.03753526063378026
GradientBoosting,test2,DEMO116,0,0.3584374453374128
GradientBoosting,test2,DEMO117,0,0.7992219101197413
GradientBoosting,test2,DEMO118,0,0.024682268435846984
GradientBoosting,test2,DEMO119,1,0.13366874306045468
GradientBoosting,test2,DEMO120,0,0.3178825551713813
ElasticNet,train,DEMO001,0,0.4101835540072895
ElasticNet,train,DEMO002,1,0.25309157682039585
ElasticNet,train,DEMO003,1,0.16227547385129254
ElasticNet,train,DEMO004,0,0.3058073542599817
ElasticNet,train,DEMO005,0,0.39410112662888386
ElasticNet,train,DEMO006,1,0.4515617025887013
ElasticNet,train,DEMO007,1,0.3975139845567418
ElasticNet,train,DEMO008,1,0.2647960370563202
ElasticNet,train,DEMO009,1,0.5675281911423212
ElasticNet,train,DEMO010,0,0.27164007728338296
ElasticNet,train,DEMO011,0,0.40354633175490523
ElasticNet,train,DEMO012,1,0.21975305604788026
ElasticNet,train,DEMO013,1,0.34297110159354166
ElasticNet,train,DEMO014,0,0.2352636823000824
ElasticNet,train,DEMO015,0,0.4045422977507987
ElasticNet,train,DEMO016,1,0.5456931169295568
ElasticNet,train,DEMO017,0,0.4271698567448115
ElasticNet,train,DEMO018,0,0.30383002959245226
ElasticNet,train,DEMO019,0,0.2663850328185972
ElasticNet,train,DEMO020,0,0.1910965564416746
ElasticNet,train,DEMO021,0,0.2832130828240591
ElasticNet,train,DEMO022,1,0.3969554209083262
ElasticNet,train,DEMO023,0,0.4176546113238624
ElasticNet,train,DEMO024,0,0.12815561384707733
ElasticNet,train,DEMO025,1,0.36596126174249133
ElasticNet,train,DEMO026,0,0.20950038138317342
ElasticNet,train,DEMO027,0,0.24494818257557865
ElasticNet,train,DEMO028,0,0.12291109452282649
ElasticNet,train,DEMO029,1,0.36131619182073477
ElasticNet,train,DEMO030,0,0.1731632037742239
ElasticNet,train,DEMO031,1,0.32096815687414126
ElasticNet,train,DEMO032,0,0.30569343831843077
ElasticNet,train,DEMO033,0,0.23875104809319644
ElasticNet,train,DEMO034,0,0.30942463539312604
ElasticNet,train,DEMO035,0,0.2160060895786158
ElasticNet,train,DEMO036,0,0.2029515770786687
ElasticNet,train,DEMO037,0,0.07665900052000867
ElasticNet,train,DEMO038,1,0.35921374914612947
ElasticNet,train,DEMO039,0,0.12875672000044225
ElasticNet,train,DEMO040,1,0.27680677258481967
ElasticNet,train,DEMO041,0,0.26357400546980864
ElasticNet,train,DEMO042,0,0.24903534492131651
ElasticNet,train,DEMO043,0,0.272895119020829
ElasticNet,train,DEMO044,1,0.5407729994612338
ElasticNet,train,DEMO045,0,0.30487559016305465
ElasticNet,train,DEMO046,0,0.38143465918696207
ElasticNet,train,DEMO047,0,0.1672514929391879
ElasticNet,train,DEMO048,0,0.4615520309440847
ElasticNet,train,DEMO049,1,0.3076142304579652
ElasticNet,train,DEMO050,1,0.26215437228350663
ElasticNet,train,DEMO051,0,0.3296018843533798
ElasticNet,train,DEMO052,0,0.1989542991191623
ElasticNet,train,DEMO053,0,0.21650484666416306
ElasticNet,train,DEMO054,1,0.3468298192447646
ElasticNet,train,DEMO055,0,0.41543561151811625
ElasticNet,train,DEMO056,0,0.20234062515230836
ElasticNet,train,DEMO057,0,0.48926155776381247
ElasticNet,train,DEMO058,0,0.3653965165140396
ElasticNet,train,DEMO059,0,0.16592168809459887
ElasticNet,train,DEMO060,0,0.40981711099947227
ElasticNet,train,DEMO061,0,0.2493328623598135
ElasticNet,train,DEMO062,0,0.35484137019708295
ElasticNet,train,DEMO063,0,0.19786778294474458
ElasticNet,train,DEMO064,1,0.3054737210794604
ElasticNet,train,DEMO065,0,0.23032864845752118
ElasticNet,train,DEMO066,1,0.17610095717314156
ElasticNet,train,DEMO067,0,0.3317043080301274
ElasticNet,train,DEMO068,0,0.3283276424007013
ElasticNet,train,DEMO069,0,0.4812446934193912
ElasticNet,train,DEMO070,0,0.3672541568820926
ElasticNet,train,DEMO071,1,0.4475263442049173
ElasticNet,train,DEMO072,0,0.22156056966659773
ElasticNet,val,DEMO073,0,0.131129867486712
ElasticNet,val,DEMO074,0,0.25476610375812786
ElasticNet,val,DEMO075,1,0.3025325050301634
ElasticNet,val,DEMO076,0,0.23803762978811752
ElasticNet,val,DEMO077,0,0.18575927779055712
ElasticNet,val,DEMO078,0,0.33686509296706035
ElasticNet,val,DEMO079,1,0.4281989930424066
ElasticNet,val,DEMO080,0,0.5019286107040567
ElasticNet,val,DEMO081,1,0.19606362038691608
ElasticNet,val,DEMO082,1,0.48370324311612545
ElasticNet,val,DEMO083,0,0.34235321868570046
ElasticNet,val,DEMO084,0,0.3941917484453935
ElasticNet,val,DEMO085,1,0.23080262687401523
ElasticNet,val,DEMO086,0,0.22282460689081937
ElasticNet,val,DEMO087,0,0.3598962935414792
ElasticNet,val,DEMO088,1,0.4444224449854455
ElasticNet,val,DEMO089,0,0.1104786002444318
ElasticNet,val,DEMO090,0,0.4228329882358361
ElasticNet,test1,DEMO091,1,0.37078681726409163
ElasticNet,test1,DEMO092,0,0.15709230572516575
ElasticNet,test1,DEMO093,0,0.33665383323172476
ElasticNet,test1,DEMO094,1,0.20021595419432434
ElasticNet,test1,DEMO095,0,0.2973701919854382
ElasticNet,test1,DEMO096,0,0.2085190230845283
ElasticNet,test1,DEMO097,1,0.25002513082967437
ElasticNet,test1,DEMO098,0,0.2708969547819351
ElasticNet,test1,DEMO099,1,0.28713568795400174
ElasticNet,test1,DEMO100,0,0.20645013348499847
ElasticNet,test1,DEMO101,0,0.4074084046670817
ElasticNet,test1,DEMO102,0,0.20547946067474296
ElasticNet,test1,DEMO103,1,0.4660157970116226
ElasticNet,test1,DEMO104,0,0.2659532976003362
ElasticNet,test1,DEMO105,1,0.3013398384138173
ElasticNet,test1,DEMO106,1,0.37596435353278346
ElasticNet,test1,DEMO107,1,0.5332828500947113
ElasticNet,test1,DEMO108,0,0.33364830270002677
ElasticNet,test2,DEMO109,1,0.261610337409117
ElasticNet,test2,DEMO110,0,0.14412707033763433
ElasticNet,test2,DEMO111,0,0.5136387145546886
ElasticNet,test2,DEMO112,1,0.27368098454678425
ElasticNet,test2,DEMO113,1,0.4181679298049964
ElasticNet,test2,DEMO114,1,0.351756012760787
ElasticNet,test2,DEMO115,1,0.24529070612459558
ElasticNet,test2,DEMO116,0,0.31707001608050717
ElasticNet,test2,DEMO117,0,0.2086190270135011
ElasticNet,test2,DEMO118,0,0.24052228277317447
ElasticNet,test2,DEMO119,1,0.3979297303170555
ElasticNet,test2,DEMO120,0,0.46966973940658185
NuSVM,train,DEMO001,0,0.3319365067086169
NuSVM,train,DEMO002,1,0.27185082125730337
NuSVM,train,DEMO003,1,0.37751504835147826
NuSVM,train,DEMO004,0,0.27693018042334216
NuSVM,train,DEMO005,0,0.24338977590445163
NuSVM,train,DEMO006,1,0.347740956891853
NuSVM,train,DEMO007,1,0.39416923641323726
NuSVM,train,DEMO008,1,0.3368510212823298
NuSVM,train,DEMO009,1,0.4191392080519749
NuSVM,train,DEMO010,0,0.2610084901307136
NuSVM,train,DEMO011,0,0.27423830696289564
NuSVM,train,DEMO012,1,0.26684404940553824
NuSVM,train,DEMO013,1,0.4191882444564814
NuSVM,train,DEMO014,0,0.3356206855502852
NuSVM,train,DEMO015,0,0.27426119997048815
NuSVM,train,DEMO016,1,0.4191713062730173
NuSVM,train,DEMO017,0,0.2742859603848466
NuSVM,train,DEMO018,0,0.27426741635640034
NuSVM,train,DEMO019,0,0.27436413375113
NuSVM,train,DEMO020,0,0.2742999995723753
NuSVM,train,DEMO021,0,0.2742091567130983
NuSVM,train,DEMO022,1,0.41936544509995094
NuSVM,train,DEMO023,0,0.27836688125413167
NuSVM,train,DEMO024,0,0.2733195848935875
NuSVM,train,DEMO025,1,0.41928315817608053
NuSVM,train,DEMO026,0,0.2564974523893119
NuSVM,train,DEMO027,0,0.2707391861405322
NuSVM,train,DEMO028,0,0.27416187188782565
NuSVM,train,DEMO029,1,0.3592952920249354
NuSVM,train,DEMO030,0,0.26108774463673606
NuSVM,train,DEMO031,1,0.35461832819072575
NuSVM,train,DEMO032,0,0.27424385877855684
NuSVM,train,DEMO033,0,0.27430564249949735
NuSVM,train,DEMO034,0,0.27187705241612553
NuSVM,train,DEMO035,0,0.2950867536138694
NuSVM,train,DEMO036,0,0.27434022130469937
NuSVM,train,DEMO037,0,0.27423948225395495
NuSVM,train,DEMO038,1,0.41921380419692006
NuSVM,train,DEMO039,0,0.2243306330167218
NuSVM,train,DEMO040,1,0.34740283042587566
NuSVM,train,DEMO041,0,0.274360558959811
NuSVM,train,DEMO042,0,0.2742555873147545
NuSVM,train,DEMO043,0,0.2742544729990453
NuSVM,train,DEMO044,1,0.4191109502016223
NuSVM,train,DEMO045,0,0.2938720280364834
NuSVM,train,DEMO046,0,0.27433281747734256
NuSVM,train,DEMO047,0,0.2742406213339575
NuSVM,train,DEMO048,0,0.37184786603313363
NuSVM,train,DEMO049,1,0.41912220439395803
NuSVM,train,DEMO050,1,0.3329261654116651
NuSVM,train,DEMO051,0,0.27429998811809303
NuSVM,train,DEMO052,0,0.27418225143501235
NuSVM,train,DEMO053,0,0.2742202476212433
NuSVM,train,DEMO054,1,0.28716115679185145
NuSVM,train,DEMO055,0,0.27428935668455645
NuSVM,train,DEMO056,0,0.27432157184559897
NuSVM,train,DEMO057,0,0.27399775712954755
NuSVM,train,DEMO058,0,0.2735594646881241
NuSVM,train,DEMO059,0,0.2565352504666804
NuSVM,train,DEMO060,0,0.2742278325098128
NuSVM,train,DEMO061,0,0.27422634560972664
NuSVM,train,DEMO062,0,0.2742913551294632
NuSVM,train,DEMO063,0,0.27414767162777604
NuSVM,train,DEMO064,1,0.33231130434593975
NuSVM,train,DEMO065,0,0.2806493700912531
NuSVM,train,DEMO066,1,0.41913627403725207
NuSVM,train,DEMO067,0,0.26643797283395576
NuSVM,train,DEMO068,0,0.2547211576543137
NuSVM,train,DEMO069,0,0.2742695478008256
NuSVM,train,DEMO070,0,0.2741559445151242
NuSVM,train,DEMO071,1,0.41928910269815517
NuSVM,train,DEMO072,0,0.23686269919891587
NuSVM,val,DEMO073,0,0.26432847354830463
NuSVM,val,DEMO074,0,0.3397550334527402
NuSVM,val,DEMO075,1,0.23997177701561914
NuSVM,val,DEMO076,0,0.3604346436964215
NuSVM,val,DEMO077,0,0.21781500217442862
NuSVM,val,DEMO078,0,0.4127755805270226
NuSVM,val,DEMO079,1,0.3327726000043427
NuSVM,val,DEMO080,0,0.30307277726877013
NuSVM,val,DEMO081,1,0.33903268018415367
NuSVM,val,DEMO082,1,0.3152108943784675
NuSVM,val,DEMO083,0,0.26178690324478365
NuSVM,val,DEMO084,0,0.32904839186107127
NuSVM,val,DEMO085,1,0.2754060123411201
NuSVM,val,DEMO086,0,0.2549022196408166
NuSVM,val,DEMO087,0,0.31449590284955947
NuSVM,val,DEMO088,1,0.3139877279782831
NuSVM,val,DEMO089,0,0.25495256264052174
NuSVM,val,DEMO090,0,0.31803791637327394
NuSVM,test1,DEMO091,1,0.26267033715595095
NuSVM,test1,DEMO092,0,0.2495927267500287
NuSVM,test1,DEMO093,0,0.29042544395141545
NuSVM,test1,DEMO094,1,0.29168462995749433
NuSVM,test1,DEMO095,0,0.34206379565558626
NuSVM,test1,DEMO096,0,0.35485486450040504
NuSVM,test1,DEMO097,1,0.3013169686495775
NuSVM,test1,DEMO098,0,0.37350819314626926
NuSVM,test1,DEMO099,1,0.26217952957896956
NuSVM,test1,DEMO100,0,0.23347676120604552
NuSVM,test1,DEMO101,0,0.4282523133317517
NuSVM,test1,DEMO102,0,0.3055367567521054
NuSVM,test1,DEMO103,1,0.3968214356136032
NuSVM,test1,DEMO104,0,0.3463879107506844
NuSVM,test1,DEMO105,1,0.32039126340486435
NuSVM,test1,DEMO106,1,0.47295218808037554
NuSVM,test1,DEMO107,1,0.24309750795821716
NuSVM,test1,DEMO108,0,0.3752636134096714
NuSVM,test2,DEMO109,1,0.2629500128137263
NuSVM,test2,DEMO110,0,0.2521053396497477
NuSVM,test2,DEMO111,0,0.2500529577545823
NuSVM,test2,DEMO112,1,0.26691448214906255
NuSVM,test2,DEMO113,1,0.4252960780283441
NuSVM,test2,DEMO114,1,0.28168972600913444
NuSVM,test2,DEMO115,1,0.265711922487343
NuSVM,test2,DEMO116,0,0.3415624399229964
NuSVM,test2,DEMO117,0,0.3167999945132151
NuSVM,test2,DEMO118,0,0.2723436364364397
NuSVM,test2,DEMO119,1,0.37232357999005894
NuSVM,test2,DEMO120,0,0.3222162023603806
HistGradientBoosting,train,DEMO001,0,0.11004385118247433
HistGradientBoosting,train,DEMO002,1,0.4639307208619864
HistGradientBoosting,train,DEMO003,1,0.32580555159947744
HistGradientBoosting,train,DEMO004,0,0.1346414206650143
HistGradientBoosting,train,DEMO005,0,0.26510340024111007
HistGradientBoosting,train,DEMO006,1,0.5611934963473274
HistGradientBoosting,train,DEMO007,1,0.47778547427044143
HistGradientBoosting,train,DEMO008,1,0.40995072263519033
HistGradientBoosting,train,DEMO009,1,0.6533884094562277
HistGradientBoosting,train,DEMO010,0,0.056653517432288886
HistGradientBoosting,train,DEMO011,0,0.2811108063658416
HistGradientBoosting,train,DEMO012,1,0.2882699332613436
HistGradientBoosting,train,DEMO013,1,0.6784530667977013
HistGradientBoosting,train,DEMO014,0,0.0901268159309372
HistGradientBoosting,train,DEMO015,0,0.3452248211702232
HistGradientBoosting,train,DEMO016,1,0.7643784113958495
HistGradientBoosting,train,DEMO017,0,0.1564084704535556
HistGradientBoosting,train,DEMO018,0,0.3324300139860036
HistGradientBoosting,train,DEMO019,0,0.07955981194416649
HistGradientBoosting,train,DEMO020,0,0.1611061794098763
HistGradientBoosting,train,DEMO021,0,0.21294637487887064
HistGradientBoosting,train,DEMO022,1,0.7062756464721968
HistGradientBoosting,train,DEMO023,0,0.34024391202729637
HistGradientBoosting,train,DEMO024,0,0.07562346164288501
HistGradientBoosting,train,DEMO025,1,0.610457471982733
HistGradientBoosting,train,DEMO026,0,0.03820509033566962
HistGradientBoosting,train,DEMO027,0,0.3275079254364123
HistGradientBoosting,train,DEMO028,0,0.25848325726492183
HistGradientBoosting,train,DEMO029,1,0.44042442115768426
HistGradientBoosting,train,DEMO030,0,0.23012482183771987
HistGradientBoosting,train,DEMO031,1,0.8040416215991537
HistGradientBoosting,train,DEMO032,0,0.16278744491244368
HistGradientBoosting,train,DEMO033,0,0.2602467208404713
HistGradientBoosting,train,DEMO034,0,0.08541365216515298
HistGradientBoosting,train,DEMO035,0,0.1627699569742553
HistGradientBoosting,train,DEMO036,0,0.04979295200001947
HistGradientBoosting,train,DEMO037,0,0.07562346164288501
HistGradientBoosting,train,DEMO038,1,0.4276734420390771
HistGradientBoosting,train,DEMO039,0,0.08166236624322133
HistGradientBoosting,train,DEMO040,1,0.6581680690652746
HistGradientBoosting,train,DEMO041,0,0.13199031049830381
HistGradientBoosting,train,DEMO042,0,0.3275079254364123
HistGradientBoosting,train,DEMO043,0,0.3414509245381235
HistGradientBoosting,train,DEMO044,1,0.7285442522403548
HistGradientBoosting,train,DEMO045,0,0.28659634733025185
HistGradientBoosting,train,DEMO046,0,0.1376222519529525
HistGradientBoosting,train,DEMO047,0,0.2704546493166167
HistGradientBoosting,train,DEMO048,0,0.6363248795334512
HistGradientBoosting,train,DEMO049,1,0.4599217265540534
HistGradientBoosting,train,DEMO050,1,0.5435825232251014
HistGradientBoosting,train,DEMO051,0,0.07566500253724451
HistGradientBoosting,train,DEMO052,0,0.05544683977417549
HistGradientBoosting,train,DEMO053,0,0.10041306098866293
HistGradientBoosting,train,DEMO054,1,0.7457087206227032
HistGradientBoosting,train,DEMO055,0,0.38369981488022503
HistGradientBoosting,train,DEMO056,0,0.10143367027341452
HistGradientBoosting,train,DEMO057,0,0.2417996034457925
HistGradientBoosting,train,DEMO058,0,0.12373418962314642
HistGradientBoosting,train,DEMO059,0,0.06749850157555608
HistGradientBoosting,train,DEMO060,0,0.3214098671679202
HistGradientBoosting,train,DEMO061,0,0.18718403592194627
HistGradientBoosting,train,DEMO062,0,0.08915352360191309
HistGradientBoosting,train,DEMO063,0,0.3275079254364123
HistGradientBoosting,train,DEMO064,1,0.3976244524872817
HistGradientBoosting,train,DEMO065,0,0.07326002083631385
HistGradientBoosting,train,DEMO066,1,0.4999222042522855
HistGradientBoosting,train,DEMO067,0,0.36740580398525946
HistGradientBoosting,train,DEMO068,0,0.1932651739753931
HistGradientBoosting,train,DEMO069,0,0.26110680445233964
HistGradientBoosting,train,DEMO070,0,0.10935005562563037
HistGradientBoosting,train,DEMO071,1,0.6131630374085821
HistGradientBoosting,train,DEMO072,0,0.16245650840289297
HistGradientBoosting,val,DEMO073,0,0.21824595012585468
HistGradientBoosting,val,DEMO074,0,0.1437875913268187
HistGradientBoosting,val,DEMO075,1,0.20777831917267042
HistGradientBoosting,val,DEMO076,0,0.10232205327427836
HistGradientBoosting,val,DEMO077,0,0.3275079254364123
HistGradientBoosting,val,DEMO078,0,0.22397021392502897
HistGradientBoosting,val,DEMO079,1,0.48510704490580925
HistGradientBoosting,val,DEMO080,0,0.6550899067700727
HistGradientBoosting,val,DEMO081,1,0.24320235511321905
HistGradientBoosting,val,DEMO082,1,0.4263940116370313
HistGradientBoosting,val,DEMO083,0,0.4496831558128107
HistGradientBoosting,val,DEMO084,0,0.3746020069972361
HistGradientBoosting,val,DEMO085,1,0.3810617265063481
HistGradientBoosting,val,DEMO086,0,0.13631211322633446
HistGradientBoosting,val,DEMO087,0,0.31222014380075497
HistGradientBoosting,val,DEMO088,1,0.24906939179289234
HistGradientBoosting,val,DEMO089,0,0.09358927086280049
HistGradientBoosting,val,DEMO090,0,0.257428794604825
HistGradientBoosting,test1,DEMO091,1,0.3885273608915381
HistGradientBoosting,test1,DEMO092,0,0.08820916053631678
HistGradientBoosting,test1,DEMO093,0,0.2065731079002157
HistGradientBoosting,test1,DEMO094,1,0.2612210090616381
HistGradientBoosting,test1,DEMO095,0,0.4276734420390771
HistGradientBoosting,test1,DEMO096,0,0.11646346814023707
HistGradientBoosting,test1,DEMO097,1,0.14167364897735507
HistGradientBoosting,test1,DEMO098,0,0.4263940116370313
HistGradientBoosting,test1,DEMO099,1,0.1396318145579545
HistGradientBoosting,test1,DEMO100,0,0.2582450105414172
HistGradientBoosting,test1,DEMO101,0,0.24230874750150086
HistGradientBoosting,test1,DEMO102,0,0.3810617265063481
HistGradientBoosting,test1,DEMO103,1,0.65736619229469
HistGradientBoosting,test1,DEMO104,0,0.2185620347004523
HistGradientBoosting,test1,DEMO105,1,0.4263940116370313
HistGradientBoosting,test1,DEMO106,1,0.4276734420390771
HistGradientBoosting,test1,DEMO107,1,0.3129094140018116
HistGradientBoosting,test1,DEMO108,0,0.06908352025520063
HistGradientBoosting,test2,DEMO109,1,0.3240453862804292
HistGradientBoosting,test2,DEMO110,0,0.10777726365441964
HistGradientBoosting,test2,DEMO111,0,0.5346479517335365
HistGradientBoosting,test2,DEMO112,1,0.12612340266367414
HistGradientBoosting,test2,DEMO113,1,0.4599217265540534
HistGradientBoosting,test2,DEMO114,1,0.3733977931636604
HistGradientBoosting,test2,DEMO115,1,0.13329621672232428
HistGradientBoosting,test2,DEMO116,0,0.30028572700682843
HistGradientBoosting,test2,DEMO117,0,0.09865051703979774
HistGradientBoosting,test2,DEMO118,0,0.05617680124115042
HistGradientBoosting,test2,DEMO119,1,0.4263940116370313
HistGradientBoosting,test2,DEMO120,0,0.37153104263007014
LR,train,DEMO001,0,0.4183998542443848
LR,train,DEMO002,1,0.24603105352392202
LR,train,DEMO003,1,0.14574916706354774
LR,train,DEMO004,0,0.3077009767878381
LR,train,DEMO005,0,0.4000244798665848
LR,train,DEMO006,1,0.4708731046987543
LR,train,DEMO007,1,0.40800261630048007
LR,train,DEMO008,1,0.26071575470156594
LR,train,DEMO009,1,0.5888943416667209
LR,train,DEMO010,0,0.26606709348963475
LR,train,DEMO011,0,0.4113982618092623
LR,train,DEMO012,1,0.20999557312026756
LR,train,DEMO013,1,0.3441192129788142
LR,train,DEMO014,0,0.22377241649976382
LR,train,DEMO015,0,0.419097243687106
LR,train,DEMO016,1,0.576379085610561
LR,train,DEMO017,0,0.44155152861304164
LR,train,DEMO018,0,0.3014269965392522
LR,train,DEMO019,0,0.2648564489668536
LR,train,DEMO020,0,0.17896169063016065
LR,train,DEMO021,0,0.2758730763570154
LR,train,DEMO022,1,0.40743785125513343
LR,train,DEMO023,0,0.42868025375401886
LR,train,DEMO024,0,0.11502997241785105
LR,train,DEMO025,1,0.3726704304871927
LR,train,DEMO026,0,0.19952696085416546
LR,train,DEMO027,0,0.24205202493280978
LR,train,DEMO028,0,0.10782464286952045
LR,train,DEMO029,1,0.3644082255791428
LR,train,DEMO030,0,0.1626221461811143
LR,train,DEMO031,1,0.3232296264319668
LR,train,DEMO032,0,0.3051495169621558
LR,train,DEMO033,0,0.22518359809171007
LR,train,DEMO034,0,0.30970226730440253
LR,train,DEMO035,0,0.20705870409467086
LR,train,DEMO036,0,0.19202473249372415
LR,train,DEMO037,0,0.06446817465967428
LR,train,DEMO038,1,0.3600806022960201
LR,train,DEMO039,0,0.11611053879194683
LR,train,DEMO040,1,0.280031579709762
LR,train,DEMO041,0,0.2576904279201388
LR,train,DEMO042,0,0.24399758310042222
LR,train,DEMO043,0,0.2715315334287851
LR,train,DEMO044,1,0.5705696110400569
LR,train,DEMO045,0,0.3065266952326929
LR,train,DEMO046,0,0.38841989826224355
LR,train,DEMO047,0,0.15749427115579315
LR,train,DEMO048,0,0.4798013524105195
LR,train,DEMO049,1,0.30782436684363895
LR,train,DEMO050,1,0.2541551381500011
LR,train,DEMO051,0,0.3275028823476169
LR,train,DEMO052,0,0.18307983612582815
LR,train,DEMO053,0,0.20631824029752016
LR,train,DEMO054,1,0.3493674436135942
LR,train,DEMO055,0,0.42979608289719123
LR,train,DEMO056,0,0.19463028051513195
LR,train,DEMO057,0,0.5036233803956708
LR,train,DEMO058,0,0.37285605023794016
LR,train,DEMO059,0,0.15549510651205312
LR,train,DEMO060,0,0.4212334535444313
LR,train,DEMO061,0,0.24193940595863667
LR,train,DEMO062,0,0.36104986146454304
LR,train,DEMO063,0,0.1859817347850403
LR,train,DEMO064,1,0.29948171817311586
LR,train,DEMO065,0,0.22052121610229622
LR,train,DEMO066,1,0.16373952947798118
LR,train,DEMO067,0,0.33259605348522436
LR,train,DEMO068,0,0.32810517003458517
LR,train,DEMO069,0,0.49581594655428685
LR,train,DEMO070,0,0.3685528597037355
LR,train,DEMO071,1,0.46342963850679353
LR,train,DEMO072,0,0.21370564356328547
LR,val,DEMO073,0,0.11539578864290963
LR,val,DEMO074,0,0.24770213117592646
LR,val,DEMO075,1,0.30146426790201303
LR,val,DEMO076,0,0.227781870091747
LR,val,DEMO077,0,0.17510015713596755
LR,val,DEMO078,0,0.3368250290368558
LR,val,DEMO079,1,0.4410957081861341
LR,val,DEMO080,0,0.5221863703213001
LR,val,DEMO081,1,0.18750436087146288
LR,val,DEMO082,1,0.49416641950068146
LR,val,DEMO083,0,0.3442679088291616
LR,val,DEMO084,0,0.403955876676405
LR,val,DEMO085,1,0.22220441827298876
LR,val,DEMO086,0,0.21276823706990736
LR,val,DEMO087,0,0.36403677076965324
LR,val,DEMO088,1,0.45903500355215576
LR,val,DEMO089,0,0.0996758594377465
LR,val,DEMO090,0,0.43176934332754036
LR,test1,DEMO091,1,0.3722315610470516
LR,test1,DEMO092,0,0.14367906345846268
LR,test1,DEMO093,0,0.34014617607674735
LR,test1,DEMO094,1,0.19033906307865905
LR,test1,DEMO095,0,0.2975831479050555
LR,test1,DEMO096,0,0.1957787137086358
LR,test1,DEMO097,1,0.24380104045941936
LR,test1,DEMO098,0,0.26578871047913577
LR,test1,DEMO099,1,0.2851151581650756
LR,test1,DEMO100,0,0.19402285403619182
LR,test1,DEMO101,0,0.4164937598017891
LR,test1,DEMO102,0,0.19292386126861227
LR,test1,DEMO103,1,0.48442804832315206
LR,test1,DEMO104,0,0.26184034646995963
LR,test1,DEMO105,1,0.29659399684662974
LR,test1,DEMO106,1,0.37799547144657897
LR,test1,DEMO107,1,0.5493882793530535
LR,test1,DEMO108,0,0.3316045612476589
LR,test2,DEMO109,1,0.25273878143711825
LR,test2,DEMO110,0,0.1320967414849951
LR,test2,DEMO111,0,0.5313603476463681
LR,test2,DEMO112,1,0.27016822853973693
LR,test2,DEMO113,1,0.43095306639476894
LR,test2,DEMO114,1,0.3530803264550964
LR,test2,DEMO115,1,0.23871203363195434
LR,test2,DEMO116,0,0.31591477286491637
LR,test2,DEMO117,0,0.19578615975913646
LR,test2,DEMO118,0,0.23412315287320454
LR,test2,DEMO119,1,0.4105171567074931
LR,test2,DEMO120,0,0.4805248169000571
LinearSVM,train,DEMO001,0,0.30328498102136286
LinearSVM,train,DEMO002,1,0.2941991201542309
LinearSVM,train,DEMO003,1,0.3457292302673212
LinearSVM,train,DEMO004,0,0.2846673144333535
LinearSVM,train,DEMO005,0,0.3048946434395377
LinearSVM,train,DEMO006,1,0.26962164483529094
LinearSVM,train,DEMO007,1,0.3004155227039151
LinearSVM,train,DEMO008,1,0.2834235559298194
LinearSVM,train,DEMO009,1,0.2795823766022039
LinearSVM,train,DEMO010,0,0.2850803076591918
LinearSVM,train,DEMO011,0,0.27300175624167905
LinearSVM,train,DEMO012,1,0.3301906519481035
LinearSVM,train,DEMO013,1,0.31636077980415767
LinearSVM,train,DEMO014,0,0.3364713450735777
LinearSVM,train,DEMO015,0,0.3061788416553356
LinearSVM,train,DEMO016,1,0.3028487000848634
LinearSVM,train,DEMO017,0,0.3006882890195751
LinearSVM,train,DEMO018,0,0.29598569399589164
LinearSVM,train,DEMO019,0,0.2811463498137403
LinearSVM,train,DEMO020,0,0.32909545655181915
LinearSVM,train,DEMO021,0,0.3448051223683019
LinearSVM,train,DEMO022,1,0.30409353359411556
LinearSVM,train,DEMO023,0,0.27929154774310255
LinearSVM,train,DEMO024,0,0.3492559444275304
LinearSVM,train,DEMO025,1,0.3041584925030833
LinearSVM,train,DEMO026,0,0.3070609583727105
LinearSVM,train,DEMO027,0,0.3218938597342549
LinearSVM,train,DEMO028,0,0.33812974761221215
LinearSVM,train,DEMO029,1,0.3033795160528832
LinearSVM,train,DEMO030,0,0.3329297445533326
LinearSVM,train,DEMO031,1,0.31372970864460886
LinearSVM,train,DEMO032,0,0.28618710878612136
LinearSVM,train,DEMO033,0,0.31471370885420846
LinearSVM,train,DEMO034,0,0.31499085932824644
LinearSVM,train,DEMO035,0,0.3379923424464308
LinearSVM,train,DEMO036,0,0.3162738720331885
LinearSVM,train,DEMO037,0,0.34684874192851217
LinearSVM,train,DEMO038,1,0.2992683598577614
LinearSVM,train,DEMO039,0,0.30797473660715835
LinearSVM,train,DEMO040,1,0.29134657694125726
LinearSVM,train,DEMO041,0,0.30127263933274295
LinearSVM,train,DEMO042,0,0.334106591889904
LinearSVM,train,DEMO043,0,0.3148274499272258
LinearSVM,train,DEMO044,1,0.26490939234566174
LinearSVM,train,DEMO045,0,0.2942203292108344
LinearSVM,train,DEMO046,0,0.2997223624836768
LinearSVM,train,DEMO047,0,0.3060976912602533
LinearSVM,train,DEMO048,0,0.30171092869059296
LinearSVM,train,DEMO049,1,0.31097894880378246
LinearSVM,train,DEMO050,1,0.3274460942320886
LinearSVM,train,DEMO051,0,0.2973771392078847
LinearSVM,train,DEMO052,0,0.3373510686593515
LinearSVM,train,DEMO053,0,0.31139624956548484
LinearSVM,train,DEMO054,1,0.28737222607233937
LinearSVM,train,DEMO055,0,0.29690584194059416
LinearSVM,train,DEMO056,0,0.3290927216325334
LinearSVM,train,DEMO057,0,0.28867094398340826
LinearSVM,train,DEMO058,0,0.3115970405252952
LinearSVM,train,DEMO059,0,0.30715400141019267
LinearSVM,train,DEMO060,0,0.32250234047372495
LinearSVM,train,DEMO061,0,0.31027487352317334
LinearSVM,train,DEMO062,0,0.29732960594371716
LinearSVM,train,DEMO063,0,0.32083360380532955
LinearSVM,train,DEMO064,1,0.30062084190659605
LinearSVM,train,DEMO065,0,0.2954073185426495
LinearSVM,train,DEMO066,1,0.30598119996956896
LinearSVM,train,DEMO067,0,0.2932220784701235
LinearSVM,train,DEMO068,0,0.3008314826525996
LinearSVM,train,DEMO069,0,0.28022504461765474
LinearSVM,train,DEMO070,0,0.27365330377063524
LinearSVM,train,DEMO071,1,0.292024708266839
LinearSVM,train,DEMO072,0,0.28909945329249415
LinearSVM,val,DEMO073,0,0.3088235032482135
LinearSVM,val,DEMO074,0,0.3005813626202127
LinearSVM,val,DEMO075,1,0.32743238422996146
LinearSVM,val,DEMO076,0,0.333172097476388
LinearSVM,val,DEMO077,0,0.31401766090817756
LinearSVM,val,DEMO078,0,0.29953812248961564
LinearSVM,val,DEMO079,1,0.2909162769281938
LinearSVM,val,DEMO080,0,0.2937476079274772
LinearSVM,val,DEMO081,1,0.31855621328307326
LinearSVM,val,DEMO082,1,0.28451066006971787
LinearSVM,val,DEMO083,0,0.2856163749971917
LinearSVM,val,DEMO084,0,0.2831999381755961
LinearSVM,val,DEMO085,1,0.28189886196270364
LinearSVM,val,DEMO086,0,0.3371377139142827
LinearSVM,val,DEMO087,0,0.30704208259675736
LinearSVM,val,DEMO088,1,0.3026859234102221
LinearSVM,val,DEMO089,0,0.3379619438648089
LinearSVM,val,DEMO090,0,0.2611061070960034
LinearSVM,test1,DEMO091,1,0.32911094268953683
LinearSVM,test1,DEMO092,0,0.30705650127392614
LinearSVM,test1,DEMO093,0,0.2942726925280326
LinearSVM,test1,DEMO094,1,0.3148800580553406
LinearSVM,test1,DEMO095,0,0.31787005606031515
LinearSVM,test1,DEMO096,0,0.32737236678415527
LinearSVM,test1,DEMO097,1,0.3148102053138366
LinearSVM,test1,DEMO098,0,0.29766602521115515
LinearSVM,test1,DEMO099,1,0.3134453099382323
LinearSVM,test1,DEMO100,0,0.3187621825787862
LinearSVM,test1,DEMO101,0,0.2954759775655969
LinearSVM,test1,DEMO102,0,0.3300646145721442
LinearSVM,test1,DEMO103,1,0.31461288254731123
LinearSVM,test1,DEMO104,0,0.3165720762872675
LinearSVM,test1,DEMO105,1,0.2989751203452082
LinearSVM,test1,DEMO106,1,0.3054976973221675
LinearSVM,test1,DEMO107,1,0.3066096053889982
LinearSVM,test1,DEMO108,0,0.3065994284054976
LinearSVM,test2,DEMO109,1,0.32882854204905565
LinearSVM,test2,DEMO110,0,0.3021518480982328
LinearSVM,test2,DEMO111,0,0.30738700673202346
LinearSVM,test2,DEMO112,1,0.3005820908851877
LinearSVM,test2,DEMO113,1,0.29325674409627045
LinearSVM,test2,DEMO114,1,0.29181474338306157
LinearSVM,test2,DEMO115,1,0.3090811756742974
LinearSVM,test2,DEMO116,0,0.31819714715232517
LinearSVM,test2,DEMO117,0,0.3005632858209964
LinearSVM,test2,DEMO118,0,0.2865457505141383
LinearSVM,test2,DEMO119,1,0.2877106433512108
LinearSVM,test2,DEMO120,0,0.2742198618167005
LightGBM,train,DEMO001,0,0.21726360214672044
LightGBM,train,DEMO002,1,0.5159444247877094
LightGBM,train,DEMO003,1,0.3829217373068438
LightGBM,train,DEMO004,0,0.1811472525855945
LightGBM,train,DEMO005,0,0.2404932276258232
LightGBM,train,DEMO006,1,0.5576110963929741
LightGBM,train,DEMO007,1,0.44780314168619373
LightGBM,train,DEMO008,1,0.4623342330537915
LightGBM,train,DEMO009,1,0.4997233534971845
LightGBM,train,DEMO010,0,0.13320242276561214
LightGBM,train,DEMO011,0,0.3037482946926351
LightGBM,train,DEMO012,1,0.33284780380459866
LightGBM,train,DEMO013,1,0.524457463351758
LightGBM,train,DEMO014,0,0.1744606271355475
LightGBM,train,DEMO015,0,0.2701790455401247
LightGBM,train,DEMO016,1,0.7191278108667446
LightGBM,train,DEMO017,0,0.25336857690212633
LightGBM,train,DEMO018,0,0.27118400685522087
LightGBM,train,DEMO019,0,0.10139984022670427
LightGBM,train,DEMO020,0,0.18580538268306276
LightGBM,train,DEMO021,0,0.15683317439942268
LightGBM,train,DEMO022,1,0.7276737643226958
LightGBM,train,DEMO023,0,0.3788761331256272
LightGBM,train,DEMO024,0,0.07533176901667761
LightGBM,train,DEMO025,1,0.632883661023921
LightGBM,train,DEMO026,0,0.0567839218396168
LightGBM,train,DEMO027,0,0.2807041115465704
LightGBM,train,DEMO028,0,0.22747141523558687
LightGBM,train,DEMO029,1,0.36340913448044065
LightGBM,train,DEMO030,0,0.2301809654094054
LightGBM,train,DEMO031,1,0.8283645604264841
LightGBM,train,DEMO032,0,0.1442918914879968
LightGBM,train,DEMO033,0,0.24197284242072975
LightGBM,train,DEMO034,0,0.08824950347601226
LightGBM,train,DEMO035,0,0.2111254063746717
LightGBM,train,DEMO036,0,0.03395862368003661
LightGBM,train,DEMO037,0,0.07533176901667761
LightGBM,train,DEMO038,1,0.4271864079197189
LightGBM,train,DEMO039,0,0.2088307199503572
LightGBM,train,DEMO040,1,0.523868477667464
LightGBM,train,DEMO041,0,0.16219708106657107
LightGBM,train,DEMO042,0,0.2685766828052115
LightGBM,train,DEMO043,0,0.35262595876740804
LightGBM,train,DEMO044,1,0.7695375840837541
LightGBM,train,DEMO045,0,0.3245378952082906
LightGBM,train,DEMO046,0,0.0758129551006971
LightGBM,train,DEMO047,0,0.29029310561790056
LightGBM,train,DEMO048,0,0.655396911827604
LightGBM,train,DEMO049,1,0.43872722753513477
LightGBM,train,DEMO050,1,0.4831201966816386
LightGBM,train,DEMO051,0,0.05851247039766259
LightGBM,train,DEMO052,0,0.05604967110572195
LightGBM,train,DEMO053,0,0.09273839077903005
LightGBM,train,DEMO054,1,0.803010717752589
LightGBM,train,DEMO055,0,0.36340913448044065
LightGBM,train,DEMO056,0,0.060720969199638514
LightGBM,train,DEMO057,0,0.23685319937968455
LightGBM,train,DEMO058,0,0.1325120896982608
LightGBM,train,DEMO059,0,0.1379783988682431
LightGBM,train,DEMO060,0,0.2664827370976882
LightGBM,train,DEMO061,0,0.16749567976326712
LightGBM,train,DEMO062,0,0.052286950631508705
LightGBM,train,DEMO063,0,0.2807041115465704
LightGBM,train,DEMO064,1,0.38756126607317487
LightGBM,train,DEMO065,0,0.17068888047357242
LightGBM,train,DEMO066,1,0.4569049039634078
LightGBM,train,DEMO067,0,0.3487223001739698
LightGBM,train,DEMO068,0,0.1658240541711653
LightGBM,train,DEMO069,0,0.2383334174900048
LightGBM,train,DEMO070,0,0.14555763822389298
LightGBM,train,DEMO071,1,0.6979939484768739
LightGBM,train,DEMO072,0,0.1747078901896367
LightGBM,val,DEMO073,0,0.22074791192318363
LightGBM,val,DEMO074,0,0.3113866501149175
LightGBM,val,DEMO075,1,0.1733439966357141
LightGBM,val,DEMO076,0,0.12262651830415625
LightGBM,val,DEMO077,0,0.2807041115465704
LightGBM,val,DEMO078,0,0.20697141470107353
LightGBM,val,DEMO079,1,0.3843763154478694
LightGBM,val,DEMO080,0,0.5874808287525902
LightGBM,val,DEMO081,1,0.16749567976326712
LightGBM,val,DEMO082,1,0.44780314168619373
LightGBM,val,DEMO083,0,0.27124684879194644
LightGBM,val,DEMO084,0,0.6630211753798038
LightGBM,val,DEMO085,1,0.2807041115465704
LightGBM,val,DEMO086,0,0.08549679760631414
LightGBM,val,DEMO087,0,0.13899166479489974
LightGBM,val,DEMO088,1,0.19863585406852308
LightGBM,val,DEMO089,0,0.10762756130214107
LightGBM,val,DEMO090,0,0.2977684121181567
LightGBM,test1,DEMO091,1,0.405902613287783
LightGBM,test1,DEMO092,0,0.2323864709349815
LightGBM,test1,DEMO093,0,0.16779441826375607
LightGBM,test1,DEMO094,1,0.14257404047071034
LightGBM,test1,DEMO095,0,0.4271864079197189
LightGBM,test1,DEMO096,0,0.1862060527923859
LightGBM,test1,DEMO097,1,0.09369850993789101
LightGBM,test1,DEMO098,0,0.44780314168619373
LightGBM,test1,DEMO099,1,0.2093137041259489
LightGBM,test1,DEMO100,0,0.31357746603528147
LightGBM,test1,DEMO101,0,0.2550635569333185
LightGBM,test1,DEMO102,0,0.29016216965469516
LightGBM,test1,DEMO103,1,0.7026357011373774
LightGBM,test1,DEMO104,0,0.15619528554135595
LightGBM,test1,DEMO105,1,0.44780314168619373
LightGBM,test1,DEMO106,1,0.4307566047941975
LightGBM,test1,DEMO107,1,0.25985181763278586
LightGBM,test1,DEMO108,0,0.07978163448448604
LightGBM,test2,DEMO109,1,0.27485973324843593
LightGBM,test2,DEMO110,0,0.1292898717974092
LightGBM,test2,DEMO111,0,0.4942569705894064
LightGBM,test2,DEMO112,1,0.18345130303189158
LightGBM,test2,DEMO113,1,0.5057405664331677
LightGBM,test2,DEMO114,1,0.42450779396453464
LightGBM,test2,DEMO115,1,0.10143642739073878
LightGBM,test2,DEMO116,0,0.24113964165651952
LightGBM,test2,DEMO117,0,0.17606516776528888
LightGBM,test2,DEMO118,0,0.05305042448951292
LightGBM,test2,DEMO119,1,0.44780314168619373
LightGBM,test2,DEMO120,0,0.3510940822100719
Bagging,train,DEMO001,0,0.1
Bagging,train,DEMO002,1,0.645
Bagging,train,DEMO003,1,0.75
Bagging,train,DEMO004,0,0.2
Bagging,train,DEMO005,0,0.135
Bagging,train,DEMO006,1,0.695
Bagging,train,DEMO007,1,0.79
Bagging,train,DEMO008,1,0.76
Bagging,train,DEMO009,1,0.835
Bagging,train,DEMO010,0,0.2
Bagging,train,DEMO011,0,0.185
Bagging,train,DEMO012,1,0.66
Bagging,train,DEMO013,1,0.755
Bagging,train,DEMO014,0,0.18
Bagging,train,DEMO015,0,0.105
Bagging,train,DEMO016,1,0.8
Bagging,train,DEMO017,0,0.13
Bagging,train,DEMO018,0,0.16
Bagging,train,DEMO019,0,0.155
Bagging,train,DEMO020,0,0.125
Bagging,train,DEMO021,0,0.105
Bagging,train,DEMO022,1,0.815
Bagging,train,DEMO023,0,0.12
Bagging,train,DEMO024,0,0.05
Bagging,train,DEMO025,1,0.805
Bagging,train,DEMO026,0,0.015
Bagging,train,DEMO027,0,0.06
Bagging,train,DEMO028,0,0.26
Bagging,train,DEMO029,1,0.77
Bagging,train,DEMO030,0,0.165
Bagging,train,DEMO031,1,0.685
Bagging,train,DEMO032,0,0.125
Bagging,train,DEMO033,0,0.075
Bagging,train,DEMO034,0,0.05
Bagging,train,DEMO035,0,0.15
Bagging,train,DEMO036,0,0.045
Bagging,train,DEMO037,0,0.07
Bagging,train,DEMO038,1,0.83
Bagging,train,DEMO039,0,0.04
Bagging,train,DEMO040,1,0.71
Bagging,train,DEMO041,0,0.12
Bagging,train,DEMO042,0,0.07
Bagging,train,DEMO043,0,0.14
Bagging,train,DEMO044,1,0.77
Bagging,train,DEMO045,0,0.19
Bagging,train,DEMO046,0,0.07
Bagging,train,DEMO047,0,0.115
Bagging,train,DEMO048,0,0.275
Bagging,train,DEMO049,1,0.7
Bagging,train,DEMO050,1,0.78
Bagging,train,DEMO051,0,0.025
Bagging,train,DEMO052,0,0.255
Bagging,train,DEMO053,0,0.04
Bagging,train,DEMO054,1,0.71
Bagging,train,DEMO055,0,0.135
Bagging,train,DEMO056,0,0.085
Bagging,train,DEMO057,0,0.155
Bagging,train,DEMO058,0,0.07
Bagging,train,DEMO059,0,0.045
Bagging,train,DEMO060,0,0.12
Bagging,train,DEMO061,0,0.155
Bagging,train,DEMO062,0,0.065
Bagging,train,DEMO063,0,0.105
Bagging,train,DEMO064,1,0.68
Bagging,train,DEMO065,0,0.1
Bagging,train,DEMO066,1,0.825
Bagging,train,DEMO067,0,0.105
Bagging,train,DEMO068,0,0.1
Bagging,train,DEMO069,0,0.195
Bagging,train,DEMO070,0,0.175
Bagging,train,DEMO071,1,0.815
Bagging,train,DEMO072,0,0.08
Bagging,val,DEMO073,0,0.45
Bagging,val,DEMO074,0,0.36
Bagging,val,DEMO075,1,0.13
Bagging,val,DEMO076,0,0.19
Bagging,val,DEMO077,0,0.345
Bagging,val,DEMO078,0,0.215
Bagging,val,DEMO079,1,0.405
Bagging,val,DEMO080,0,0.445
Bagging,val,DEMO081,1,0.375
Bagging,val,DEMO082,1,0.77
Bagging,val,DEMO083,0,0.275
Bagging,val,DEMO084,0,0.555
Bagging,val,DEMO085,1,0.345
Bagging,val,DEMO086,0,0.15
Bagging,val,DEMO087,0,0.22
Bagging,val,DEMO088,1,0.27
Bagging,val,DEMO089,0,0.115
Bagging,val,DEMO090,0,0.51
Bagging,test1,DEMO091,1,0.4
Bagging,test1,DEMO092,0,0.32
Bagging,test1,DEMO093,0,0.185
Bagging,test1,DEMO094,1,0.29
Bagging,test1,DEMO095,0,0.305
Bagging,test1,DEMO096,0,0.315
Bagging,test1,DEMO097,1,0.165
Bagging,test1,DEMO098,0,0.635
Bagging,test1,DEMO099,1,0.16
Bagging,test1,DEMO100,0,0.34
Bagging,test1,DEMO101,0,0.495
Bagging,test1,DEMO102,0,0.295
Bagging,test1,DEMO103,1,0.365
Bagging,test1,DEMO104,0,0.295
Bagging,test1,DEMO105,1,0.68
Bagging,test1,DEMO106,1,0.69
Bagging,test1,DEMO107,1,0.205
Bagging,test1,DEMO108,0,0.2
Bagging,test2,DEMO109,1,0.115
Bagging,test2,DEMO110,0,0.36
Bagging,test2,DEMO111,0,0.265
Bagging,test2,DEMO112,1,0.23
Bagging,test2,DEMO113,1,0.7
Bagging,test2,DEMO114,1,0.28
Bagging,test2,DEMO115,1,0.08
Bagging,test2,DEMO116,0,0.52
Bagging,test2,DEMO117,0,0.45
Bagging,test2,DEMO118,0,0.225
Bagging,test2,DEMO119,1,0.43
Bagging,test2,DEMO120,0,0.49
AdaBoost,train,DEMO001,0,0.45885816572475574
AdaBoost,train,DEMO002,1,0.46179590785937474
AdaBoost,train,DEMO003,1,0.528514287850442
AdaBoost,train,DEMO004,0,0.46987225107133435
AdaBoost,train,DEMO005,0,0.45178423026935377
AdaBoost,train,DEMO006,1,0.4982235113752588
AdaBoost,train,DEMO007,1,0.5430017662556165
AdaBoost,train,DEMO008,1,0.5547209503756952
AdaBoost,train,DEMO009,1,0.5425894554638012
AdaBoost,train,DEMO010,0,0.4630670368377424
AdaBoost,train,DEMO011,0,0.4546036271799191
AdaBoost,train,DEMO012,1,0.47195926306282165
AdaBoost,train,DEMO013,1,0.5549649213145819
AdaBoost,train,DEMO014,0,0.455882205537448
AdaBoost,train,DEMO015,0,0.3715371928218537
AdaBoost,train,DEMO016,1,0.5861218771612916
AdaBoost,train,DEMO017,0,0.45885816572475574
AdaBoost,train,DEMO018,0,0.44142668188099776
AdaBoost,train,DEMO019,0,0.460116712281022
AdaBoost,train,DEMO020,0,0.4283245348431824
AdaBoost,train,DEMO021,0,0.4289399903396075
AdaBoost,train,DEMO022,1,0.5298174787793898
AdaBoost,train,DEMO023,0,0.4582342289401575
AdaBoost,train,DEMO024,0,0.40541788588105565
AdaBoost,train,DEMO025,1,0.53182043530372
AdaBoost,train,DEMO026,0,0.4246577892233355
AdaBoost,train,DEMO027,0,0.28381791973491816
AdaBoost,train,DEMO028,0,0.44830864805494985
AdaBoost,train,DEMO029,1,0.5250323975710193
AdaBoost,train,DEMO030,0,0.4272448955631625
AdaBoost,train,DEMO031,1,0.5032101676177982
AdaBoost,train,DEMO032,0,0.4582342289401575
AdaBoost,train,DEMO033,0,0.4420615438553109
AdaBoost,train,DEMO034,0,0.44549020559565344
AdaBoost,train,DEMO035,0,0.4832952449684045
AdaBoost,train,DEMO036,0,0.34949333267625005
AdaBoost,train,DEMO037,0,0.37573817915432767
AdaBoost,train,DEMO038,1,0.5277912346483019
AdaBoost,train,DEMO039,0,0.3988920059427697
AdaBoost,train,DEMO040,1,0.49102971255511435
AdaBoost,train,DEMO041,0,0.4439320293622591
AdaBoost,train,DEMO042,0,0.38805602638252734
AdaBoost,train,DEMO043,0,0.37749980567923525
AdaBoost,train,DEMO044,1,0.5750833879397041
AdaBoost,train,DEMO045,0,0.4784459189157375
AdaBoost,train,DEMO046,0,0.44142668188099776
AdaBoost,train,DEMO047,0,0.39466930953253615
AdaBoost,train,DEMO048,0,0.47489499737363083
AdaBoost,train,DEMO049,1,0.5298174787793898
AdaBoost,train,DEMO050,1,0.5032101676177982
AdaBoost,train,DEMO051,0,0.4282370165651033
AdaBoost,train,DEMO052,0,0.4076142255210046
AdaBoost,train,DEMO053,0,0.4218804524307686
AdaBoost,train,DEMO054,1,0.48418647893304717
AdaBoost,train,DEMO055,0,0.4145840131774916
AdaBoost,train,DEMO056,0,0.37820840491595864
AdaBoost,train,DEMO057,0,0.47079603716872037
AdaBoost,train,DEMO058,0,0.45522677431936964
AdaBoost,train,DEMO059,0,0.43150255405619786
AdaBoost,train,DEMO060,0,0.4491963904032599
AdaBoost,train,DEMO061,0,0.43018171086248497
AdaBoost,train,DEMO062,0,0.4378942832683373
AdaBoost,train,DEMO063,0,0.41938178704133106
AdaBoost,train,DEMO064,1,0.5022732051311922
AdaBoost,train,DEMO065,0,0.4317513491680177
AdaBoost,train,DEMO066,1,0.5415161153952573
AdaBoost,train,DEMO067,0,0.46179590785937474
AdaBoost,train,DEMO068,0,0.45178423026935377
AdaBoost,train,DEMO069,0,0.4748276509360646
AdaBoost,train,DEMO070,0,0.4600869879795281
AdaBoost,train,DEMO071,1,0.5376082582229064
AdaBoost,train,DEMO072,0,0.49605955365148596
AdaBoost,val,DEMO073,0,0.5560286086972069
AdaBoost,val,DEMO074,0,0.4940267622804541
AdaBoost,val,DEMO075,1,0.4491963904032599
AdaBoost,val,DEMO076,0,0.4776122205644064
AdaBoost,val,DEMO077,0,0.39298456112612473
AdaBoost,val,DEMO078,0,0.4666078075255474
AdaBoost,val,DEMO079,1,0.4890196998151262
AdaBoost,val,DEMO080,0,0.5095558647472129
AdaBoost,val,DEMO081,1,0.43018171086248497
AdaBoost,val,DEMO082,1,0.6300298752898525
AdaBoost,val,DEMO083,0,0.4757825634439541
AdaBoost,val,DEMO084,0,0.5038602264265459
AdaBoost,val,DEMO085,1,0.34192066404961236
AdaBoost,val,DEMO086,0,0.40831162455409126
AdaBoost,val,DEMO087,0,0.45885816572475574
AdaBoost,val,DEMO088,1,0.47139658800022466
AdaBoost,val,DEMO089,0,0.3525286312320068
AdaBoost,val,DEMO090,0,0.5291622165764674
AdaBoost,test1,DEMO091,1,0.45045049573778306
AdaBoost,test1,DEMO092,0,0.47221200893886556
AdaBoost,test1,DEMO093,0,0.4553183270359218
AdaBoost,test1,DEMO094,1,0.40205877828597825
AdaBoost,test1,DEMO095,0,0.386714735264662
AdaBoost,test1,DEMO096,0,0.5073516900144366
AdaBoost,test1,DEMO097,1,0.40831162455409126
AdaBoost,test1,DEMO098,0,0.5415161153952573
AdaBoost,test1,DEMO099,1,0.43150255405619786
AdaBoost,test1,DEMO100,0,0.44830864805494985
AdaBoost,test1,DEMO101,0,0.4784158748231482
AdaBoost,test1,DEMO102,0,0.4734191769804384
AdaBoost,test1,DEMO103,1,0.47489499737363083
AdaBoost,test1,DEMO104,0,0.4897931860844371
AdaBoost,test1,DEMO105,1,0.5415161153952573
AdaBoost,test1,DEMO106,1,0.5277912346483019
AdaBoost,test1,DEMO107,1,0.45178423026935377
AdaBoost,test1,DEMO108,0,0.44910795777475104
AdaBoost,test2,DEMO109,1,0.4283245348431824
AdaBoost,test2,DEMO110,0,0.4820249210980646
AdaBoost,test2,DEMO111,0,0.4829209859605321
AdaBoost,test2,DEMO112,1,0.4784459189157375
AdaBoost,test2,DEMO113,1,0.5375827126721713
AdaBoost,test2,DEMO114,1,0.47411699898927273
AdaBoost,test2,DEMO115,1,0.43150255405619786
AdaBoost,test2,DEMO116,0,0.4475946122363952
AdaBoost,test2,DEMO117,0,0.5291622165764674
AdaBoost,test2,DEMO118,0,0.4378942832683373
AdaBoost,test2,DEMO119,1,0.45045049573778306
AdaBoost,test2,DEMO120,0,0.47375474926584615
LDA,train,DEMO001,0,0.4244273498982906
LDA,train,DEMO002,1,0.24428166783813104
LDA,train,DEMO003,1,0.14703911060924307
LDA,train,DEMO004,0,0.3053664611510495
LDA,train,DEMO005,0,0.4070765293823401
LDA,train,DEMO006,1,0.47289732744168733
LDA,train,DEMO007,1,0.40136455239285185
LDA,train,DEMO008,1,0.25328190082420116
LDA,train,DEMO009,1,0.6098237292141024
LDA,train,DEMO010,0,0.2650061094833453
LDA,train,DEMO011,0,0.41714552725949894
LDA,train,DEMO012,1,0.20685207529364705
LDA,train,DEMO013,1,0.352234700471675
LDA,train,DEMO014,0,0.22426763660982274
LDA,train,DEMO015,0,0.4205779865213547
LDA,train,DEMO016,1,0.5829263291705358
LDA,train,DEMO017,0,0.44867807051222774
LDA,train,DEMO018,0,0.29229585165466654
LDA,train,DEMO019,0,0.2606783450043067
LDA,train,DEMO020,0,0.17791334648218873
LDA,train,DEMO021,0,0.2743488842970984
LDA,train,DEMO022,1,0.41401478486973853
LDA,train,DEMO023,0,0.42901354374373146
LDA,train,DEMO024,0,0.11161377563390135
LDA,train,DEMO025,1,0.37561580013751394
LDA,train,DEMO026,0,0.19798249601764845
LDA,train,DEMO027,0,0.24303437480125387
LDA,train,DEMO028,0,0.10202099416045926
LDA,train,DEMO029,1,0.361657547890514
LDA,train,DEMO030,0,0.15778313735735267
LDA,train,DEMO031,1,0.3197835004358612
LDA,train,DEMO032,0,0.3027741524056202
LDA,train,DEMO033,0,0.22368501214075984
LDA,train,DEMO034,0,0.3164738675250787
LDA,train,DEMO035,0,0.20595954429030744
LDA,train,DEMO036,0,0.18425143770820013
LDA,train,DEMO037,0,0.06295984506253578
LDA,train,DEMO038,1,0.3670621116263712
LDA,train,DEMO039,0,0.1113207217422999
LDA,train,DEMO040,1,0.2753217659041171
LDA,train,DEMO041,0,0.25488344950412445
LDA,train,DEMO042,0,0.2456384153594406
LDA,train,DEMO043,0,0.2790465711313453
LDA,train,DEMO044,1,0.5725802038580009
LDA,train,DEMO045,0,0.3026921739948027
LDA,train,DEMO046,0,0.3840083123852972
LDA,train,DEMO047,0,0.15549395457110737
LDA,train,DEMO048,0,0.49157396480101556
LDA,train,DEMO049,1,0.3133960235867184
LDA,train,DEMO050,1,0.25357480091569434
LDA,train,DEMO051,0,0.32580985706691756
LDA,train,DEMO052,0,0.1919411703776863
LDA,train,DEMO053,0,0.20571030663320455
LDA,train,DEMO054,1,0.34994738698267297
LDA,train,DEMO055,0,0.4292266453452891
LDA,train,DEMO056,0,0.19032029528187486
LDA,train,DEMO057,0,0.5109127817219395
LDA,train,DEMO058,0,0.3774139766371553
LDA,train,DEMO059,0,0.15147356552206998
LDA,train,DEMO060,0,0.42451186487558673
LDA,train,DEMO061,0,0.23498879623221253
LDA,train,DEMO062,0,0.3587630641929481
LDA,train,DEMO063,0,0.1851478915736738
LDA,train,DEMO064,1,0.30421710625954235
LDA,train,DEMO065,0,0.21992083852618574
LDA,train,DEMO066,1,0.15856211104776116
LDA,train,DEMO067,0,0.33237611382740984
LDA,train,DEMO068,0,0.33338773253406884
LDA,train,DEMO069,0,0.5026891643849527
LDA,train,DEMO070,0,0.3680964815954997
LDA,train,DEMO071,1,0.46849742383224047
LDA,train,DEMO072,0,0.20911580599003168
LDA,val,DEMO073,0,0.10971929242013455
LDA,val,DEMO074,0,0.24884740797750204
LDA,val,DEMO075,1,0.307049246557372
LDA,val,DEMO076,0,0.23032130925566038
LDA,val,DEMO077,0,0.17094484958478764
LDA,val,DEMO078,0,0.3436837986152541
LDA,val,DEMO079,1,0.4465865021333664
LDA,val,DEMO080,0,0.5336175665687032
LDA,val,DEMO081,1,0.18009625184436526
LDA,val,DEMO082,1,0.49284339514960346
LDA,val,DEMO083,0,0.34725735008176406
LDA,val,DEMO084,0,0.40589411962371474
LDA,val,DEMO085,1,0.22381863845438796
LDA,val,DEMO086,0,0.21026013224151027
LDA,val,DEMO087,0,0.36472273451929754
LDA,val,DEMO088,1,0.46604224125590127
LDA,val,DEMO089,0,0.09370444482403359
LDA,val,DEMO090,0,0.43505792511008523
LDA,test1,DEMO091,1,0.37087195417220975
LDA,test1,DEMO092,0,0.1380686175593507
LDA,test1,DEMO093,0,0.33981984702074797
LDA,test1,DEMO094,1,0.19126803329627665
LDA,test1,DEMO095,0,0.3076273414430214
LDA,test1,DEMO096,0,0.19492953990926948
LDA,test1,DEMO097,1,0.2371875148142519
LDA,test1,DEMO098,0,0.25594658228959277
LDA,test1,DEMO099,1,0.2833413603639571
LDA,test1,DEMO100,0,0.18604741766116883
LDA,test1,DEMO101,0,0.4256918517963218
LDA,test1,DEMO102,0,0.1911551942023204
LDA,test1,DEMO103,1,0.49573835717296144
LDA,test1,DEMO104,0,0.2629127342610521
LDA,test1,DEMO105,1,0.28959632167136157
LDA,test1,DEMO106,1,0.3862633315421255
LDA,test1,DEMO107,1,0.5564787371841179
LDA,test1,DEMO108,0,0.3379413222229008
LDA,test2,DEMO109,1,0.25230007665928883
LDA,test2,DEMO110,0,0.12595115297210688
LDA,test2,DEMO111,0,0.5368293801760652
LDA,test2,DEMO112,1,0.26711811261009655
LDA,test2,DEMO113,1,0.43868799983786266
LDA,test2,DEMO114,1,0.3520430046642952
LDA,test2,DEMO115,1,0.23506372638341855
LDA,test2,DEMO116,0,0.3276799702735808
LDA,test2,DEMO117,0,0.19643220167745634
LDA,test2,DEMO118,0,0.2307790368850549
LDA,test2,DEMO119,1,0.40956901853714844
LDA,test2,DEMO120,0,0.4925453110410146
LASSO,train,DEMO001,0,0.4143536101931115
LASSO,train,DEMO002,1,0.27873666054406143
LASSO,train,DEMO003,1,0.19361329653080442
LASSO,train,DEMO004,0,0.31491317729461504
LASSO,train,DEMO005,0,0.40497502140132935
LASSO,train,DEMO006,1,0.4466938794901673
LASSO,train,DEMO007,1,0.4030335156239253
LASSO,train,DEMO008,1,0.28714134927558155
LASSO,train,DEMO009,1,0.5549410792155811
LASSO,train,DEMO010,0,0.29329109615051724
LASSO,train,DEMO011,0,0.41914908657755
LASSO,train,DEMO012,1,0.24528608979174502
LASSO,train,DEMO013,1,0.3524100278020936
LASSO,train,DEMO014,0,0.2587164439509647
LASSO,train,DEMO015,0,0.3922588180134228
LASSO,train,DEMO016,1,0.5199698122091174
LASSO,train,DEMO017,0,0.4245686949846547
LASSO,train,DEMO018,0,0.32299042437273934
LASSO,train,DEMO019,0,0.28391609955522107
LASSO,train,DEMO020,0,0.22115004253495044
LASSO,train,DEMO021,0,0.3048063686493096
LASSO,train,DEMO022,1,0.39556212530024265
LASSO,train,DEMO023,0,0.4231360768292515
LASSO,train,DEMO024,0,0.15421201238910612
LASSO,train,DEMO025,1,0.3686103726524646
LASSO,train,DEMO026,0,0.2361613656139284
LASSO,train,DEMO027,0,0.2549515723698414
LASSO,train,DEMO028,0,0.1546396762647577
LASSO,train,DEMO029,1,0.3683124897661521
LASSO,train,DEMO030,0,0.1980445547153265
LASSO,train,DEMO031,1,0.33025816452829587
LASSO,train,DEMO032,0,0.32437139700238504
LASSO,train,DEMO033,0,0.27353820358143904
LASSO,train,DEMO034,0,0.32291007460549154
LASSO,train,DEMO035,0,0.23824657937718888
LASSO,train,DEMO036,0,0.22654572663473183
LASSO,train,DEMO037,0,0.1007116789770218
LASSO,train,DEMO038,1,0.3682435538381275
LASSO,train,DEMO039,0,0.1537223651497332
LASSO,train,DEMO040,1,0.2831720672007445
LASSO,train,DEMO041,0,0.2876804291308035
LASSO,train,DEMO042,0,0.2618886126129452
LASSO,train,DEMO043,0,0.28694120192898476
LASSO,train,DEMO044,1,0.5248289189173087
LASSO,train,DEMO045,0,0.31678408573552946
LASSO,train,DEMO046,0,0.38944828886574867
LASSO,train,DEMO047,0,0.18866150077540722
LASSO,train,DEMO048,0,0.45045551282652635
LASSO,train,DEMO049,1,0.31821056141428017
LASSO,train,DEMO050,1,0.28482379218658804
LASSO,train,DEMO051,0,0.34830371318249165
LASSO,train,DEMO052,0,0.2300664195368847
LASSO,train,DEMO053,0,0.245242893091636
LASSO,train,DEMO054,1,0.3628114090878608
LASSO,train,DEMO055,0,0.4041874569343957
LASSO,train,DEMO056,0,0.21973298307803651
LASSO,train,DEMO057,0,0.49037608456134424
LASSO,train,DEMO058,0,0.3703585968432985
LASSO,train,DEMO059,0,0.1922686070931717
LASSO,train,DEMO060,0,0.41236267435122703
LASSO,train,DEMO061,0,0.27613910359728333
LASSO,train,DEMO062,0,0.36206375516165235
LASSO,train,DEMO063,0,0.22149639797119228
LASSO,train,DEMO064,1,0.3320903799794335
LASSO,train,DEMO065,0,0.25956317879590785
LASSO,train,DEMO066,1,0.21006871327907603
LASSO,train,DEMO067,0,0.349048587377225
LASSO,train,DEMO068,0,0.3472225512915107
LASSO,train,DEMO069,0,0.4826041060369306
LASSO,train,DEMO070,0,0.37676422613805316
LASSO,train,DEMO071,1,0.44012227135517284
LASSO,train,DEMO072,0,0.24508584438179493
LASSO,val,DEMO073,0,0.1650800321337548
LASSO,val,DEMO074,0,0.2755006895143624
LASSO,val,DEMO075,1,0.31889377701708366
LASSO,val,DEMO076,0,0.263466285182675
LASSO,val,DEMO077,0,0.2050814700054086
LASSO,val,DEMO078,0,0.35041671959912435
LASSO,val,DEMO079,1,0.4274644273011209
LASSO,val,DEMO080,0,0.49149684618010986
LASSO,val,DEMO081,1,0.2234285155314672
LASSO,val,DEMO082,1,0.502356033656677
LASSO,val,DEMO083,0,0.3570542574169335
LASSO,val,DEMO084,0,0.3965180350546222
LASSO,val,DEMO085,1,0.2497762047955155
LASSO,val,DEMO086,0,0.25012890813651045
LASSO,val,DEMO087,0,0.3683725846137571
LASSO,val,DEMO088,1,0.44042135251897896
LASSO,val,DEMO089,0,0.13133634303298858
LASSO,val,DEMO090,0,0.42534576272959695
LASSO,test1,DEMO091,1,0.38841490134867046
LASSO,test1,DEMO092,0,0.18708443694249333
LASSO,test1,DEMO093,0,0.34636492656795054
LASSO,test1,DEMO094,1,0.2233149598210066
LASSO,test1,DEMO095,0,0.30584402354253815
LASSO,test1,DEMO096,0,0.23670915687870678
LASSO,test1,DEMO097,1,0.2734115486182593
LASSO,test1,DEMO098,0,0.2976350530811853
LASSO,test1,DEMO099,1,0.30410180594382313
LASSO,test1,DEMO100,0,0.23703578134870243
LASSO,test1,DEMO101,0,0.4093776144924368
LASSO,test1,DEMO102,0,0.23055593847128933
LASSO,test1,DEMO103,1,0.4526216119975335
LASSO,test1,DEMO104,0,0.2821627720612058
LASSO,test1,DEMO105,1,0.3317438806234586
LASSO,test1,DEMO106,1,0.3850020360707294
LASSO,test1,DEMO107,1,0.5314428500963339
LASSO,test1,DEMO108,0,0.3510423337263494
LASSO,test2,DEMO109,1,0.2902831704271543
LASSO,test2,DEMO110,0,0.17172468202994776
LASSO,test2,DEMO111,0,0.5069073352366076
LASSO,test2,DEMO112,1,0.2922235544986014
LASSO,test2,DEMO113,1,0.4130301948100004
LASSO,test2,DEMO114,1,0.3702845319997178
LASSO,test2,DEMO115,1,0.2685416271665914
LASSO,test2,DEMO116,0,0.33016860674229526
LASSO,test2,DEMO117,0,0.23684658931211686
LASSO,test2,DEMO118,0,0.2648225641236813
LASSO,test2,DEMO119,1,0.40421164481034927
LASSO,test2,DEMO120,0,0.47435380072054034
KNN,train,DEMO001,0,0.4
KNN,train,DEMO002,1,0.4
KNN,train,DEMO003,1,0.2
KNN,train,DEMO004,0,0.4
KNN,train,DEMO005,0,0.2
KNN,train,DEMO006,1,0.4
KNN,train,DEMO007,1,0.2
KNN,train,DEMO008,1,0.4
KNN,train,DEMO009,1,0.6
KNN,train,DEMO010,0,0.2
KNN,train,DEMO011,0,0.2
KNN,train,DEMO012,1,0.4
KNN,train,DEMO013,1,0.6
KNN,train,DEMO014,0,0.4
KNN,train,DEMO015,0,0.4
KNN,train,DEMO016,1,0.2
KNN,train,DEMO017,0,0.0
KNN,train,DEMO018,0,0.4
KNN,train,DEMO019,0,0.2
KNN,train,DEMO020,0,0.2
KNN,train,DEMO021,0,0.4
KNN,train,DEMO022,1,0.6
KNN,train,DEMO023,0,0.4
KNN,train,DEMO024,0,0.4
KNN,train,DEMO025,1,0.8
KNN,train,DEMO026,0,0.2
KNN,train,DEMO027,0,0.2
KNN,train,DEMO028,0,0.4
KNN,train,DEMO029,1,0.4
KNN,train,DEMO030,0,0.2
KNN,train,DEMO031,1,0.4
KNN,train,DEMO032,0,0.4
KNN,train,DEMO033,0,0.4
KNN,train,DEMO034,0,0.0
KNN,train,DEMO035,0,0.4
KNN,train,DEMO036,0,0.6
KNN,train,DEMO037,0,0.2
KNN,train,DEMO038,1,0.4
KNN,train,DEMO039,0,0.0
KNN,train,DEMO040,1,0.6
KNN,train,DEMO041,0,0.4
KNN,train,DEMO042,0,0.4
KNN,train,DEMO043,0,0.4
KNN,train,DEMO044,1,0.6
KNN,train,DEMO045,0,0.2
KNN,train,DEMO046,0,0.2
KNN,train,DEMO047,0,0.2
KNN,train,DEMO048,0,0.8
KNN,train,DEMO049,1,0.6
KNN,train,DEMO050,1,0.4
KNN,train,DEMO051,0,0.2
KNN,train,DEMO052,0,0.4
KNN,train,DEMO053,0,0.2
KNN,train,DEMO054,1,0.4
KNN,train,DEMO055,0,0.4
KNN,train,DEMO056,0,0.4
KNN,train,DEMO057,0,0.2
KNN,train,DEMO058,0,0.0
KNN,train,DEMO059,0,0.2
KNN,train,DEMO060,0,0.4
KNN,train,DEMO061,0,0.4
KNN,train,DEMO062,0,0.0
KNN,train,DEMO063,0,0.2
KNN,train,DEMO064,1,0.2
KNN,train,DEMO065,0,0.4
KNN,train,DEMO066,1,0.4
KNN,train,DEMO067,0,0.4
KNN,train,DEMO068,0,0.2
KNN,train,DEMO069,0,0.2
KNN,train,DEMO070,0,0.4
KNN,train,DEMO071,1,0.6
KNN,train,DEMO072,0,0.2
KNN,val,DEMO073,0,0.2
KNN,val,DEMO074,0,0.4
KNN,val,DEMO075,1,0.0
KNN,val,DEMO076,0,0.2
KNN,val,DEMO077,0,0.2
KNN,val,DEMO078,0,0.8
KNN,val,DEMO079,1,0.4
KNN,val,DEMO080,0,0.2
KNN,val,DEMO081,1,0.6
KNN,val,DEMO082,1,0.6
KNN,val,DEMO083,0,0.2
KNN,val,DEMO084,0,0.6
KNN,val,DEMO085,1,0.2
KNN,val,DEMO086,0,0.2
KNN,val,DEMO087,0,0.4
KNN,val,DEMO088,1,0.2
KNN,val,DEMO089,0,0.0
KNN,val,DEMO090,0,0.4
KNN,test1,DEMO091,1,0.2
KNN,test1,DEMO092,0,0.2
KNN,test1,DEMO093,0,0.0
KNN,test1,DEMO094,1,0.2
KNN,test1,DEMO095,0,0.2
KNN,test1,DEMO096,0,0.4
KNN,test1,DEMO097,1,0.2
KNN,test1,DEMO098,0,0.6
KNN,test1,DEMO099,1,0.4
KNN,test1,DEMO100,0,0.0
KNN,test1,DEMO101,0,0.8
KNN,test1,DEMO102,0,0.4
KNN,test1,DEMO103,1,0.8
KNN,test1,DEMO104,0,0.4
KNN,test1,DEMO105,1,0.8
KNN,test1,DEMO106,1,0.8
KNN,test1,DEMO107,1,0.2
KNN,test1,DEMO108,0,0.4
KNN,test2,DEMO109,1,0.2
KNN,test2,DEMO110,0,0.2
KNN,test2,DEMO111,0,0.0
KNN,test2,DEMO112,1,0.4
KNN,test2,DEMO113,1,0.8
KNN,test2,DEMO114,1,0.2
KNN,test2,DEMO115,1,0.6
KNN,test2,DEMO116,0,0.2
KNN,test2,DEMO117,0,0.4
KNN,test2,DEMO118,0,0.2
KNN,test2,DEMO119,1,0.6
KNN,test2,DEMO120,0,0.4
CART,train,DEMO001,0,0.0
CART,train,DEMO002,1,0.14814814814814814
CART,train,DEMO003,1,1.0
CART,train,DEMO004,0,0.0
CART,train,DEMO005,0,0.14814814814814814
CART,train,DEMO006,1,0.9
CART,train,DEMO007,1,1.0
CART,train,DEMO008,1,1.0
CART,train,DEMO009,1,0.9
CART,train,DEMO010,0,0.0
CART,train,DEMO011,0,0.14814814814814814
CART,train,DEMO012,1,0.14814814814814814
CART,train,DEMO013,1,0.9
CART,train,DEMO014,0,0.0
CART,train,DEMO015,0,0.0
CART,train,DEMO016,1,1.0
CART,train,DEMO017,0,0.0
CART,train,DEMO018,0,0.0
CART,train,DEMO019,0,0.0
CART,train,DEMO020,0,0.14814814814814814
CART,train,DEMO021,0,0.14814814814814814
CART,train,DEMO022,1,0.9
CART,train,DEMO023,0,0.0
CART,train,DEMO024,0,0.14814814814814814
CART,train,DEMO025,1,0.9
CART,train,DEMO026,0,0.14814814814814814
CART,train,DEMO027,0,0.0
CART,train,DEMO028,0,0.14814814814814814
CART,train,DEMO029,1,0.9
CART,train,DEMO030,0,0.14814814814814814
CART,train,DEMO031,1,1.0
CART,train,DEMO032,0,0.0
CART,train,DEMO033,0,0.14814814814814814
CART,train,DEMO034,0,0.14814814814814814
CART,train,DEMO035,0,0.14814814814814814
CART,train,DEMO036,0,0.0
CART,train,DEMO037,0,0.14814814814814814
CART,train,DEMO038,1,0.9
CART,train,DEMO039,0,0.0
CART,train,DEMO040,1,1.0
CART,train,DEMO041,0,0.14814814814814814
CART,train,DEMO042,0,0.0
CART,train,DEMO043,0,0.14814814814814814
CART,train,DEMO044,1,1.0
CART,train,DEMO045,0,0.0
CART,train,DEMO046,0,0.14814814814814814
CART,train,DEMO047,0,0.0
CART,train,DEMO048,0,0.9
CART,train,DEMO049,1,0.9
CART,train,DEMO050,1,0.14814814814814814
CART,train,DEMO051,0,0.0
CART,train,DEMO052,0,0.0
CART,train,DEMO053,0,0.14814814814814814
CART,train,DEMO054,1,1.0
CART,train,DEMO055,0,0.0
CART,train,DEMO056,0,0.0
CART,train,DEMO057,0,0.0
CART,train,DEMO058,0,0.14814814814814814
CART,train,DEMO059,0,0.14814814814814814
CART,train,DEMO060,0,0.14814814814814814
CART,train,DEMO061,0,0.14814814814814814
CART,train,DEMO062,0,0.0
CART,train,DEMO063,0,0.0
CART,train,DEMO064,1,0.14814814814814814
CART,train,DEMO065,0,0.14814814814814814
CART,train,DEMO066,1,1.0
CART,train,DEMO067,0,0.14814814814814814
CART,train,DEMO068,0,0.14814814814814814
CART,train,DEMO069,0,0.0
CART,train,DEMO070,0,0.0
CART,train,DEMO071,1,0.9
CART,train,DEMO072,0,0.0
CART,val,DEMO073,0,1.0
CART,val,DEMO074,0,0.9
CART,val,DEMO075,1,0.14814814814814814
CART,val,DEMO076,0,0.14814814814814814
CART,val,DEMO077,0,0.0
CART,val,DEMO078,0,0.9
CART,val,DEMO079,1,0.9
CART,val,DEMO080,0,0.9
CART,val,DEMO081,1,0.14814814814814814
CART,val,DEMO082,1,1.0
CART,val,DEMO083,0,0.9
CART,val,DEMO084,0,0.9
CART,val,DEMO085,1,0.0
CART,val,DEMO086,0,0.14814814814814814
CART,val,DEMO087,0,0.0
CART,val,DEMO088,1,0.0
CART,val,DEMO089,0,0.14814814814814814
CART,val,DEMO090,0,0.9
CART,test1,DEMO091,1,0.14814814814814814
CART,test1,DEMO092,0,0.14814814814814814
CART,test1,DEMO093,0,0.9
CART,test1,DEMO094,1,0.0
CART,test1,DEMO095,0,0.9
CART,test1,DEMO096,0,0.14814814814814814
CART,test1,DEMO097,1,0.14814814814814814
CART,test1,DEMO098,0,1.0
CART,test1,DEMO099,1,0.14814814814814814
CART,test1,DEMO100,0,0.14814814814814814
CART,test1,DEMO101,0,0.9
CART,test1,DEMO102,0,0.0
CART,test1,DEMO103,1,0.9
CART,test1,DEMO104,0,0.0
CART,test1,DEMO105,1,1.0
CART,test1,DEMO106,1,0.9
CART,test1,DEMO107,1,0.14814814814814814
CART,test1,DEMO108,0,0.0
CART,test2,DEMO109,1,0.14814814814814814
CART,test2,DEMO110,0,0.14814814814814814
CART,test2,DEMO111,0,1.0
CART,test2,DEMO112,1,0.0
CART,test2,DEMO113,1,0.9
CART,test2,DEMO114,1,0.14814814814814814
CART,test2,DEMO115,1,0.14814814814814814
CART,test2,DEMO116,0,0.0
CART,test2,DEMO117,0,0.9
CART,test2,DEMO118,0,0.0
CART,test2,DEMO119,1,0.14814814814814814
CART,test2,DEMO120,0,0.9
QDA,train,DEMO001,0,0.46193790515872657
QDA,train,DEMO002,1,0.2547579952701157
QDA,train,DEMO003,1,0.4741355449171251
QDA,train,DEMO004,0,0.16995882333766224
QDA,train,DEMO005,0,0.3076652492299459
QDA,train,DEMO006,1,0.6644343499276196
QDA,train,DEMO007,1,0.5467044072527197
QDA,train,DEMO008,1,0.3942850627362076
QDA,train,DEMO009,1,0.8400047877655832
QDA,train,DEMO010,0,0.19183571896242993
QDA,train,DEMO011,0,0.29871458394483624
QDA,train,DEMO012,1,0.22149241111926107
QDA,train,DEMO013,1,0.399553237330326
QDA,train,DEMO014,0,0.43558279583205195
QDA,train,DEMO015,0,0.4489249044060287
QDA,train,DEMO016,1,0.8110152142510707
QDA,train,DEMO017,0,0.436581833446398
QDA,train,DEMO018,0,0.1958555516451241
QDA,train,DEMO019,0,0.30947802752041687
QDA,train,DEMO020,0,0.13996139580499758
QDA,train,DEMO021,0,0.2752669650208038
QDA,train,DEMO022,1,0.46850118449615014
QDA,train,DEMO023,0,0.4340918997950288
QDA,train,DEMO024,0,0.07837382069592001
QDA,train,DEMO025,1,0.3977766802805625
QDA,train,DEMO026,0,0.17532994382275544
QDA,train,DEMO027,0,0.0803498085034565
QDA,train,DEMO028,0,0.1683543237776651
QDA,train,DEMO029,1,0.21182161813029257
QDA,train,DEMO030,0,0.1588781471356885
QDA,train,DEMO031,1,0.34202521674387676
QDA,train,DEMO032,0,0.33067372221891966
QDA,train,DEMO033,0,0.22580637814628432
QDA,train,DEMO034,0,0.14524582742289352
QDA,train,DEMO035,0,0.13707010252841476
QDA,train,DEMO036,0,0.08697975005307503
QDA,train,DEMO037,0,0.007768438557489175
QDA,train,DEMO038,1,0.5934343944017365
QDA,train,DEMO039,0,0.028759470779221443
QDA,train,DEMO040,1,0.2050611397582749
QDA,train,DEMO041,0,0.3539802457993272
QDA,train,DEMO042,0,0.1508796113454702
QDA,train,DEMO043,0,0.03535994081158896
QDA,train,DEMO044,1,0.9074261200666108
QDA,train,DEMO045,0,0.377189120006331
QDA,train,DEMO046,0,0.3687144349066516
QDA,train,DEMO047,0,0.022727975798132908
QDA,train,DEMO048,0,0.49906303759036946
QDA,train,DEMO049,1,0.313332929916227
QDA,train,DEMO050,1,0.29531422946222086
QDA,train,DEMO051,0,0.2787240915315963
QDA,train,DEMO052,0,0.6760578641819702
QDA,train,DEMO053,0,0.18056557166742807
QDA,train,DEMO054,1,0.39327005143471777
QDA,train,DEMO055,0,0.3118914819563551
QDA,train,DEMO056,0,0.12487312584369062
QDA,train,DEMO057,0,0.35193666763046416
QDA,train,DEMO058,0,0.3242819862759963
QDA,train,DEMO059,0,0.11955246995160218
QDA,train,DEMO060,0,0.3644277118667485
QDA,train,DEMO061,0,0.40446794172183576
QDA,train,DEMO062,0,0.4391860716539228
QDA,train,DEMO063,0,0.18016436101204933
QDA,train,DEMO064,1,0.304311152983898
QDA,train,DEMO065,0,0.23439225569535319
QDA,train,DEMO066,1,0.3431016299329131
QDA,train,DEMO067,0,0.357214587541253
QDA,train,DEMO068,0,0.2562043238055888
QDA,train,DEMO069,0,0.4195532491489381
QDA,train,DEMO070,0,0.0655504544229588
QDA,train,DEMO071,1,0.5253815295852359
QDA,train,DEMO072,0,0.13056665552489416
QDA,val,DEMO073,0,0.12578386950083806
QDA,val,DEMO074,0,0.22249737431807767
QDA,val,DEMO075,1,0.1186412624820312
QDA,val,DEMO076,0,0.2276525175205071
QDA,val,DEMO077,0,0.04128560686805249
QDA,val,DEMO078,0,0.41284150979900547
QDA,val,DEMO079,1,0.5037627857954418
QDA,val,DEMO080,0,0.5480287050948404
QDA,val,DEMO081,1,0.5923367227426849
QDA,val,DEMO082,1,0.03287719317470174
QDA,val,DEMO083,0,0.32679042265260366
QDA,val,DEMO084,0,0.4182959306679149
QDA,val,DEMO085,1,0.06405247014700727
QDA,val,DEMO086,0,0.19108901145996676
QDA,val,DEMO087,0,0.3779526608901959
QDA,val,DEMO088,1,0.5015170263397343
QDA,val,DEMO089,0,0.02953493126140055
QDA,val,DEMO090,0,0.28550995316967814
QDA,test1,DEMO091,1,0.11883606628234727
QDA,test1,DEMO092,0,0.16198972698365458
QDA,test1,DEMO093,0,0.35009824587540617
QDA,test1,DEMO094,1,0.08758041512366219
QDA,test1,DEMO095,0,0.1383962663167354
QDA,test1,DEMO096,0,0.2434205984486288
QDA,test1,DEMO097,1,0.38593693584608957
QDA,test1,DEMO098,0,0.5573095497792523
QDA,test1,DEMO099,1,0.30930396142945304
QDA,test1,DEMO100,0,0.19843038821085696
QDA,test1,DEMO101,0,0.5140625641204501
QDA,test1,DEMO102,0,0.28484657105753936
QDA,test1,DEMO103,1,0.5080516590930575
QDA,test1,DEMO104,0,0.19986051358871887
QDA,test1,DEMO105,1,0.43562235681437167
QDA,test1,DEMO106,1,0.6042865806398129
QDA,test1,DEMO107,1,0.10927820710292518
QDA,test1,DEMO108,0,0.40980367741211027
QDA,test2,DEMO109,1,0.20058390948824367
QDA,test2,DEMO110,0,0.12808687459982201
QDA,test2,DEMO111,0,0.29265013305070847
QDA,test2,DEMO112,1,0.29056179209168687
QDA,test2,DEMO113,1,0.5255492463223048
QDA,test2,DEMO114,1,0.3999765816503851
QDA,test2,DEMO115,1,0.2918386957878658
QDA,test2,DEMO116,0,0.21085104413405192
QDA,test2,DEMO117,0,0.24848931428820498
QDA,test2,DEMO118,0,0.2501746040469356
QDA,test2,DEMO119,1,0.728775939628149
QDA,test2,DEMO120,0,0.5135021895596737
GaussianNB,train,DEMO001,0,0.38736238178287374
GaussianNB,train,DEMO002,1,0.2762408113744191
GaussianNB,train,DEMO003,1,0.34242961731240945
GaussianNB,train,DEMO004,0,0.21352121001722246
GaussianNB,train,DEMO005,0,0.3118055142189418
GaussianNB,train,DEMO006,1,0.6614374456289774
GaussianNB,train,DEMO007,1,0.46833028421968703
GaussianNB,train,DEMO008,1,0.4810671001963423
GaussianNB,train,DEMO009,1,0.37382753520241124
GaussianNB,train,DEMO010,0,0.23737002630088957
GaussianNB,train,DEMO011,0,0.24700957658852785
GaussianNB,train,DEMO012,1,0.22650131074460975
GaussianNB,train,DEMO013,1,0.37406598492609816
GaussianNB,train,DEMO014,0,0.345220762912049
GaussianNB,train,DEMO015,0,0.286826412273934
GaussianNB,train,DEMO016,1,0.8245239671751545
GaussianNB,train,DEMO017,0,0.45180792291828203
GaussianNB,train,DEMO018,0,0.31950662490148185
GaussianNB,train,DEMO019,0,0.35582315027286304
GaussianNB,train,DEMO020,0,0.1634093573874036
GaussianNB,train,DEMO021,0,0.24194721126966445
GaussianNB,train,DEMO022,1,0.35651587636980386
GaussianNB,train,DEMO023,0,0.473798069371364
GaussianNB,train,DEMO024,0,0.08786201972446236
GaussianNB,train,DEMO025,1,0.30534565288439885
GaussianNB,train,DEMO026,0,0.18562374751073518
GaussianNB,train,DEMO027,0,0.05474816428631301
GaussianNB,train,DEMO028,0,0.21332862356405907
GaussianNB,train,DEMO029,1,0.27431889585552377
GaussianNB,train,DEMO030,0,0.23362587387773753
GaussianNB,train,DEMO031,1,0.2634906801423852
GaussianNB,train,DEMO032,0,0.444666663206297
GaussianNB,train,DEMO033,0,0.23575819052801658
GaussianNB,train,DEMO034,0,0.23450904560607477
GaussianNB,train,DEMO035,0,0.18836458153449073
GaussianNB,train,DEMO036,0,0.09777682418916352
GaussianNB,train,DEMO037,0,0.00808255815850736
GaussianNB,train,DEMO038,1,0.4036801661967987
GaussianNB,train,DEMO039,0,0.035858021607618536
GaussianNB,train,DEMO040,1,0.16812075663951
GaussianNB,train,DEMO041,0,0.38962724799190207
GaussianNB,train,DEMO042,0,0.11976447409187516
GaussianNB,train,DEMO043,0,0.0654875220065464
GaussianNB,train,DEMO044,1,0.8897619979286979
GaussianNB,train,DEMO045,0,0.35018810913902776
GaussianNB,train,DEMO046,0,0.35489713325592526
GaussianNB,train,DEMO047,0,0.02131254972642784
GaussianNB,train,DEMO048,0,0.49066753843794836
GaussianNB,train,DEMO049,1,0.19590055287281086
GaussianNB,train,DEMO050,1,0.27592722211357146
GaussianNB,train,DEMO051,0,0.2973456212644502
GaussianNB,train,DEMO052,0,0.2360596270100712
GaussianNB,train,DEMO053,0,0.23342461656334698
GaussianNB,train,DEMO054,1,0.3996927491679941
GaussianNB,train,DEMO055,0,0.2499742270210115
GaussianNB,train,DEMO056,0,0.11997174266996853
GaussianNB,train,DEMO057,0,0.3938962560661523
GaussianNB,train,DEMO058,0,0.3867624444455958
GaussianNB,train,DEMO059,0,0.14665704339118668
GaussianNB,train,DEMO060,0,0.42739233394801346
GaussianNB,train,DEMO061,0,0.3142250054382302
GaussianNB,train,DEMO062,0,0.4730099637763886
GaussianNB,train,DEMO063,0,0.13196788720760116
GaussianNB,train,DEMO064,1,0.3601905486923789
GaussianNB,train,DEMO065,0,0.23685772120711146
GaussianNB,train,DEMO066,1,0.3290004133292136
GaussianNB,train,DEMO067,0,0.37830172114260824
GaussianNB,train,DEMO068,0,0.21497983283632963
GaussianNB,train,DEMO069,0,0.4112568541593759
GaussianNB,train,DEMO070,0,0.2967659290381063
GaussianNB,train,DEMO071,1,0.44062132182844604
GaussianNB,train,DEMO072,0,0.23785590070067
GaussianNB,val,DEMO073,0,0.24483509632861353
GaussianNB,val,DEMO074,0,0.16540642185840682
GaussianNB,val,DEMO075,1,0.250896184859038
GaussianNB,val,DEMO076,0,0.24242890111629228
GaussianNB,val,DEMO077,0,0.06297453096295581
GaussianNB,val,DEMO078,0,0.2620167600776049
GaussianNB,val,DEMO079,1,0.4936507874762923
GaussianNB,val,DEMO080,0,0.453441658589052
GaussianNB,val,DEMO081,1,0.5012920433890632
GaussianNB,val,DEMO082,1,0.017139514412041642
GaussianNB,val,DEMO083,0,0.2993211390112869
GaussianNB,val,DEMO084,0,0.3744073761839174
GaussianNB,val,DEMO085,1,0.026177457561570305
GaussianNB,val,DEMO086,0,0.22018542268863522
GaussianNB,val,DEMO087,0,0.3466264452444534
GaussianNB,val,DEMO088,1,0.4368702504092597
GaussianNB,val,DEMO089,0,0.020095805017656867
GaussianNB,val,DEMO090,0,0.35309776112510194
GaussianNB,test1,DEMO091,1,0.09593841172066996
GaussianNB,test1,DEMO092,0,0.20115937617108864
GaussianNB,test1,DEMO093,0,0.35818836626429057
GaussianNB,test1,DEMO094,1,0.09708306776175464
GaussianNB,test1,DEMO095,0,0.06227625655622365
GaussianNB,test1,DEMO096,0,0.2434437474874508
GaussianNB,test1,DEMO097,1,0.38128500643944035
GaussianNB,test1,DEMO098,0,0.4252565468409569
GaussianNB,test1,DEMO099,1,0.3244373234405519
GaussianNB,test1,DEMO100,0,0.14615966264023944
GaussianNB,test1,DEMO101,0,0.32796493537011245
GaussianNB,test1,DEMO102,0,0.2984071034666019
GaussianNB,test1,DEMO103,1,0.49632357741973127
GaussianNB,test1,DEMO104,0,0.21811901814085646
GaussianNB,test1,DEMO105,1,0.2848354375071018
GaussianNB,test1,DEMO106,1,0.39846207859725946
GaussianNB,test1,DEMO107,1,0.09846514726803218
GaussianNB,test1,DEMO108,0,0.2926312767518843
GaussianNB,test2,DEMO109,1,0.20746149977463185
GaussianNB,test2,DEMO110,0,0.17295738729847213
GaussianNB,test2,DEMO111,0,0.2668302376486838
GaussianNB,test2,DEMO112,1,0.29961720331467906
GaussianNB,test2,DEMO113,1,0.33418924829522717
GaussianNB,test2,DEMO114,1,0.42325776870503495
GaussianNB,test2,DEMO115,1,0.3044499344015143
GaussianNB,test2,DEMO116,0,0.26744654746083063
GaussianNB,test2,DEMO117,0,0.1877256557756983
GaussianNB,test2,DEMO118,0,0.2944234796616246
GaussianNB,test2,DEMO119,1,0.752321999242751
GaussianNB,test2,DEMO120,0,0.31644950722226917
PolynomialSVM,train,DEMO001,0,0.2847821128757511
PolynomialSVM,train,DEMO002,1,0.2962910929531256
PolynomialSVM,train,DEMO003,1,0.36712468960552846
PolynomialSVM,train,DEMO004,0,0.29995473101543485
PolynomialSVM,train,DEMO005,0,0.2951946886205116
PolynomialSVM,train,DEMO006,1,0.27449287366868813
PolynomialSVM,train,DEMO007,1,0.23468895221192065
PolynomialSVM,train,DEMO008,1,0.3125492909419476
PolynomialSVM,train,DEMO009,1,0.18549166745624654
PolynomialSVM,train,DEMO010,0,0.2990516969007118
PolynomialSVM,train,DEMO011,0,0.2999669337028476
PolynomialSVM,train,DEMO012,1,0.29760668062531703
PolynomialSVM,train,DEMO013,1,0.28284087419143333
PolynomialSVM,train,DEMO014,0,0.2999874469771025
PolynomialSVM,train,DEMO015,0,0.29998418097065416
PolynomialSVM,train,DEMO016,1,0.18550051208685867
PolynomialSVM,train,DEMO017,0,0.2946331809018159
PolynomialSVM,train,DEMO018,0,0.29013878745740673
PolynomialSVM,train,DEMO019,0,0.2975165966728591
PolynomialSVM,train,DEMO020,0,0.29899337442399376
PolynomialSVM,train,DEMO021,0,0.299954675660448
PolynomialSVM,train,DEMO022,1,0.2824419379351269
PolynomialSVM,train,DEMO023,0,0.2864172598372272
PolynomialSVM,train,DEMO024,0,0.3193368477865035
PolynomialSVM,train,DEMO025,1,0.2984036744734512
PolynomialSVM,train,DEMO026,0,0.2999526359440146
PolynomialSVM,train,DEMO027,0,0.30642229102553653
PolynomialSVM,train,DEMO028,0,0.31336620239754903
PolynomialSVM,train,DEMO029,1,0.29486394411221106
PolynomialSVM,train,DEMO030,0,0.341057003519941
PolynomialSVM,train,DEMO031,1,0.2845112920914237
PolynomialSVM,train,DEMO032,0,0.3074046377349414
PolynomialSVM,train,DEMO033,0,0.3127999102917952
PolynomialSVM,train,DEMO034,0,0.29995277656754626
PolynomialSVM,train,DEMO035,0,0.2958048346656533
PolynomialSVM,train,DEMO036,0,0.29996975970596634
PolynomialSVM,train,DEMO037,0,0.5258331967501786
PolynomialSVM,train,DEMO038,1,0.18549512737630017
PolynomialSVM,train,DEMO039,0,0.3415693754822474
PolynomialSVM,train,DEMO040,1,0.2716873134317547
PolynomialSVM,train,DEMO041,0,0.3212348316966435
PolynomialSVM,train,DEMO042,0,0.32179861935802856
PolynomialSVM,train,DEMO043,0,0.29996425028851476
PolynomialSVM,train,DEMO044,1,0.1855139235543222
PolynomialSVM,train,DEMO045,0,0.29269831804634994
PolynomialSVM,train,DEMO046,0,0.27296490633614995
PolynomialSVM,train,DEMO047,0,0.29998843769955136
PolynomialSVM,train,DEMO048,0,0.2999687605763327
PolynomialSVM,train,DEMO049,1,0.21686613943042024
PolynomialSVM,train,DEMO050,1,0.29731498654342225
PolynomialSVM,train,DEMO051,0,0.3017837286667651
PolynomialSVM,train,DEMO052,0,0.30000869385215445
PolynomialSVM,train,DEMO053,0,0.3001633611666321
PolynomialSVM,train,DEMO054,1,0.2924806851984007
PolynomialSVM,train,DEMO055,0,0.32256303991330804
PolynomialSVM,train,DEMO056,0,0.3086851023202594
PolynomialSVM,train,DEMO057,0,0.29996517817112545
PolynomialSVM,train,DEMO058,0,0.29799660177204673
PolynomialSVM,train,DEMO059,0,0.30099442562765427
PolynomialSVM,train,DEMO060,0,0.26067294883975956
PolynomialSVM,train,DEMO061,0,0.3818349837693267
PolynomialSVM,train,DEMO062,0,0.29134252905280816
PolynomialSVM,train,DEMO063,0,0.351308338945032
PolynomialSVM,train,DEMO064,1,0.2985482325409245
PolynomialSVM,train,DEMO065,0,0.30011558226583085
PolynomialSVM,train,DEMO066,1,0.3073097955931063
PolynomialSVM,train,DEMO067,0,0.29629503203044943
PolynomialSVM,train,DEMO068,0,0.3048122701929451
PolynomialSVM,train,DEMO069,0,0.2931237486777257
PolynomialSVM,train,DEMO070,0,0.2999958846752014
PolynomialSVM,train,DEMO071,1,0.2776412212845677
PolynomialSVM,train,DEMO072,0,0.2999537090226095
PolynomialSVM,val,DEMO073,0,0.33490791332986536
PolynomialSVM,val,DEMO074,0,0.30434908190995047
PolynomialSVM,val,DEMO075,1,0.2990087491244209
PolynomialSVM,val,DEMO076,0,0.2959791767458295
PolynomialSVM,val,DEMO077,0,0.42774507164995756
PolynomialSVM,val,DEMO078,0,0.2800354975590086
PolynomialSVM,val,DEMO079,1,0.2876152813399818
PolynomialSVM,val,DEMO080,0,0.29027340330014356
PolynomialSVM,val,DEMO081,1,0.46450710617606034
PolynomialSVM,val,DEMO082,1,0.10857522805673778
PolynomialSVM,val,DEMO083,0,0.29572591539662174
PolynomialSVM,val,DEMO084,0,0.29429503388991574
PolynomialSVM,val,DEMO085,1,0.4509865525917026
PolynomialSVM,val,DEMO086,0,0.2975169296967447
PolynomialSVM,val,DEMO087,0,0.2939688924212137
PolynomialSVM,val,DEMO088,1,0.28750508405426467
PolynomialSVM,val,DEMO089,0,0.2763416931302096
PolynomialSVM,val,DEMO090,0,0.2778258365584687
PolynomialSVM,test1,DEMO091,1,0.2699267327932732
PolynomialSVM,test1,DEMO092,0,0.314780296436915
PolynomialSVM,test1,DEMO093,0,0.2944555564849194
PolynomialSVM,test1,DEMO094,1,0.31777079268308844
PolynomialSVM,test1,DEMO095,0,0.20185485396548447
PolynomialSVM,test1,DEMO096,0,0.30258355601332526
PolynomialSVM,test1,DEMO097,1,0.3010370306637783
PolynomialSVM,test1,DEMO098,0,0.3818499332866215
PolynomialSVM,test1,DEMO099,1,0.29733974423973475
PolynomialSVM,test1,DEMO100,0,0.3739816437140498
PolynomialSVM,test1,DEMO101,0,0.2639673653486128
PolynomialSVM,test1,DEMO102,0,0.30917583808465693
PolynomialSVM,test1,DEMO103,1,0.3075926257067849
PolynomialSVM,test1,DEMO104,0,0.29371487754136527
PolynomialSVM,test1,DEMO105,1,0.4470310499507095
PolynomialSVM,test1,DEMO106,1,0.24888784975213335
PolynomialSVM,test1,DEMO107,1,0.27827239538252657
PolynomialSVM,test1,DEMO108,0,0.2837524938288623
PolynomialSVM,test2,DEMO109,1,0.29709651654772246
PolynomialSVM,test2,DEMO110,0,0.2997658760233947
PolynomialSVM,test2,DEMO111,0,0.26016733872698145
PolynomialSVM,test2,DEMO112,1,0.2962571473578488
PolynomialSVM,test2,DEMO113,1,0.242700170139044
PolynomialSVM,test2,DEMO114,1,0.3312522170248525
PolynomialSVM,test2,DEMO115,1,0.29779177625022657
PolynomialSVM,test2,DEMO116,0,0.28162612813155075
PolynomialSVM,test2,DEMO117,0,0.3526095287679088
PolynomialSVM,test2,DEMO118,0,0.2968974278404365
PolynomialSVM,test2,DEMO119,1,0.28300957304127194
PolynomialSVM,test2,DEMO120,0,0.27504606397986747
SGDClassifier,train,DEMO001,0,7.321359029230052e-05
SGDClassifier,train,DEMO002,1,0.9999978183083287
SGDClassifier,train,DEMO003,1,3.3520405329448285e-19
SGDClassifier,train,DEMO004,0,1.7018935540338947e-06
SGDClassifier,train,DEMO005,0,0.9999980259673139
SGDClassifier,train,DEMO006,1,0.9999999999998574
SGDClassifier,train,DEMO007,1,0.0004618855457362498
SGDClassifier,train,DEMO008,1,0.938596203734799
SGDClassifier,train,DEMO009,1,0.9999999788701723
SGDClassifier,train,DEMO010,0,0.20287731229885828
SGDClassifier,train,DEMO011,0,1.0
SGDClassifier,train,DEMO012,1,1.3864436763860803e-08
SGDClassifier,train,DEMO013,1,2.03341932743071e-09
SGDClassifier,train,DEMO014,0,1.1279734779753791e-23
SGDClassifier,train,DEMO015,0,7.954921796164958e-21
SGDClassifier,train,DEMO016,1,0.9996789879724218
SGDClassifier,train,DEMO017,0,0.9999544695960955
SGDClassifier,train,DEMO018,0,1.0275526176609894e-12
SGDClassifier,train,DEMO019,0,0.9999999560262657
SGDClassifier,train,DEMO020,0,0.9990672278804799
SGDClassifier,train,DEMO021,0,5.408525042172944e-20
SGDClassifier,train,DEMO022,1,8.823950296435793e-05
SGDClassifier,train,DEMO023,0,0.9999741829463298
SGDClassifier,train,DEMO024,0,2.228195576764941e-15
SGDClassifier,train,DEMO025,1,2.0511605549098633e-10
SGDClassifier,train,DEMO026,0,0.9853417511329361
SGDClassifier,train,DEMO027,0,6.99371268751803e-13
SGDClassifier,train,DEMO028,0,5.326895087960559e-18
SGDClassifier,train,DEMO029,1,2.4162765402236826e-22
SGDClassifier,train,DEMO030,0,6.615693039998737e-10
SGDClassifier,train,DEMO031,1,3.942534273777537e-14
SGDClassifier,train,DEMO032,0,0.9999999862668056
SGDClassifier,train,DEMO033,0,8.435000453555637e-07
SGDClassifier,train,DEMO034,0,0.9999981844112257
SGDClassifier,train,DEMO035,0,5.870314940208147e-10
SGDClassifier,train,DEMO036,0,9.753474257318352e-28
SGDClassifier,train,DEMO037,0,6.311259277306124e-08
SGDClassifier,train,DEMO038,1,2.7343602796941686e-13
SGDClassifier,train,DEMO039,0,2.1328258076668608e-17
SGDClassifier,train,DEMO040,1,0.0005778946868152986
SGDClassifier,train,DEMO041,0,0.8580897034810724
SGDClassifier,train,DEMO042,0,1.1551876462783324e-18
SGDClassifier,train,DEMO043,0,0.9999999999950453
SGDClassifier,train,DEMO044,1,1.0
SGDClassifier,train,DEMO045,0,0.0002897893588774114
SGDClassifier,train,DEMO046,0,5.6191070045529377e-08
SGDClassifier,train,DEMO047,0,0.02154865154184369
SGDClassifier,train,DEMO048,0,0.08856416470847603
SGDClassifier,train,DEMO049,1,0.07449241617878073
SGDClassifier,train,DEMO050,1,1.6418050540896365e-12
SGDClassifier,train,DEMO051,0,4.726971023901421e-10
SGDClassifier,train,DEMO052,0,2.0279312777011885e-05
SGDClassifier,train,DEMO053,0,0.9999985242618348
SGDClassifier,train,DEMO054,1,0.9999999581344237
SGDClassifier,train,DEMO055,0,1.8930613550021052e-23
SGDClassifier,train,DEMO056,0,1.2452743401058077e-17
SGDClassifier,train,DEMO057,0,0.5902205198595325
SGDClassifier,train,DEMO058,0,0.9616571253210158
SGDClassifier,train,DEMO059,0,0.9999990136354105
SGDClassifier,train,DEMO060,0,0.9843170496276373
SGDClassifier,train,DEMO061,0,0.0002278962710941622
SGDClassifier,train,DEMO062,0,0.0018047884386417769
SGDClassifier,train,DEMO063,0,1.1479009080954445e-19
SGDClassifier,train,DEMO064,1,0.9999996128436428
SGDClassifier,train,DEMO065,0,0.9999999465017098
SGDClassifier,train,DEMO066,1,0.9999999999990359
SGDClassifier,train,DEMO067,0,0.9999992269583385
SGDClassifier,train,DEMO068,0,0.9999999999998419
SGDClassifier,train,DEMO069,0,0.9999311844041618
SGDClassifier,train,DEMO070,0,2.3922188386700798e-20
SGDClassifier,train,DEMO071,1,1.22909587432269e-08
SGDClassifier,train,DEMO072,0,0.3594135772489235
SGDClassifier,val,DEMO073,0,1.435378331093874e-14
SGDClassifier,val,DEMO074,0,3.5011720616544446e-06
SGDClassifier,val,DEMO075,1,0.9999996299299367
SGDClassifier,val,DEMO076,0,1.31902952476665e-07
SGDClassifier,val,DEMO077,0,1.0332125439348076e-27
SGDClassifier,val,DEMO078,0,0.046512506832619024
SGDClassifier,val,DEMO079,1,0.1867498002466282
SGDClassifier,val,DEMO080,0,0.9997857088743954
SGDClassifier,val,DEMO081,1,0.9999926973474234
SGDClassifier,val,DEMO082,1,1.0
SGDClassifier,val,DEMO083,0,0.9999998009680012
SGDClassifier,val,DEMO084,0,0.003758489211479678
SGDClassifier,val,DEMO085,1,2.706087376440076e-12
SGDClassifier,val,DEMO086,0,3.1553991125034245e-05
SGDClassifier,val,DEMO087,0,4.031245699827726e-09
SGDClassifier,val,DEMO088,1,0.060357069307852625
SGDClassifier,val,DEMO089,0,2.2246974357803387e-20
SGDClassifier,val,DEMO090,0,1.4069508167210636e-10
SGDClassifier,test1,DEMO091,1,3.96668728119646e-07
SGDClassifier,test1,DEMO092,0,2.289298581284935e-10
SGDClassifier,test1,DEMO093,0,0.005030978462595018
SGDClassifier,test1,DEMO094,1,0.00053049365113988
SGDClassifier,test1,DEMO095,0,0.9032637617512292
SGDClassifier,test1,DEMO096,0,6.935470368430745e-14
SGDClassifier,test1,DEMO097,1,3.2137201016096917e-05
SGDClassifier,test1,DEMO098,0,0.842194925728421
SGDClassifier,test1,DEMO099,1,0.0010426853967596887
SGDClassifier,test1,DEMO100,0,1.6081937121867907e-17
SGDClassifier,test1,DEMO101,0,0.2577937107088512
SGDClassifier,test1,DEMO102,0,6.425905401753131e-22
SGDClassifier,test1,DEMO103,1,1.1323900161398529e-08
SGDClassifier,test1,DEMO104,0,6.700550082591534e-08
SGDClassifier,test1,DEMO105,1,0.9999999554179648
SGDClassifier,test1,DEMO106,1,1.2202784861713434e-11
SGDClassifier,test1,DEMO107,1,2.9939664351069328e-06
SGDClassifier,test1,DEMO108,0,0.030843839615329268
SGDClassifier,test2,DEMO109,1,0.7712091524199767
SGDClassifier,test2,DEMO110,0,0.00018058931707335763
SGDClassifier,test2,DEMO111,0,2.8324275990809663e-09
SGDClassifier,test2,DEMO112,1,0.0006045379033063532
SGDClassifier,test2,DEMO113,1,3.202318547628618e-05
SGDClassifier,test2,DEMO114,1,0.9972071486346993
SGDClassifier,test2,DEMO115,1,0.13800681683443078
SGDClassifier,test2,DEMO116,0,0.9353468126556705
SGDClassifier,test2,DEMO117,0,2.2037095693254214e-09
SGDClassifier,test2,DEMO118,0,0.9999999491511945
SGDClassifier,test2,DEMO119,1,0.9999999999999978
SGDClassifier,test2,DEMO120,0,0.9999989851321308
DecisionTree,train,DEMO001,0,0.038461538461538464
DecisionTree,train,DEMO002,1,0.038461538461538464
DecisionTree,train,DEMO003,1,0.9090909090909091
DecisionTree,train,DEMO004,0,0.0
DecisionTree,train,DEMO005,0,0.038461538461538464
DecisionTree,train,DEMO006,1,0.7142857142857143
DecisionTree,train,DEMO007,1,1.0
DecisionTree,train,DEMO008,1,0.7142857142857143
DecisionTree,train,DEMO009,1,1.0
DecisionTree,train,DEMO010,0,0.038461538461538464
DecisionTree,train,DEMO011,0,0.038461538461538464
DecisionTree,train,DEMO012,1,0.3333333333333333
DecisionTree,train,DEMO013,1,0.9090909090909091
DecisionTree,train,DEMO014,0,0.0
DecisionTree,train,DEMO015,0,0.0
DecisionTree,train,DEMO016,1,1.0
DecisionTree,train,DEMO017,0,0.038461538461538464
DecisionTree,train,DEMO018,0,0.038461538461538464
DecisionTree,train,DEMO019,0,0.7142857142857143
DecisionTree,train,DEMO020,0,0.038461538461538464
DecisionTree,train,DEMO021,0,0.038461538461538464
DecisionTree,train,DEMO022,1,0.9090909090909091
DecisionTree,train,DEMO023,0,0.038461538461538464
DecisionTree,train,DEMO024,0,0.0
DecisionTree,train,DEMO025,1,0.9090909090909091
DecisionTree,train,DEMO026,0,0.038461538461538464
DecisionTree,train,DEMO027,0,0.0
DecisionTree,train,DEMO028,0,0.3333333333333333
DecisionTree,train,DEMO029,1,0.9090909090909091
DecisionTree,train,DEMO030,0,0.0
DecisionTree,train,DEMO031,1,0.9090909090909091
DecisionTree,train,DEMO032,0,0.038461538461538464
DecisionTree,train,DEMO033,0,0.038461538461538464
DecisionTree,train,DEMO034,0,0.038461538461538464
DecisionTree,train,DEMO035,0,0.3333333333333333
DecisionTree,train,DEMO036,0,0.0
DecisionTree,train,DEMO037,0,0.0
DecisionTree,train,DEMO038,1,0.9090909090909091
DecisionTree,train,DEMO039,0,0.0
DecisionTree,train,DEMO040,1,1.0
DecisionTree,train,DEMO041,0,0.7142857142857143
DecisionTree,train,DEMO042,0,0.0
DecisionTree,train,DEMO043,0,0.038461538461538464
DecisionTree,train,DEMO044,1,1.0
DecisionTree,train,DEMO045,0,0.0
DecisionTree,train,DEMO046,0,0.038461538461538464
DecisionTree,train,DEMO047,0,0.0
DecisionTree,train,DEMO048,0,0.9090909090909091
DecisionTree,train,DEMO049,1,0.9090909090909091
DecisionTree,train,DEMO050,1,0.9090909090909091
DecisionTree,train,DEMO051,0,0.038461538461538464
DecisionTree,train,DEMO052,0,0.038461538461538464
DecisionTree,train,DEMO053,0,0.038461538461538464
DecisionTree,train,DEMO054,1,0.7142857142857143
DecisionTree,train,DEMO055,0,0.0
DecisionTree,train,DEMO056,0,0.0
DecisionTree,train,DEMO057,0,0.0
DecisionTree,train,DEMO058,0,0.038461538461538464
DecisionTree,train,DEMO059,0,0.038461538461538464
DecisionTree,train,DEMO060,0,0.038461538461538464
DecisionTree,train,DEMO061,0,0.0
DecisionTree,train,DEMO062,0,0.038461538461538464
DecisionTree,train,DEMO063,0,0.0
DecisionTree,train,DEMO064,1,0.7142857142857143
DecisionTree,train,DEMO065,0,0.038461538461538464
DecisionTree,train,DEMO066,1,0.7142857142857143
DecisionTree,train,DEMO067,0,0.038461538461538464
DecisionTree,train,DEMO068,0,0.038461538461538464
DecisionTree,train,DEMO069,0,0.0
DecisionTree,train,DEMO070,0,0.0
DecisionTree,train,DEMO071,1,0.9090909090909091
DecisionTree,train,DEMO072,0,0.0
DecisionTree,val,DEMO073,0,0.9090909090909091
DecisionTree,val,DEMO074,0,0.9090909090909091
DecisionTree,val,DEMO075,1,0.038461538461538464
DecisionTree,val,DEMO076,0,0.038461538461538464
DecisionTree,val,DEMO077,0,0.0
DecisionTree,val,DEMO078,0,0.038461538461538464
DecisionTree,val,DEMO079,1,0.7142857142857143
DecisionTree,val,DEMO080,0,0.038461538461538464
DecisionTree,val,DEMO081,1,0.0
DecisionTree,val,DEMO082,1,1.0
DecisionTree,val,DEMO083,0,0.038461538461538464
DecisionTree,val,DEMO084,0,0.9090909090909091
DecisionTree,val,DEMO085,1,0.0
DecisionTree,val,DEMO086,0,0.038461538461538464
DecisionTree,val,DEMO087,0,0.038461538461538464
DecisionTree,val,DEMO088,1,0.038461538461538464
DecisionTree,val,DEMO089,0,0.0
DecisionTree,val,DEMO090,0,0.9090909090909091
DecisionTree,test1,DEMO091,1,0.0
DecisionTree,test1,DEMO092,0,0.9090909090909091
DecisionTree,test1,DEMO093,0,0.038461538461538464
DecisionTree,test1,DEMO094,1,0.0
DecisionTree,test1,DEMO095,0,0.9090909090909091
DecisionTree,test1,DEMO096,0,0.9090909090909091
DecisionTree,test1,DEMO097,1,0.038461538461538464
DecisionTree,test1,DEMO098,0,0.0
DecisionTree,test1,DEMO099,1,0.038461538461538464
DecisionTree,test1,DEMO100,0,0.3333333333333333
DecisionTree,test1,DEMO101,0,0.038461538461538464
DecisionTree,test1,DEMO102,0,0.0
DecisionTree,test1,DEMO103,1,0.9090909090909091
DecisionTree,test1,DEMO104,0,0.9090909090909091
DecisionTree,test1,DEMO105,1,0.0
DecisionTree,test1,DEMO106,1,0.9090909090909091
DecisionTree,test1,DEMO107,1,0.038461538461538464
DecisionTree,test1,DEMO108,0,0.038461538461538464
DecisionTree,test2,DEMO109,1,0.038461538461538464
DecisionTree,test2,DEMO110,0,0.9090909090909091
DecisionTree,test2,DEMO111,0,0.038461538461538464
DecisionTree,test2,DEMO112,1,0.0
DecisionTree,test2,DEMO113,1,0.9090909090909091
DecisionTree,test2,DEMO114,1,0.0
DecisionTree,test2,DEMO115,1,0.038461538461538464
DecisionTree,test2,DEMO116,0,0.9090909090909091
DecisionTree,test2,DEMO117,0,0.9090909090909091
DecisionTree,test2,DEMO118,0,0.038461538461538464
DecisionTree,test2,DEMO119,1,0.0
DecisionTree,test2,DEMO120,0,1.0
RotationForest,train,DEMO001,0,0.3055555555555555
RotationForest,train,DEMO002,1,0.3055555555555555
RotationForest,train,DEMO003,1,0.3055555555555555
RotationForest,train,DEMO004,0,0.3055555555555555
RotationForest,train,DEMO005,0,0.3055555555555555
RotationForest,train,DEMO006,1,0.3055555555555555
RotationForest,train,DEMO007,1,0.3055555555555555
RotationForest,train,DEMO008,1,0.3055555555555555
RotationForest,train,DEMO009,1,0.3055555555555555
RotationForest,train,DEMO010,0,0.3055555555555555
RotationForest,train,DEMO011,0,0.3055555555555555
RotationForest,train,DEMO012,1,0.3055555555555555
RotationForest,train,DEMO013,1,0.3055555555555555
RotationForest,train,DEMO014,0,0.3055555555555555
RotationForest,train,DEMO015,0,0.3055555555555555
RotationForest,train,DEMO016,1,0.3055555555555555
RotationForest,train,DEMO017,0,0.3055555555555555
RotationForest,train,DEMO018,0,0.3055555555555555
RotationForest,train,DEMO019,0,0.3055555555555555
RotationForest,train,DEMO020,0,0.3055555555555555
RotationForest,train,DEMO021,0,0.3055555555555555
RotationForest,train,DEMO022,1,0.3055555555555555
RotationForest,train,DEMO023,0,0.3055555555555555
RotationForest,train,DEMO024,0,0.3055555555555555
RotationForest,train,DEMO025,1,0.3055555555555555
RotationForest,train,DEMO026,0,0.3055555555555555
RotationForest,train,DEMO027,0,0.3055555555555555
RotationForest,train,DEMO028,0,0.3055555555555555
RotationForest,train,DEMO029,1,0.3055555555555555
RotationForest,train,DEMO030,0,0.3055555555555555
RotationForest,train,DEMO031,1,0.3055555555555555
RotationForest,train,DEMO032,0,0.3055555555555555
RotationForest,train,DEMO033,0,0.3055555555555555
RotationForest,train,DEMO034,0,0.3055555555555555
RotationForest,train,DEMO035,0,0.3055555555555555
RotationForest,train,DEMO036,0,0.3055555555555555
RotationForest,train,DEMO037,0,0.3055555555555555
RotationForest,train,DEMO038,1,0.3055555555555555
RotationForest,train,DEMO039,0,0.3055555555555555
RotationForest,train,DEMO040,1,0.3055555555555555
RotationForest,train,DEMO041,0,0.3055555555555555
RotationForest,train,DEMO042,0,0.3055555555555555
RotationForest,train,DEMO043,0,0.3055555555555555
RotationForest,train,DEMO044,1,0.3055555555555555
RotationForest,train,DEMO045,0,0.3055555555555555
RotationForest,train,DEMO046,0,0.3055555555555555
RotationForest,train,DEMO047,0,0.3055555555555555
RotationForest,train,DEMO048,0,0.3055555555555555
RotationForest,train,DEMO049,1,0.3055555555555555
RotationForest,train,DEMO050,1,0.3055555555555555
RotationForest,train,DEMO051,0,0.3055555555555555
RotationForest,train,DEMO052,0,0.3055555555555555
RotationForest,train,DEMO053,0,0.3055555555555555
RotationForest,train,DEMO054,1,0.3055555555555555
RotationForest,train,DEMO055,0,0.3055555555555555
RotationForest,train,DEMO056,0,0.3055555555555555
RotationForest,train,DEMO057,0,0.3055555555555555
RotationForest,train,DEMO058,0,0.3055555555555555
RotationForest,train,DEMO059,0,0.3055555555555555
RotationForest,train,DEMO060,0,0.3055555555555555
RotationForest,train,DEMO061,0,0.3055555555555555
RotationForest,train,DEMO062,0,0.3055555555555555
RotationForest,train,DEMO063,0,0.3055555555555555
RotationForest,train,DEMO064,1,0.3055555555555555
RotationForest,train,DEMO065,0,0.3055555555555555
RotationForest,train,DEMO066,1,0.3055555555555555
RotationForest,train,DEMO067,0,0.3055555555555555
RotationForest,train,DEMO068,0,0.3055555555555555
RotationForest,train,DEMO069,0,0.3055555555555555
RotationForest,train,DEMO070,0,0.3055555555555555
RotationForest,train,DEMO071,1,0.3055555555555555
RotationForest,train,DEMO072,0,0.3055555555555555
RotationForest,val,DEMO073,0,0.3055555555555555
RotationForest,val,DEMO074,0,0.3055555555555555
RotationForest,val,DEMO075,1,0.3055555555555555
RotationForest,val,DEMO076,0,0.3055555555555555
RotationForest,val,DEMO077,0,0.3055555555555555
RotationForest,val,DEMO078,0,0.3055555555555555
RotationForest,val,DEMO079,1,0.3055555555555555
RotationForest,val,DEMO080,0,0.3055555555555555
RotationForest,val,DEMO081,1,0.3055555555555555
RotationForest,val,DEMO082,1,0.3055555555555555
RotationForest,val,DEMO083,0,0.3055555555555555
RotationForest,val,DEMO084,0,0.3055555555555555
RotationForest,val,DEMO085,1,0.3055555555555555
RotationForest,val,DEMO086,0,0.3055555555555555
RotationForest,val,DEMO087,0,0.3055555555555555
RotationForest,val,DEMO088,1,0.3055555555555555
RotationForest,val,DEMO089,0,0.3055555555555555
RotationForest,val,DEMO090,0,0.3055555555555555
RotationForest,test1,DEMO091,1,0.3055555555555555
RotationForest,test1,DEMO092,0,0.3055555555555555
RotationForest,test1,DEMO093,0,0.3055555555555555
RotationForest,test1,DEMO094,1,0.3055555555555555
RotationForest,test1,DEMO095,0,0.3055555555555555
RotationForest,test1,DEMO096,0,0.3055555555555555
RotationForest,test1,DEMO097,1,0.3055555555555555
RotationForest,test1,DEMO098,0,0.3055555555555555
RotationForest,test1,DEMO099,1,0.3055555555555555
RotationForest,test1,DEMO100,0,0.3055555555555555
RotationForest,test1,DEMO101,0,0.3055555555555555
RotationForest,test1,DEMO102,0,0.3055555555555555
RotationForest,test1,DEMO103,1,0.3055555555555555
RotationForest,test1,DEMO104,0,0.3055555555555555
RotationForest,test1,DEMO105,1,0.3055555555555555
RotationForest,test1,DEMO106,1,0.3055555555555555
RotationForest,test1,DEMO107,1,0.3055555555555555
RotationForest,test1,DEMO108,0,0.3055555555555555
RotationForest,test2,DEMO109,1,0.3055555555555555
RotationForest,test2,DEMO110,0,0.3055555555555555
RotationForest,test2,DEMO111,0,0.3055555555555555
RotationForest,test2,DEMO112,1,0.3055555555555555
RotationForest,test2,DEMO113,1,0.3055555555555555
RotationForest,test2,DEMO114,1,0.3055555555555555
RotationForest,test2,DEMO115,1,0.3055555555555555
RotationForest,test2,DEMO116,0,0.3055555555555555
RotationForest,test2,DEMO117,0,0.3055555555555555
RotationForest,test2,DEMO118,0,0.3055555555555555
RotationForest,test2,DEMO119,1,0.3055555555555555
RotationForest,test2,DEMO120,0,0.3055555555555555
ConditionalInferenceTree,train,DEMO001,0,0.305555555555556
ConditionalInferenceTree,train,DEMO002,1,0.305555555555556
ConditionalInferenceTree,train,DEMO003,1,0.305555555555556
ConditionalInferenceTree,train,DEMO004,0,0.305555555555556
ConditionalInferenceTree,train,DEMO005,0,0.305555555555556
ConditionalInferenceTree,train,DEMO006,1,0.305555555555556
ConditionalInferenceTree,train,DEMO007,1,0.305555555555556
ConditionalInferenceTree,train,DEMO008,1,0.305555555555556
ConditionalInferenceTree,train,DEMO009,1,0.305555555555556
ConditionalInferenceTree,train,DEMO010,0,0.305555555555556
ConditionalInferenceTree,train,DEMO011,0,0.305555555555556
ConditionalInferenceTree,train,DEMO012,1,0.305555555555556
ConditionalInferenceTree,train,DEMO013,1,0.305555555555556
ConditionalInferenceTree,train,DEMO014,0,0.305555555555556
ConditionalInferenceTree,train,DEMO015,0,0.305555555555556
ConditionalInferenceTree,train,DEMO016,1,0.305555555555556
ConditionalInferenceTree,train,DEMO017,0,0.305555555555556
ConditionalInferenceTree,train,DEMO018,0,0.305555555555556
ConditionalInferenceTree,train,DEMO019,0,0.305555555555556
ConditionalInferenceTree,train,DEMO020,0,0.305555555555556
ConditionalInferenceTree,train,DEMO021,0,0.305555555555556
ConditionalInferenceTree,train,DEMO022,1,0.305555555555556
ConditionalInferenceTree,train,DEMO023,0,0.305555555555556
ConditionalInferenceTree,train,DEMO024,0,0.305555555555556
ConditionalInferenceTree,train,DEMO025,1,0.305555555555556
ConditionalInferenceTree,train,DEMO026,0,0.305555555555556
ConditionalInferenceTree,train,DEMO027,0,0.305555555555556
ConditionalInferenceTree,train,DEMO028,0,0.305555555555556
ConditionalInferenceTree,train,DEMO029,1,0.305555555555556
ConditionalInferenceTree,train,DEMO030,0,0.305555555555556
ConditionalInferenceTree,train,DEMO031,1,0.305555555555556
ConditionalInferenceTree,train,DEMO032,0,0.305555555555556
ConditionalInferenceTree,train,DEMO033,0,0.305555555555556
ConditionalInferenceTree,train,DEMO034,0,0.305555555555556
ConditionalInferenceTree,train,DEMO035,0,0.305555555555556
ConditionalInferenceTree,train,DEMO036,0,0.305555555555556
ConditionalInferenceTree,train,DEMO037,0,0.305555555555556
ConditionalInferenceTree,train,DEMO038,1,0.305555555555556
ConditionalInferenceTree,train,DEMO039,0,0.305555555555556
ConditionalInferenceTree,train,DEMO040,1,0.305555555555556
ConditionalInferenceTree,train,DEMO041,0,0.305555555555556
ConditionalInferenceTree,train,DEMO042,0,0.305555555555556
ConditionalInferenceTree,train,DEMO043,0,0.305555555555556
ConditionalInferenceTree,train,DEMO044,1,0.305555555555556
ConditionalInferenceTree,train,DEMO045,0,0.305555555555556
ConditionalInferenceTree,train,DEMO046,0,0.305555555555556
ConditionalInferenceTree,train,DEMO047,0,0.305555555555556
ConditionalInferenceTree,train,DEMO048,0,0.305555555555556
ConditionalInferenceTree,train,DEMO049,1,0.305555555555556
ConditionalInferenceTree,train,DEMO050,1,0.305555555555556
ConditionalInferenceTree,train,DEMO051,0,0.305555555555556
ConditionalInferenceTree,train,DEMO052,0,0.305555555555556
ConditionalInferenceTree,train,DEMO053,0,0.305555555555556
ConditionalInferenceTree,train,DEMO054,1,0.305555555555556
ConditionalInferenceTree,train,DEMO055,0,0.305555555555556
ConditionalInferenceTree,train,DEMO056,0,0.305555555555556
ConditionalInferenceTree,train,DEMO057,0,0.305555555555556
ConditionalInferenceTree,train,DEMO058,0,0.305555555555556
ConditionalInferenceTree,train,DEMO059,0,0.305555555555556
ConditionalInferenceTree,train,DEMO060,0,0.305555555555556
ConditionalInferenceTree,train,DEMO061,0,0.305555555555556
ConditionalInferenceTree,train,DEMO062,0,0.305555555555556
ConditionalInferenceTree,train,DEMO063,0,0.305555555555556
ConditionalInferenceTree,train,DEMO064,1,0.305555555555556
ConditionalInferenceTree,train,DEMO065,0,0.305555555555556
ConditionalInferenceTree,train,DEMO066,1,0.305555555555556
ConditionalInferenceTree,train,DEMO067,0,0.305555555555556
ConditionalInferenceTree,train,DEMO068,0,0.305555555555556
ConditionalInferenceTree,train,DEMO069,0,0.305555555555556
ConditionalInferenceTree,train,DEMO070,0,0.305555555555556
ConditionalInferenceTree,train,DEMO071,1,0.305555555555556
ConditionalInferenceTree,train,DEMO072,0,0.305555555555556
ConditionalInferenceTree,val,DEMO073,0,0.305555555555556
ConditionalInferenceTree,val,DEMO074,0,0.305555555555556
ConditionalInferenceTree,val,DEMO075,1,0.305555555555556
ConditionalInferenceTree,val,DEMO076,0,0.305555555555556
ConditionalInferenceTree,val,DEMO077,0,0.305555555555556
ConditionalInferenceTree,val,DEMO078,0,0.305555555555556
ConditionalInferenceTree,val,DEMO079,1,0.305555555555556
ConditionalInferenceTree,val,DEMO080,0,0.305555555555556
ConditionalInferenceTree,val,DEMO081,1,0.305555555555556
ConditionalInferenceTree,val,DEMO082,1,0.305555555555556
ConditionalInferenceTree,val,DEMO083,0,0.305555555555556
ConditionalInferenceTree,val,DEMO084,0,0.305555555555556
ConditionalInferenceTree,val,DEMO085,1,0.305555555555556
ConditionalInferenceTree,val,DEMO086,0,0.305555555555556
ConditionalInferenceTree,val,DEMO087,0,0.305555555555556
ConditionalInferenceTree,val,DEMO088,1,0.305555555555556
ConditionalInferenceTree,val,DEMO089,0,0.305555555555556
ConditionalInferenceTree,val,DEMO090,0,0.305555555555556
ConditionalInferenceTree,test1,DEMO091,1,0.305555555555556
ConditionalInferenceTree,test1,DEMO092,0,0.305555555555556
ConditionalInferenceTree,test1,DEMO093,0,0.305555555555556
ConditionalInferenceTree,test1,DEMO094,1,0.305555555555556
ConditionalInferenceTree,test1,DEMO095,0,0.305555555555556
ConditionalInferenceTree,test1,DEMO096,0,0.305555555555556
ConditionalInferenceTree,test1,DEMO097,1,0.305555555555556
ConditionalInferenceTree,test1,DEMO098,0,0.305555555555556
ConditionalInferenceTree,test1,DEMO099,1,0.305555555555556
ConditionalInferenceTree,test1,DEMO100,0,0.305555555555556
ConditionalInferenceTree,test1,DEMO101,0,0.305555555555556
ConditionalInferenceTree,test1,DEMO102,0,0.305555555555556
ConditionalInferenceTree,test1,DEMO103,1,0.305555555555556
ConditionalInferenceTree,test1,DEMO104,0,0.305555555555556
ConditionalInferenceTree,test1,DEMO105,1,0.305555555555556
ConditionalInferenceTree,test1,DEMO106,1,0.305555555555556
ConditionalInferenceTree,test1,DEMO107,1,0.305555555555556
ConditionalInferenceTree,test1,DEMO108,0,0.305555555555556
ConditionalInferenceTree,test2,DEMO109,1,0.305555555555556
ConditionalInferenceTree,test2,DEMO110,0,0.305555555555556
ConditionalInferenceTree,test2,DEMO111,0,0.305555555555556
ConditionalInferenceTree,test2,DEMO112,1,0.305555555555556
ConditionalInferenceTree,test2,DEMO113,1,0.305555555555556
ConditionalInferenceTree,test2,DEMO114,1,0.305555555555556
ConditionalInferenceTree,test2,DEMO115,1,0.305555555555556
ConditionalInferenceTree,test2,DEMO116,0,0.305555555555556
ConditionalInferenceTree,test2,DEMO117,0,0.305555555555556
ConditionalInferenceTree,test2,DEMO118,0,0.305555555555556
ConditionalInferenceTree,test2,DEMO119,1,0.305555555555556
ConditionalInferenceTree,test2,DEMO120,0,0.305555555555556
GentleBoost,train,DEMO001,0,1.5461968842209167e-08
GentleBoost,train,DEMO002,1,0.9997507838442186
GentleBoost,train,DEMO003,1,0.9999999991872932
GentleBoost,train,DEMO004,0,0.00011885827059814927
GentleBoost,train,DEMO005,0,3.2495529565096906e-05
GentleBoost,train,DEMO006,1,0.999933776987951
GentleBoost,train,DEMO007,1,0.9999587793640262
GentleBoost,train,DEMO008,1,0.9999989678235313
GentleBoost,train,DEMO009,1,0.9999996594524122
GentleBoost,train,DEMO010,0,1.6777441242115506e-05
GentleBoost,train,DEMO011,0,5.016382137194183e-07
GentleBoost,train,DEMO012,1,0.9997915371675875
GentleBoost,train,DEMO013,1,0.9999997937802906
GentleBoost,train,DEMO014,0,7.010406045876484e-09
GentleBoost,train,DEMO015,0,1.6362080107333823e-07
GentleBoost,train,DEMO016,1,0.9999999919686512
GentleBoost,train,DEMO017,0,3.985662703892325e-06
GentleBoost,train,DEMO018,0,1.452712697846727e-06
GentleBoost,train,DEMO019,0,4.804841848271031e-06
GentleBoost,train,DEMO020,0,5.940098111521718e-06
GentleBoost,train,DEMO021,0,7.834441867763605e-09
GentleBoost,train,DEMO022,1,0.9999875095976523
GentleBoost,train,DEMO023,0,1.1152859621840059e-06
GentleBoost,train,DEMO024,0,4.125167893003084e-14
GentleBoost,train,DEMO025,1,0.9999936041729198
GentleBoost,train,DEMO026,0,1.510723582436293e-11
GentleBoost,train,DEMO027,0,5.961103657229639e-14
GentleBoost,train,DEMO028,0,1.9337488412767564e-06
GentleBoost,train,DEMO029,1,0.9999948235378879
GentleBoost,train,DEMO030,0,2.956093007421175e-06
GentleBoost,train,DEMO031,1,0.9999979410215579
GentleBoost,train,DEMO032,0,3.024072810404141e-06
GentleBoost,train,DEMO033,0,4.476636772349427e-06
GentleBoost,train,DEMO034,0,2.9502803968471657e-08
GentleBoost,train,DEMO035,0,4.877969550255311e-05
GentleBoost,train,DEMO036,0,1.4378902995673212e-18
GentleBoost,train,DEMO037,0,1.5463738669055566e-09
GentleBoost,train,DEMO038,1,0.9999934324408134
GentleBoost,train,DEMO039,0,1.5156872643682446e-08
GentleBoost,train,DEMO040,1,0.9999227559636689
GentleBoost,train,DEMO041,0,1.7336295881413998e-06
GentleBoost,train,DEMO042,0,2.213230299441709e-07
GentleBoost,train,DEMO043,0,7.581721289131316e-07
GentleBoost,train,DEMO044,1,0.9999998887238346
GentleBoost,train,DEMO045,0,3.0301348485565583e-05
GentleBoost,train,DEMO046,0,9.66112782120669e-08
GentleBoost,train,DEMO047,0,1.510393813846949e-05
GentleBoost,train,DEMO048,0,3.857738769276228e-06
GentleBoost,train,DEMO049,1,0.9999953411856641
GentleBoost,train,DEMO050,1,0.9999658382232959
GentleBoost,train,DEMO051,0,4.153184955359791e-14
GentleBoost,train,DEMO052,0,1.153017827772486e-07
GentleBoost,train,DEMO053,0,4.550469567325767e-10
GentleBoost,train,DEMO054,1,0.9999875033777692
GentleBoost,train,DEMO055,0,7.421052086844923e-07
GentleBoost,train,DEMO056,0,1.9973563003014272e-10
GentleBoost,train,DEMO057,0,9.578727085264846e-07
GentleBoost,train,DEMO058,0,0.00010720850100004486
GentleBoost,train,DEMO059,0,9.844892901375255e-08
GentleBoost,train,DEMO060,0,4.233310335288146e-07
GentleBoost,train,DEMO061,0,6.324992140485361e-06
GentleBoost,train,DEMO062,0,5.012579302727395e-10
GentleBoost,train,DEMO063,0,2.3625077818983936e-06
GentleBoost,train,DEMO064,1,0.9999153794383465
GentleBoost,train,DEMO065,0,6.786493935718004e-10
GentleBoost,train,DEMO066,1,0.9999889419188775
GentleBoost,train,DEMO067,0,6.768786480601068e-05
GentleBoost,train,DEMO068,0,1.006538560122547e-06
GentleBoost,train,DEMO069,0,8.575409918834638e-06
GentleBoost,train,DEMO070,0,5.731029994172502e-06
GentleBoost,train,DEMO071,1,0.9999913322965284
GentleBoost,train,DEMO072,0,7.2080769459576785e-06
GentleBoost,val,DEMO073,0,0.010756866437975812
GentleBoost,val,DEMO074,0,0.0004661190212971354
GentleBoost,val,DEMO075,1,0.006732848997162647
GentleBoost,val,DEMO076,0,0.00013589051156075583
GentleBoost,val,DEMO077,0,6.819307004869973e-05
GentleBoost,val,DEMO078,0,1.0506812149263121e-10
GentleBoost,val,DEMO079,1,0.11195149826677547
GentleBoost,val,DEMO080,0,0.9999993431536291
GentleBoost,val,DEMO081,1,2.5026343163844286e-05
GentleBoost,val,DEMO082,1,0.9999999998643765
GentleBoost,val,DEMO083,0,0.0005499793072517178
GentleBoost,val,DEMO084,0,0.9999768600680657
GentleBoost,val,DEMO085,1,0.00014782797498236202
GentleBoost,val,DEMO086,0,1.4236061510777405e-08
GentleBoost,val,DEMO087,0,0.00018197326002089944
GentleBoost,val,DEMO088,1,5.614118774658307e-05
GentleBoost,val,DEMO089,0,4.844525230250841e-10
GentleBoost,val,DEMO090,0,0.9999943030323917
GentleBoost,test1,DEMO091,1,2.5715058796431472e-05
GentleBoost,test1,DEMO092,0,2.4606720687620328e-05
GentleBoost,test1,DEMO093,0,2.097259476155025e-09
GentleBoost,test1,DEMO094,1,0.00017073433256116916
GentleBoost,test1,DEMO095,0,2.6492255773683498e-11
GentleBoost,test1,DEMO096,0,0.22233915903068174
GentleBoost,test1,DEMO097,1,3.174155079125652e-10
GentleBoost,test1,DEMO098,0,0.9999987405557117
GentleBoost,test1,DEMO099,1,1.4877354011412431e-06
GentleBoost,test1,DEMO100,0,1.7235500392609323e-05
GentleBoost,test1,DEMO101,0,8.89751712041556e-05
GentleBoost,test1,DEMO102,0,0.008282232852188766
GentleBoost,test1,DEMO103,1,0.0007089186685409224
GentleBoost,test1,DEMO104,0,1.0281848374223684e-06
GentleBoost,test1,DEMO105,1,0.9992482230126727
GentleBoost,test1,DEMO106,1,0.9982328946844415
GentleBoost,test1,DEMO107,1,5.7458816432149056e-08
GentleBoost,test1,DEMO108,0,2.0279139006470607e-10
GentleBoost,test2,DEMO109,1,1.3536395556728548e-07
GentleBoost,test2,DEMO110,0,0.6167856923790489
GentleBoost,test2,DEMO111,0,0.0013088677360379366
GentleBoost,test2,DEMO112,1,4.841821426288467e-06
GentleBoost,test2,DEMO113,1,0.9999998169545417
GentleBoost,test2,DEMO114,1,0.9988490210417121
GentleBoost,test2,DEMO115,1,1.9866817572250096e-07
GentleBoost,test2,DEMO116,0,0.024651838812660257
GentleBoost,test2,DEMO117,0,0.9980060554324224
GentleBoost,test2,DEMO118,0,3.1229799131090005e-10
GentleBoost,test2,DEMO119,1,0.000292037849680581
GentleBoost,test2,DEMO120,0,8.487342119670566e-07
LogitBoost,train,DEMO001,0,0.1564138092592444
LogitBoost,train,DEMO002,1,0.1741192843060217
LogitBoost,train,DEMO003,1,0.33453434762105294
LogitBoost,train,DEMO004,0,0.20891817908219368
LogitBoost,train,DEMO005,0,0.1741192843060217
LogitBoost,train,DEMO006,1,0.8251533324980848
LogitBoost,train,DEMO007,1,0.7927925268874966
LogitBoost,train,DEMO008,1,0.8675215479418762
LogitBoost,train,DEMO009,1,0.7671266568320313
LogitBoost,train,DEMO010,0,0.2730105529241443
LogitBoost,train,DEMO011,0,0.1741192843060217
LogitBoost,train,DEMO012,1,0.15325411339486752
LogitBoost,train,DEMO013,1,0.7387658192567498
LogitBoost,train,DEMO014,0,0.11535070807756213
LogitBoost,train,DEMO015,0,0.021479820003634995
LogitBoost,train,DEMO016,1,0.9139931970495109
LogitBoost,train,DEMO017,0,0.1564138092592444
LogitBoost,train,DEMO018,0,0.06257841439640685
LogitBoost,train,DEMO019,0,0.2098790961802672
LogitBoost,train,DEMO020,0,0.1741192843060217
LogitBoost,train,DEMO021,0,0.1564138092592444
LogitBoost,train,DEMO022,1,0.7387658192567498
LogitBoost,train,DEMO023,0,0.1741192843060217
LogitBoost,train,DEMO024,0,0.0448403577620757
LogitBoost,train,DEMO025,1,0.7387658192567498
LogitBoost,train,DEMO026,0,0.06257841439640685
LogitBoost,train,DEMO027,0,0.021479820003634995
LogitBoost,train,DEMO028,0,0.15325411339486752
LogitBoost,train,DEMO029,1,0.7387658192567498
LogitBoost,train,DEMO030,0,0.15739873565149276
LogitBoost,train,DEMO031,1,0.33453434762105294
LogitBoost,train,DEMO032,0,0.1741192843060217
LogitBoost,train,DEMO033,0,0.1741192843060217
LogitBoost,train,DEMO034,0,0.1564138092592444
LogitBoost,train,DEMO035,0,0.33453434762105294
LogitBoost,train,DEMO036,0,0.010472787970406848
LogitBoost,train,DEMO037,0,0.0448403577620757
LogitBoost,train,DEMO038,1,0.7387658192567498
LogitBoost,train,DEMO039,0,0.05619266628351139
LogitBoost,train,DEMO040,1,0.42313842460566303
LogitBoost,train,DEMO041,0,0.2098790961802672
LogitBoost,train,DEMO042,0,0.021479820003634995
LogitBoost,train,DEMO043,0,0.1564138092592444
LogitBoost,train,DEMO044,1,0.9383644354745109
LogitBoost,train,DEMO045,0,0.15325411339486752
LogitBoost,train,DEMO046,0,0.06257841439640685
LogitBoost,train,DEMO047,0,0.42313842460566303
LogitBoost,train,DEMO048,0,0.272934695642331
LogitBoost,train,DEMO049,1,0.7387658192567498
LogitBoost,train,DEMO050,1,0.33453434762105294
LogitBoost,train,DEMO051,0,0.06257841439640685
LogitBoost,train,DEMO052,0,0.1564138092592444
LogitBoost,train,DEMO053,0,0.06257841439640685
LogitBoost,train,DEMO054,1,0.4561997134877637
LogitBoost,train,DEMO055,0,0.14190219365911783
LogitBoost,train,DEMO056,0,0.02855670211582027
LogitBoost,train,DEMO057,0,0.4561997134877637
LogitBoost,train,DEMO058,0,0.1564138092592444
LogitBoost,train,DEMO059,0,0.06257841439640685
LogitBoost,train,DEMO060,0,0.3693156052246631
LogitBoost,train,DEMO061,0,0.2098790961802672
LogitBoost,train,DEMO062,0,0.06257841439640685
LogitBoost,train,DEMO063,0,0.14190219365911783
LogitBoost,train,DEMO064,1,0.4561997134877637
LogitBoost,train,DEMO065,0,0.06257841439640685
LogitBoost,train,DEMO066,1,0.9538770140759211
LogitBoost,train,DEMO067,0,0.1741192843060217
LogitBoost,train,DEMO068,0,0.1741192843060217
LogitBoost,train,DEMO069,0,0.4561997134877637
LogitBoost,train,DEMO070,0,0.20891817908219368
LogitBoost,train,DEMO071,1,0.9183863848549977
LogitBoost,train,DEMO072,0,0.5045018737075769
LogitBoost,val,DEMO073,0,0.8169130475474049
LogitBoost,val,DEMO074,0,0.5045018737075769
LogitBoost,val,DEMO075,1,0.3693156052246631
LogitBoost,val,DEMO076,0,0.1564138092592444
LogitBoost,val,DEMO077,0,0.14190219365911783
LogitBoost,val,DEMO078,0,0.510536999567865
LogitBoost,val,DEMO079,1,0.8058415578440377
LogitBoost,val,DEMO080,0,0.7671266568320313
LogitBoost,val,DEMO081,1,0.2098790961802672
LogitBoost,val,DEMO082,1,0.9973426739308376
LogitBoost,val,DEMO083,0,0.5425472195414978
LogitBoost,val,DEMO084,0,0.5045018737075769
LogitBoost,val,DEMO085,1,0.14190219365911783
LogitBoost,val,DEMO086,0,0.06257841439640685
LogitBoost,val,DEMO087,0,0.1564138092592444
LogitBoost,val,DEMO088,1,0.1564138092592444
LogitBoost,val,DEMO089,0,0.010472787970406848
LogitBoost,val,DEMO090,0,0.5045018737075769
LogitBoost,test1,DEMO091,1,0.4561997134877637
LogitBoost,test1,DEMO092,0,0.15325411339486752
LogitBoost,test1,DEMO093,0,0.2730105529241443
LogitBoost,test1,DEMO094,1,0.11535070807756213
LogitBoost,test1,DEMO095,0,0.272934695642331
LogitBoost,test1,DEMO096,0,0.15325411339486752
LogitBoost,test1,DEMO097,1,0.06257841439640685
LogitBoost,test1,DEMO098,0,0.9538770140759211
LogitBoost,test1,DEMO099,1,0.06257841439640685
LogitBoost,test1,DEMO100,0,0.15325411339486752
LogitBoost,test1,DEMO101,0,0.510536999567865
LogitBoost,test1,DEMO102,0,0.42313842460566303
LogitBoost,test1,DEMO103,1,0.272934695642331
LogitBoost,test1,DEMO104,0,0.33453434762105294
LogitBoost,test1,DEMO105,1,0.9538770140759211
LogitBoost,test1,DEMO106,1,0.7387658192567498
LogitBoost,test1,DEMO107,1,0.1741192843060217
LogitBoost,test1,DEMO108,0,0.1564138092592444
LogitBoost,test2,DEMO109,1,0.1741192843060217
LogitBoost,test2,DEMO110,0,0.15325411339486752
LogitBoost,test2,DEMO111,0,0.3693156052246631
LogitBoost,test2,DEMO112,1,0.15325411339486752
LogitBoost,test2,DEMO113,1,0.7387658192567498
LogitBoost,test2,DEMO114,1,0.4561997134877637
LogitBoost,test2,DEMO115,1,0.06257841439640685
LogitBoost,test2,DEMO116,0,0.33453434762105294
LogitBoost,test2,DEMO117,0,0.5045018737075769
LogitBoost,test2,DEMO118,0,0.06257841439640685
LogitBoost,test2,DEMO119,1,0.4561997134877637
LogitBoost,test2,DEMO120,0,0.5425472195414978
RDA,train,DEMO001,0,0.41085432765542196
RDA,train,DEMO002,1,0.2491847485857462
RDA,train,DEMO003,1,0.13815766270090188
RDA,train,DEMO004,0,0.3125176301124467
RDA,train,DEMO005,0,0.3929191189567922
RDA,train,DEMO006,1,0.4767935613505131
RDA,train,DEMO007,1,0.42150848742031227
RDA,train,DEMO008,1,0.27112264342822384
RDA,train,DEMO009,1,0.5593649583586972
RDA,train,DEMO010,0,0.2657280966814056
RDA,train,DEMO011,0,0.41214616355022077
RDA,train,DEMO012,1,0.21368006471362
RDA,train,DEMO013,1,0.3309288508516401
RDA,train,DEMO014,0,0.2171657906621699
RDA,train,DEMO015,0,0.41968457140692317
RDA,train,DEMO016,1,0.5825760886298553
RDA,train,DEMO017,0,0.43851228062305686
RDA,train,DEMO018,0,0.310754441024221
RDA,train,DEMO019,0,0.2749685499186125
RDA,train,DEMO020,0,0.1813513741208365
RDA,train,DEMO021,0,0.27436488491548333
RDA,train,DEMO022,1,0.4024217403325091
RDA,train,DEMO023,0,0.43020238595891985
RDA,train,DEMO024,0,0.1190009077793157
RDA,train,DEMO025,1,0.36913391193414974
RDA,train,DEMO026,0,0.20175130866004748
RDA,train,DEMO027,0,0.24387622771576645
RDA,train,DEMO028,0,0.11266102897188388
RDA,train,DEMO029,1,0.36235929414631557
RDA,train,DEMO030,0,0.16855590537542123
RDA,train,DEMO031,1,0.3275427159469211
RDA,train,DEMO032,0,0.3126435998443762
RDA,train,DEMO033,0,0.2204772482831558
RDA,train,DEMO034,0,0.30564707673418495
RDA,train,DEMO035,0,0.20889965073342098
RDA,train,DEMO036,0,0.19648334565356926
RDA,train,DEMO037,0,0.06594179468488637
RDA,train,DEMO038,1,0.3461466868041255
RDA,train,DEMO039,0,0.11945495682404263
RDA,train,DEMO040,1,0.29293680606893746
RDA,train,DEMO041,0,0.2603577191530547
RDA,train,DEMO042,0,0.24101395370721818
RDA,train,DEMO043,0,0.2697027507092131
RDA,train,DEMO044,1,0.5788181476265205
RDA,train,DEMO045,0,0.31367904650521494
RDA,train,DEMO046,0,0.39483640463810815
RDA,train,DEMO047,0,0.16281351848394876
RDA,train,DEMO048,0,0.4679856231911103
RDA,train,DEMO049,1,0.30526327074530785
RDA,train,DEMO050,1,0.2523556371257471
RDA,train,DEMO051,0,0.32327835985673703
RDA,train,DEMO052,0,0.16705135826999842
RDA,train,DEMO053,0,0.2075847125341693
RDA,train,DEMO054,1,0.35038884784546603
RDA,train,DEMO055,0,0.4294513564803304
RDA,train,DEMO056,0,0.20184305606280756
RDA,train,DEMO057,0,0.48901904351732134
RDA,train,DEMO058,0,0.37264925381668823
RDA,train,DEMO059,0,0.16396216853812173
RDA,train,DEMO060,0,0.42570129732240886
RDA,train,DEMO061,0,0.2500588342723106
RDA,train,DEMO062,0,0.36834236914330437
RDA,train,DEMO063,0,0.18224435189199625
RDA,train,DEMO064,1,0.28973369060901677
RDA,train,DEMO065,0,0.22050518532134952
RDA,train,DEMO066,1,0.17269156268350822
RDA,train,DEMO067,0,0.3357905925972106
RDA,train,DEMO068,0,0.3263319222689564
RDA,train,DEMO069,0,0.4839528002745956
RDA,train,DEMO070,0,0.35763419748973924
RDA,train,DEMO071,1,0.45535050531380566
RDA,train,DEMO072,0,0.22074556159366723
RDA,val,DEMO073,0,0.11753960919806512
RDA,val,DEMO074,0,0.24402842343611753
RDA,val,DEMO075,1,0.2997978096676217
RDA,val,DEMO076,0,0.22223991716440017
RDA,val,DEMO077,0,0.17691765457143013
RDA,val,DEMO078,0,0.3264936582865329
RDA,val,DEMO079,1,0.4339082989091003
RDA,val,DEMO080,0,0.5110865122379054
RDA,val,DEMO081,1,0.20169668154236015
RDA,val,DEMO082,1,0.496586232211156
RDA,val,DEMO083,0,0.34247031575637105
RDA,val,DEMO084,0,0.40166135039781836
RDA,val,DEMO085,1,0.21455943146147965
RDA,val,DEMO086,0,0.21658333244439942
RDA,val,DEMO087,0,0.36310323735375877
RDA,val,DEMO088,1,0.4539788847642455
RDA,val,DEMO089,0,0.10823997539897369
RDA,val,DEMO090,0,0.4163940475442979
RDA,test1,DEMO091,1,0.37206927688581826
RDA,test1,DEMO092,0,0.14768317283064827
RDA,test1,DEMO093,0,0.34310705068265074
RDA,test1,DEMO094,1,0.18850416338963993
RDA,test1,DEMO095,0,0.29028663909572694
RDA,test1,DEMO096,0,0.19174969633498573
RDA,test1,DEMO097,1,0.25485613686599484
RDA,test1,DEMO098,0,0.2794939503382127
RDA,test1,DEMO099,1,0.2894962682668901
RDA,test1,DEMO100,0,0.19899088129785092
RDA,test1,DEMO101,0,0.4056819489038338
RDA,test1,DEMO102,0,0.19070563946707153
RDA,test1,DEMO103,1,0.4726616853797661
RDA,test1,DEMO104,0,0.2604941986527317
RDA,test1,DEMO105,1,0.30503574999182825
RDA,test1,DEMO106,1,0.36188685877545346
RDA,test1,DEMO107,1,0.5366937148110926
RDA,test1,DEMO108,0,0.32146922221376234
RDA,test2,DEMO109,1,0.25333399544637397
RDA,test2,DEMO110,0,0.13998822626268198
RDA,test2,DEMO111,0,0.5235621615606152
RDA,test2,DEMO112,1,0.27510784044464215
RDA,test2,DEMO113,1,0.4236276310554805
RDA,test2,DEMO114,1,0.35195204754918435
RDA,test2,DEMO115,1,0.24526859410190427
RDA,test2,DEMO116,0,0.3012798523491076
RDA,test2,DEMO117,0,0.18883479756324412
RDA,test2,DEMO118,0,0.24047679693686624
RDA,test2,DEMO119,1,0.42047988059909835
RDA,test2,DEMO120,0,0.46052878361654787
